2026-05-06 18:00:55,417 - INFO - Adding job tentatively -- it will be properly scheduled when the scheduler starts
2026-05-06 18:00:55,418 - INFO - Added job "tarefa_scan_automatico" to job store "default"
2026-05-06 18:00:55,418 - INFO - Scheduler started
2026-05-06 18:00:55,419 - INFO - \U0001f680 Servidor e Agendador (5min) iniciados.
2026-05-06 18:02:42,875 - INFO - Scheduler has been shut down
2026-05-06 18:02:42,925 - INFO - \U0001f6d1 Servidor e Agendador desligados.
2026-05-06 18:02:57,626 - INFO - Adding job tentatively -- it will be properly scheduled when the scheduler starts
2026-05-06 18:02:57,628 - INFO - Added job "tarefa_scan_automatico" to job store "default"
2026-05-06 18:02:57,629 - INFO - Scheduler started
2026-05-06 18:02:57,630 - INFO - \U0001f680 Servidor e Agendador (5min) iniciados.
2026-05-06 18:04:23,074 - INFO - Scheduler has been shut down
2026-05-06 18:04:23,075 - INFO - \U0001f6d1 Servidor e Agendador desligados.
2026-05-08 11:37:35,272 - INFO - Adding job tentatively -- it will be properly scheduled when the scheduler starts
2026-05-08 11:37:35,273 - INFO - Added job "tarefa_scan_automatico" to job store "default"
2026-05-08 11:37:35,273 - INFO - Scheduler started
2026-05-08 11:37:35,274 - INFO - \U0001f680 Servidor e Agendador (5min) iniciados.
2026-05-08 11:42:35,399 - INFO - Running job "tarefa_scan_automatico (trigger: interval[0:05:00], next run at: 2026-05-08 11:47:35 -03)" (scheduled at 2026-05-08 11:42:35.271373-03:00)
2026-05-08 11:42:35,447 - INFO - \U0001f552 Automação: Iniciando varredura agendada...
2026-05-08 11:43:11,792 - INFO - \u2705 Automação: Varredura concluída com sucesso.
2026-05-08 11:43:11,795 - INFO - Job "tarefa_scan_automatico (trigger: interval[0:05:00], next run at: 2026-05-08 11:47:35 -03)" executed successfully
2026-05-08 11:47:35,337 - INFO - Running job "tarefa_scan_automatico (trigger: interval[0:05:00], next run at: 2026-05-08 11:52:35 -03)" (scheduled at 2026-05-08 11:47:35.271373-03:00)
2026-05-08 11:47:35,363 - INFO - \U0001f552 Automação: Iniciando varredura agendada...
2026-05-08 11:48:07,183 - INFO - \u2705 Automação: Varredura concluída com sucesso.
2026-05-08 11:48:07,184 - INFO - Job "tarefa_scan_automatico (trigger: interval[0:05:00], next run at: 2026-05-08 11:52:35 -03)" executed successfully
2026-05-08 11:52:35,319 - INFO - Running job "tarefa_scan_automatico (trigger: interval[0:05:00], next run at: 2026-05-08 11:57:35 -03)" (scheduled at 2026-05-08 11:52:35.271373-03:00)
2026-05-08 11:52:35,337 - INFO - \U0001f552 Automação: Iniciando varredura agendada...
2026-05-08 11:53:07,220 - INFO - \u2705 Automação: Varredura concluída com sucesso.
2026-05-08 11:53:07,223 - INFO - Job "tarefa_scan_automatico (trigger: interval[0:05:00], next run at: 2026-05-08 11:57:35 -03)" executed successfully
2026-05-08 11:57:35,303 - INFO - Running job "tarefa_scan_automatico (trigger: interval[0:05:00], next run at: 2026-05-08 12:02:35 -03)" (scheduled at 2026-05-08 11:57:35.271373-03:00)
2026-05-08 11:57:35,313 - INFO - \U0001f552 Automação: Iniciando varredura agendada...
2026-05-08 11:58:07,173 - INFO - \u2705 Automação: Varredura concluída com sucesso.
2026-05-08 11:58:07,176 - INFO - Job "tarefa_scan_automatico (trigger: interval[0:05:00], next run at: 2026-05-08 12:02:35 -03)" executed successfully
2026-05-08 12:02:35,320 - INFO - Running job "tarefa_scan_automatico (trigger: interval[0:05:00], next run at: 2026-05-08 12:07:35 -03)" (scheduled at 2026-05-08 12:02:35.271373-03:00)
2026-05-08 12:02:35,336 - INFO - \U0001f552 Automação: Iniciando varredura agendada...
2026-05-08 12:03:07,088 - INFO - \u2705 Automação: Varredura concluída com sucesso.
2026-05-08 12:03:07,090 - INFO - Job "tarefa_scan_automatico (trigger: interval[0:05:00], next run at: 2026-05-08 12:07:35 -03)" executed successfully
2026-05-08 12:07:35,282 - INFO - Running job "tarefa_scan_automatico (trigger: interval[0:05:00], next run at: 2026-05-08 12:12:35 -03)" (scheduled at 2026-05-08 12:07:35.271373-03:00)
2026-05-08 12:07:35,283 - INFO - \U0001f552 Automação: Iniciando varredura agendada...
2026-05-08 12:08:06,933 - INFO - \u2705 Automação: Varredura concluída com sucesso.
2026-05-08 12:08:06,934 - INFO - Job "tarefa_scan_automatico (trigger: interval[0:05:00], next run at: 2026-05-08 12:12:35 -03)" executed successfully
2026-05-08 12:12:35,316 - INFO - Running job "tarefa_scan_automatico (trigger: interval[0:05:00], next run at: 2026-05-08 12:17:35 -03)" (scheduled at 2026-05-08 12:12:35.271373-03:00)
2026-05-08 12:12:35,334 - INFO - \U0001f552 Automação: Iniciando varredura agendada...
2026-05-08 12:13:07,118 - INFO - \u2705 Automação: Varredura concluída com sucesso.
2026-05-08 12:13:07,120 - INFO - Job "tarefa_scan_automatico (trigger: interval[0:05:00], next run at: 2026-05-08 12:17:35 -03)" executed successfully
2026-05-08 12:17:35,295 - INFO - Running job "tarefa_scan_automatico (trigger: interval[0:05:00], next run at: 2026-05-08 12:22:35 -03)" (scheduled at 2026-05-08 12:17:35.271373-03:00)
2026-05-08 12:17:35,300 - INFO - \U0001f552 Automação: Iniciando varredura agendada...
2026-05-08 12:18:07,155 - INFO - \u2705 Automação: Varredura concluída com sucesso.
2026-05-08 12:18:07,155 - INFO - Job "tarefa_scan_automatico (trigger: interval[0:05:00], next run at: 2026-05-08 12:22:35 -03)" executed successfully
2026-05-08 12:22:18,889 - INFO - \U0001f4be Salvo: FC:52:CE:93:AB:5D como 'DIGITAL PORTA'
2026-05-08 12:22:35,297 - INFO - Running job "tarefa_scan_automatico (trigger: interval[0:05:00], next run at: 2026-05-08 12:27:35 -03)" (scheduled at 2026-05-08 12:22:35.271373-03:00)
2026-05-08 12:22:35,299 - INFO - \U0001f552 Automação: Iniciando varredura agendada...
2026-05-08 12:23:06,929 - INFO - \u2705 Automação: Varredura concluída com sucesso.
2026-05-08 12:23:06,930 - INFO - Job "tarefa_scan_automatico (trigger: interval[0:05:00], next run at: 2026-05-08 12:27:35 -03)" executed successfully
2026-05-08 12:27:35,308 - INFO - Running job "tarefa_scan_automatico (trigger: interval[0:05:00], next run at: 2026-05-08 12:32:35 -03)" (scheduled at 2026-05-08 12:27:35.271373-03:00)
2026-05-08 12:27:35,339 - INFO - \U0001f552 Automação: Iniciando varredura agendada...
2026-05-08 12:28:06,933 - INFO - \u2705 Automação: Varredura concluída com sucesso.
2026-05-08 12:28:06,934 - INFO - Job "tarefa_scan_automatico (trigger: interval[0:05:00], next run at: 2026-05-08 12:32:35 -03)" executed successfully
2026-05-08 12:32:35,306 - INFO - Running job "tarefa_scan_automatico (trigger: interval[0:05:00], next run at: 2026-05-08 12:37:35 -03)" (scheduled at 2026-05-08 12:32:35.271373-03:00)
2026-05-08 12:32:35,316 - INFO - \U0001f552 Automação: Iniciando varredura agendada...
2026-05-08 12:33:07,825 - INFO - \u2705 Automação: Varredura concluída com sucesso.
2026-05-08 12:33:07,826 - INFO - Job "tarefa_scan_automatico (trigger: interval[0:05:00], next run at: 2026-05-08 12:37:35 -03)" executed successfully
2026-05-08 12:37:35,310 - INFO - Running job "tarefa_scan_automatico (trigger: interval[0:05:00], next run at: 2026-05-08 12:42:35 -03)" (scheduled at 2026-05-08 12:37:35.271373-03:00)
2026-05-08 12:37:35,326 - INFO - \U0001f552 Automação: Iniciando varredura agendada...
2026-05-08 12:38:06,589 - INFO - \u2705 Automação: Varredura concluída com sucesso.
2026-05-08 12:38:06,591 - INFO - Job "tarefa_scan_automatico (trigger: interval[0:05:00], next run at: 2026-05-08 12:42:35 -03)" executed successfully
2026-05-08 12:42:35,289 - INFO - Running job "tarefa_scan_automatico (trigger: interval[0:05:00], next run at: 2026-05-08 12:47:35 -03)" (scheduled at 2026-05-08 12:42:35.271373-03:00)
2026-05-08 12:42:35,290 - INFO - \U0001f552 Automação: Iniciando varredura agendada...
2026-05-08 12:43:06,418 - INFO - \u2705 Automação: Varredura concluída com sucesso.
2026-05-08 12:43:06,419 - INFO - Job "tarefa_scan_automatico (trigger: interval[0:05:00], next run at: 2026-05-08 12:47:35 -03)" executed successfully
2026-05-08 12:47:35,294 - INFO - Running job "tarefa_scan_automatico (trigger: interval[0:05:00], next run at: 2026-05-08 12:52:35 -03)" (scheduled at 2026-05-08 12:47:35.271373-03:00)
2026-05-08 12:47:35,297 - INFO - \U0001f552 Automação: Iniciando varredura agendada...
2026-05-08 12:48:06,310 - INFO - \u2705 Automação: Varredura concluída com sucesso.
2026-05-08 12:48:06,310 - INFO - Job "tarefa_scan_automatico (trigger: interval[0:05:00], next run at: 2026-05-08 12:52:35 -03)" executed successfully
2026-05-08 12:52:35,318 - INFO - Running job "tarefa_scan_automatico (trigger: interval[0:05:00], next run at: 2026-05-08 12:57:35 -03)" (scheduled at 2026-05-08 12:52:35.271373-03:00)
2026-05-08 12:52:35,333 - INFO - \U0001f552 Automação: Iniciando varredura agendada...
2026-05-08 12:53:06,987 - INFO - \u2705 Automação: Varredura concluída com sucesso.
2026-05-08 12:53:06,987 - INFO - Job "tarefa_scan_automatico (trigger: interval[0:05:00], next run at: 2026-05-08 12:57:35 -03)" executed successfully
2026-05-08 12:57:35,310 - INFO - Running job "tarefa_scan_automatico (trigger: interval[0:05:00], next run at: 2026-05-08 13:02:35 -03)" (scheduled at 2026-05-08 12:57:35.271373-03:00)
2026-05-08 12:57:35,328 - INFO - \U0001f552 Automação: Iniciando varredura agendada...
2026-05-08 12:58:07,068 - INFO - \u2705 Automação: Varredura concluída com sucesso.
2026-05-08 12:58:07,069 - INFO - Job "tarefa_scan_automatico (trigger: interval[0:05:00], next run at: 2026-05-08 13:02:35 -03)" executed successfully
2026-05-08 13:02:35,353 - INFO - Running job "tarefa_scan_automatico (trigger: interval[0:05:00], next run at: 2026-05-08 13:07:35 -03)" (scheduled at 2026-05-08 13:02:35.271373-03:00)
2026-05-08 13:02:35,375 - INFO - \U0001f552 Automação: Iniciando varredura agendada...
2026-05-08 13:03:07,578 - INFO - \u2705 Automação: Varredura concluída com sucesso.
2026-05-08 13:03:07,581 - INFO - Job "tarefa_scan_automatico (trigger: interval[0:05:00], next run at: 2026-05-08 13:07:35 -03)" executed successfully
2026-05-08 13:07:35,329 - INFO - Running job "tarefa_scan_automatico (trigger: interval[0:05:00], next run at: 2026-05-08 13:12:35 -03)" (scheduled at 2026-05-08 13:07:35.271373-03:00)
2026-05-08 13:07:35,351 - INFO - \U0001f552 Automação: Iniciando varredura agendada...
2026-05-08 13:08:07,052 - INFO - \u2705 Automação: Varredura concluída com sucesso.
2026-05-08 13:08:07,053 - INFO - Job "tarefa_scan_automatico (trigger: interval[0:05:00], next run at: 2026-05-08 13:12:35 -03)" executed successfully
2026-05-08 13:12:35,312 - INFO - Running job "tarefa_scan_automatico (trigger: interval[0:05:00], next run at: 2026-05-08 13:17:35 -03)" (scheduled at 2026-05-08 13:12:35.271373-03:00)
2026-05-08 13:12:35,326 - INFO - \U0001f552 Automação: Iniciando varredura agendada...
2026-05-08 13:13:06,535 - INFO - \u2705 Automação: Varredura concluída com sucesso.
2026-05-08 13:13:06,536 - INFO - Job "tarefa_scan_automatico (trigger: interval[0:05:00], next run at: 2026-05-08 13:17:35 -03)" executed successfully
2026-05-08 13:17:35,285 - INFO - Running job "tarefa_scan_automatico (trigger: interval[0:05:00], next run at: 2026-05-08 13:22:35 -03)" (scheduled at 2026-05-08 13:17:35.271373-03:00)
2026-05-08 13:17:35,287 - INFO - \U0001f552 Automação: Iniciando varredura agendada...
2026-05-08 13:18:06,532 - INFO - \u2705 Automação: Varredura concluída com sucesso.
2026-05-08 13:18:06,532 - INFO - Job "tarefa_scan_automatico (trigger: interval[0:05:00], next run at: 2026-05-08 13:22:35 -03)" executed successfully
2026-05-08 13:22:35,289 - INFO - Running job "tarefa_scan_automatico (trigger: interval[0:05:00], next run at: 2026-05-08 13:27:35 -03)" (scheduled at 2026-05-08 13:22:35.271373-03:00)
2026-05-08 13:22:35,291 - INFO - \U0001f552 Automação: Iniciando varredura agendada...
2026-05-08 13:23:06,441 - INFO - \u2705 Automação: Varredura concluída com sucesso.
2026-05-08 13:23:06,441 - INFO - Job "tarefa_scan_automatico (trigger: interval[0:05:00], next run at: 2026-05-08 13:27:35 -03)" executed successfully
2026-05-08 13:27:35,285 - INFO - Running job "tarefa_scan_automatico (trigger: interval[0:05:00], next run at: 2026-05-08 13:32:35 -03)" (scheduled at 2026-05-08 13:27:35.271373-03:00)
2026-05-08 13:27:35,285 - INFO - \U0001f552 Automação: Iniciando varredura agendada...
2026-05-08 13:28:06,565 - INFO - \u2705 Automação: Varredura concluída com sucesso.
2026-05-08 13:28:06,565 - INFO - Job "tarefa_scan_automatico (trigger: interval[0:05:00], next run at: 2026-05-08 13:32:35 -03)" executed successfully
2026-05-08 13:32:35,278 - INFO - Running job "tarefa_scan_automatico (trigger: interval[0:05:00], next run at: 2026-05-08 13:37:35 -03)" (scheduled at 2026-05-08 13:32:35.271373-03:00)
2026-05-08 13:32:35,278 - INFO - \U0001f552 Automação: Iniciando varredura agendada...
2026-05-08 13:33:06,444 - INFO - \u2705 Automação: Varredura concluída com sucesso.
2026-05-08 13:33:06,445 - INFO - Job "tarefa_scan_automatico (trigger: interval[0:05:00], next run at: 2026-05-08 13:37:35 -03)" executed successfully
2026-05-08 13:37:35,295 - INFO - Running job "tarefa_scan_automatico (trigger: interval[0:05:00], next run at: 2026-05-08 13:42:35 -03)" (scheduled at 2026-05-08 13:37:35.271373-03:00)
2026-05-08 13:37:35,300 - INFO - \U0001f552 Automação: Iniciando varredura agendada...
2026-05-08 13:38:06,621 - INFO - \u2705 Automação: Varredura concluída com sucesso.
2026-05-08 13:38:06,622 - INFO - Job "tarefa_scan_automatico (trigger: interval[0:05:00], next run at: 2026-05-08 13:42:35 -03)" executed successfully
2026-05-08 13:42:35,280 - INFO - Running job "tarefa_scan_automatico (trigger: interval[0:05:00], next run at: 2026-05-08 13:47:35 -03)" (scheduled at 2026-05-08 13:42:35.271373-03:00)
2026-05-08 13:42:35,282 - INFO - \U0001f552 Automação: Iniciando varredura agendada...
2026-05-08 13:43:07,297 - INFO - \u2705 Automação: Varredura concluída com sucesso.
2026-05-08 13:43:07,298 - INFO - Job "tarefa_scan_automatico (trigger: interval[0:05:00], next run at: 2026-05-08 13:47:35 -03)" executed successfully
2026-05-08 13:47:35,289 - INFO - Running job "tarefa_scan_automatico (trigger: interval[0:05:00], next run at: 2026-05-08 13:52:35 -03)" (scheduled at 2026-05-08 13:47:35.271373-03:00)
2026-05-08 13:47:35,291 - INFO - \U0001f552 Automação: Iniciando varredura agendada...
2026-05-08 13:48:06,437 - INFO - \u2705 Automação: Varredura concluída com sucesso.
2026-05-08 13:48:06,440 - INFO - Job "tarefa_scan_automatico (trigger: interval[0:05:00], next run at: 2026-05-08 13:52:35 -03)" executed successfully
2026-05-08 13:52:35,287 - INFO - Running job "tarefa_scan_automatico (trigger: interval[0:05:00], next run at: 2026-05-08 13:57:35 -03)" (scheduled at 2026-05-08 13:52:35.271373-03:00)
2026-05-08 13:52:35,294 - INFO - \U0001f552 Automação: Iniciando varredura agendada...
2026-05-08 13:53:10,055 - INFO - \u2705 Automação: Varredura concluída com sucesso.
2026-05-08 13:53:10,056 - INFO - Job "tarefa_scan_automatico (trigger: interval[0:05:00], next run at: 2026-05-08 13:57:35 -03)" executed successfully
2026-05-08 13:57:35,309 - INFO - Running job "tarefa_scan_automatico (trigger: interval[0:05:00], next run at: 2026-05-08 14:02:35 -03)" (scheduled at 2026-05-08 13:57:35.271373-03:00)
2026-05-08 13:57:35,324 - INFO - \U0001f552 Automação: Iniciando varredura agendada...
2026-05-08 13:58:07,251 - INFO - \u2705 Automação: Varredura concluída com sucesso.
2026-05-08 13:58:07,252 - INFO - Job "tarefa_scan_automatico (trigger: interval[0:05:00], next run at: 2026-05-08 14:02:35 -03)" executed successfully
2026-05-08 14:02:35,295 - INFO - Running job "tarefa_scan_automatico (trigger: interval[0:05:00], next run at: 2026-05-08 14:07:35 -03)" (scheduled at 2026-05-08 14:02:35.271373-03:00)
2026-05-08 14:02:35,303 - INFO - \U0001f552 Automação: Iniciando varredura agendada...
2026-05-08 14:03:07,083 - INFO - \u2705 Automação: Varredura concluída com sucesso.
2026-05-08 14:03:07,085 - INFO - Job "tarefa_scan_automatico (trigger: interval[0:05:00], next run at: 2026-05-08 14:07:35 -03)" executed successfully
2026-05-08 14:07:35,284 - INFO - Running job "tarefa_scan_automatico (trigger: interval[0:05:00], next run at: 2026-05-08 14:12:35 -03)" (scheduled at 2026-05-08 14:07:35.271373-03:00)
2026-05-08 14:07:35,288 - INFO - \U0001f552 Automação: Iniciando varredura agendada...
2026-05-08 14:08:06,836 - INFO - \u2705 Automação: Varredura concluída com sucesso.
2026-05-08 14:08:06,837 - INFO - Job "tarefa_scan_automatico (trigger: interval[0:05:00], next run at: 2026-05-08 14:12:35 -03)" executed successfully
2026-05-08 14:12:35,322 - INFO - Running job "tarefa_scan_automatico (trigger: interval[0:05:00], next run at: 2026-05-08 14:17:35 -03)" (scheduled at 2026-05-08 14:12:35.271373-03:00)
2026-05-08 14:12:35,338 - INFO - \U0001f552 Automação: Iniciando varredura agendada...
2026-05-08 14:13:07,266 - INFO - \u2705 Automação: Varredura concluída com sucesso.
2026-05-08 14:13:07,269 - INFO - Job "tarefa_scan_automatico (trigger: interval[0:05:00], next run at: 2026-05-08 14:17:35 -03)" executed successfully
2026-05-08 14:17:35,331 - INFO - Running job "tarefa_scan_automatico (trigger: interval[0:05:00], next run at: 2026-05-08 14:22:35 -03)" (scheduled at 2026-05-08 14:17:35.271373-03:00)
2026-05-08 14:17:35,360 - INFO - \U0001f552 Automação: Iniciando varredura agendada...
2026-05-08 14:18:07,750 - INFO - \u2705 Automação: Varredura concluída com sucesso.
2026-05-08 14:18:07,756 - INFO - Job "tarefa_scan_automatico (trigger: interval[0:05:00], next run at: 2026-05-08 14:22:35 -03)" executed successfully
2026-05-08 14:22:35,333 - INFO - Running job "tarefa_scan_automatico (trigger: interval[0:05:00], next run at: 2026-05-08 14:27:35 -03)" (scheduled at 2026-05-08 14:22:35.271373-03:00)
2026-05-08 14:22:35,360 - INFO - \U0001f552 Automação: Iniciando varredura agendada...
2026-05-08 14:23:08,248 - INFO - \u2705 Automação: Varredura concluída com sucesso.
2026-05-08 14:23:08,251 - INFO - Job "tarefa_scan_automatico (trigger: interval[0:05:00], next run at: 2026-05-08 14:27:35 -03)" executed successfully
2026-05-08 14:27:35,422 - INFO - Running job "tarefa_scan_automatico (trigger: interval[0:05:00], next run at: 2026-05-08 14:27:35 -03)" (scheduled at 2026-05-08 14:27:35.271373-03:00)
2026-05-08 14:27:35,488 - INFO - \U0001f552 Automação: Iniciando varredura agendada...
2026-05-08 14:28:08,460 - INFO - \u2705 Automação: Varredura concluída com sucesso.
2026-05-08 14:28:08,464 - INFO - Job "tarefa_scan_automatico (trigger: interval[0:05:00], next run at: 2026-05-08 14:32:35 -03)" executed successfully
2026-05-08 14:32:35,453 - INFO - Running job "tarefa_scan_automatico (trigger: interval[0:05:00], next run at: 2026-05-08 14:37:35 -03)" (scheduled at 2026-05-08 14:32:35.271373-03:00)
2026-05-08 14:32:35,527 - INFO - \U0001f552 Automação: Iniciando varredura agendada...
2026-05-08 14:33:09,006 - INFO - \u2705 Automação: Varredura concluída com sucesso.
2026-05-08 14:33:09,008 - INFO - Job "tarefa_scan_automatico (trigger: interval[0:05:00], next run at: 2026-05-08 14:37:35 -03)" executed successfully
2026-05-08 14:37:35,425 - INFO - Running job "tarefa_scan_automatico (trigger: interval[0:05:00], next run at: 2026-05-08 14:42:35 -03)" (scheduled at 2026-05-08 14:37:35.271373-03:00)
2026-05-08 14:37:35,506 - INFO - \U0001f552 Automação: Iniciando varredura agendada...
2026-05-08 14:38:08,139 - INFO - \u2705 Automação: Varredura concluída com sucesso.
2026-05-08 14:38:08,143 - INFO - Job "tarefa_scan_automatico (trigger: interval[0:05:00], next run at: 2026-05-08 14:42:35 -03)" executed successfully
2026-05-08 14:42:35,289 - INFO - Running job "tarefa_scan_automatico (trigger: interval[0:05:00], next run at: 2026-05-08 14:47:35 -03)" (scheduled at 2026-05-08 14:42:35.271373-03:00)
2026-05-08 14:42:35,291 - INFO - \U0001f552 Automação: Iniciando varredura agendada...
2026-05-08 14:43:06,655 - INFO - \u2705 Automação: Varredura concluída com sucesso.
2026-05-08 14:43:06,655 - INFO - Job "tarefa_scan_automatico (trigger: interval[0:05:00], next run at: 2026-05-08 14:47:35 -03)" executed successfully
2026-05-08 14:47:35,277 - INFO - Running job "tarefa_scan_automatico (trigger: interval[0:05:00], next run at: 2026-05-08 14:52:35 -03)" (scheduled at 2026-05-08 14:47:35.271373-03:00)
2026-05-08 14:47:35,278 - INFO - \U0001f552 Automação: Iniciando varredura agendada...
2026-05-08 14:48:06,271 - INFO - \u2705 Automação: Varredura concluída com sucesso.
2026-05-08 14:48:06,271 - INFO - Job "tarefa_scan_automatico (trigger: interval[0:05:00], next run at: 2026-05-08 14:52:35 -03)" executed successfully
2026-05-08 14:52:35,275 - INFO - Running job "tarefa_scan_automatico (trigger: interval[0:05:00], next run at: 2026-05-08 14:57:35 -03)" (scheduled at 2026-05-08 14:52:35.271373-03:00)
2026-05-08 14:52:35,277 - INFO - \U0001f552 Automação: Iniciando varredura agendada...
2026-05-08 14:53:06,380 - INFO - \u2705 Automação: Varredura concluída com sucesso.
2026-05-08 14:53:06,380 - INFO - Job "tarefa_scan_automatico (trigger: interval[0:05:00], next run at: 2026-05-08 14:57:35 -03)" executed successfully
2026-05-08 14:57:35,304 - INFO - Running job "tarefa_scan_automatico (trigger: interval[0:05:00], next run at: 2026-05-08 15:02:35 -03)" (scheduled at 2026-05-08 14:57:35.271373-03:00)
2026-05-08 14:57:35,319 - INFO - \U0001f552 Automação: Iniciando varredura agendada...
2026-05-08 14:58:07,574 - INFO - \u2705 Automação: Varredura concluída com sucesso.
2026-05-08 14:58:07,577 - INFO - Job "tarefa_scan_automatico (trigger: interval[0:05:00], next run at: 2026-05-08 15:02:35 -03)" executed successfully
2026-05-08 15:02:35,324 - INFO - Running job "tarefa_scan_automatico (trigger: interval[0:05:00], next run at: 2026-05-08 15:07:35 -03)" (scheduled at 2026-05-08 15:02:35.271373-03:00)
2026-05-08 15:02:35,354 - INFO - \U0001f552 Automação: Iniciando varredura agendada...
2026-05-08 15:03:08,275 - INFO - \u2705 Automação: Varredura concluída com sucesso.
2026-05-08 15:03:08,279 - INFO - Job "tarefa_scan_automatico (trigger: interval[0:05:00], next run at: 2026-05-08 15:07:35 -03)" executed successfully
2026-05-08 15:07:35,323 - INFO - Running job "tarefa_scan_automatico (trigger: interval[0:05:00], next run at: 2026-05-08 15:12:35 -03)" (scheduled at 2026-05-08 15:07:35.271373-03:00)
2026-05-08 15:07:35,359 - INFO - \U0001f552 Automação: Iniciando varredura agendada...
2026-05-08 15:08:09,170 - INFO - \u2705 Automação: Varredura concluída com sucesso.
2026-05-08 15:08:09,173 - INFO - Job "tarefa_scan_automatico (trigger: interval[0:05:00], next run at: 2026-05-08 15:12:35 -03)" executed successfully
2026-05-08 15:12:35,289 - INFO - Running job "tarefa_scan_automatico (trigger: interval[0:05:00], next run at: 2026-05-08 15:17:35 -03)" (scheduled at 2026-05-08 15:12:35.271373-03:00)
2026-05-08 15:12:35,294 - INFO - \U0001f552 Automação: Iniciando varredura agendada...
2026-05-08 15:13:07,050 - INFO - \u2705 Automação: Varredura concluída com sucesso.
2026-05-08 15:13:07,051 - INFO - Job "tarefa_scan_automatico (trigger: interval[0:05:00], next run at: 2026-05-08 15:17:35 -03)" executed successfully
2026-05-08 15:17:35,383 - INFO - Running job "tarefa_scan_automatico (trigger: interval[0:05:00], next run at: 2026-05-08 15:22:35 -03)" (scheduled at 2026-05-08 15:17:35.271373-03:00)
2026-05-08 15:17:35,430 - INFO - \U0001f552 Automação: Iniciando varredura agendada...
2026-05-08 15:18:09,562 - INFO - \u2705 Automação: Varredura concluída com sucesso.
2026-05-08 15:18:09,568 - INFO - Job "tarefa_scan_automatico (trigger: interval[0:05:00], next run at: 2026-05-08 15:22:35 -03)" executed successfully
2026-05-08 15:22:35,316 - INFO - Running job "tarefa_scan_automatico (trigger: interval[0:05:00], next run at: 2026-05-08 15:27:35 -03)" (scheduled at 2026-05-08 15:22:35.271373-03:00)
2026-05-08 15:22:35,329 - INFO - \U0001f552 Automação: Iniciando varredura agendada...
2026-05-08 15:23:06,974 - INFO - \u2705 Automação: Varredura concluída com sucesso.
2026-05-08 15:23:06,975 - INFO - Job "tarefa_scan_automatico (trigger: interval[0:05:00], next run at: 2026-05-08 15:27:35 -03)" executed successfully
2026-05-08 15:27:35,305 - INFO - Running job "tarefa_scan_automatico (trigger: interval[0:05:00], next run at: 2026-05-08 15:32:35 -03)" (scheduled at 2026-05-08 15:27:35.271373-03:00)
2026-05-08 15:27:35,322 - INFO - \U0001f552 Automação: Iniciando varredura agendada...
2026-05-08 15:28:06,682 - INFO - \u2705 Automação: Varredura concluída com sucesso.
2026-05-08 15:28:06,685 - INFO - Job "tarefa_scan_automatico (trigger: interval[0:05:00], next run at: 2026-05-08 15:32:35 -03)" executed successfully
2026-05-08 15:32:35,290 - INFO - Running job "tarefa_scan_automatico (trigger: interval[0:05:00], next run at: 2026-05-08 15:37:35 -03)" (scheduled at 2026-05-08 15:32:35.271373-03:00)
2026-05-08 15:32:35,290 - INFO - \U0001f552 Automação: Iniciando varredura agendada...
2026-05-08 15:33:06,554 - INFO - \u2705 Automação: Varredura concluída com sucesso.
2026-05-08 15:33:06,558 - INFO - Job "tarefa_scan_automatico (trigger: interval[0:05:00], next run at: 2026-05-08 15:37:35 -03)" executed successfully
2026-05-08 15:37:35,328 - INFO - Running job "tarefa_scan_automatico (trigger: interval[0:05:00], next run at: 2026-05-08 15:42:35 -03)" (scheduled at 2026-05-08 15:37:35.271373-03:00)
2026-05-08 15:37:35,348 - INFO - \U0001f552 Automação: Iniciando varredura agendada...
2026-05-08 15:38:06,835 - INFO - \u2705 Automação: Varredura concluída com sucesso.
2026-05-08 15:38:06,836 - INFO - Job "tarefa_scan_automatico (trigger: interval[0:05:00], next run at: 2026-05-08 15:42:35 -03)" executed successfully
2026-05-08 15:42:35,315 - INFO - Running job "tarefa_scan_automatico (trigger: interval[0:05:00], next run at: 2026-05-08 15:47:35 -03)" (scheduled at 2026-05-08 15:42:35.271373-03:00)
2026-05-08 15:42:35,335 - INFO - \U0001f552 Automação: Iniciando varredura agendada...
2026-05-08 15:43:06,929 - INFO - \u2705 Automação: Varredura concluída com sucesso.
2026-05-08 15:43:06,930 - INFO - Job "tarefa_scan_automatico (trigger: interval[0:05:00], next run at: 2026-05-08 15:47:35 -03)" executed successfully
2026-05-08 15:47:35,285 - INFO - Running job "tarefa_scan_automatico (trigger: interval[0:05:00], next run at: 2026-05-08 15:52:35 -03)" (scheduled at 2026-05-08 15:47:35.271373-03:00)
2026-05-08 15:47:35,286 - INFO - \U0001f552 Automação: Iniciando varredura agendada...
2026-05-08 15:48:08,923 - INFO - \u2705 Automação: Varredura concluída com sucesso.
2026-05-08 15:48:08,924 - INFO - Job "tarefa_scan_automatico (trigger: interval[0:05:00], next run at: 2026-05-08 15:52:35 -03)" executed successfully
2026-05-08 15:52:35,279 - INFO - Running job "tarefa_scan_automatico (trigger: interval[0:05:00], next run at: 2026-05-08 15:57:35 -03)" (scheduled at 2026-05-08 15:52:35.271373-03:00)
2026-05-08 15:52:35,622 - INFO - \U0001f552 Automação: Iniciando varredura agendada...
2026-05-08 15:53:07,197 - INFO - \u2705 Automação: Varredura concluída com sucesso.
2026-05-08 15:53:07,199 - INFO - Job "tarefa_scan_automatico (trigger: interval[0:05:00], next run at: 2026-05-08 15:57:35 -03)" executed successfully
2026-05-08 15:57:35,275 - INFO - Running job "tarefa_scan_automatico (trigger: interval[0:05:00], next run at: 2026-05-08 16:02:35 -03)" (scheduled at 2026-05-08 15:57:35.271373-03:00)
2026-05-08 15:57:35,276 - INFO - \U0001f552 Automação: Iniciando varredura agendada...
2026-05-08 15:58:08,871 - INFO - \u2705 Automação: Varredura concluída com sucesso.
2026-05-08 15:58:08,872 - INFO - Job "tarefa_scan_automatico (trigger: interval[0:05:00], next run at: 2026-05-08 16:02:35 -03)" executed successfully
2026-05-08 16:02:35,279 - INFO - Running job "tarefa_scan_automatico (trigger: interval[0:05:00], next run at: 2026-05-08 16:07:35 -03)" (scheduled at 2026-05-08 16:02:35.271373-03:00)
2026-05-08 16:02:35,279 - INFO - \U0001f552 Automação: Iniciando varredura agendada...
2026-05-08 16:03:06,618 - INFO - \u2705 Automação: Varredura concluída com sucesso.
2026-05-08 16:03:06,618 - INFO - Job "tarefa_scan_automatico (trigger: interval[0:05:00], next run at: 2026-05-08 16:07:35 -03)" executed successfully
2026-05-08 16:07:35,278 - INFO - Running job "tarefa_scan_automatico (trigger: interval[0:05:00], next run at: 2026-05-08 16:12:35 -03)" (scheduled at 2026-05-08 16:07:35.271373-03:00)
2026-05-08 16:07:35,279 - INFO - \U0001f552 Automação: Iniciando varredura agendada...
2026-05-08 16:08:06,811 - INFO - \u2705 Automação: Varredura concluída com sucesso.
2026-05-08 16:08:06,811 - INFO - Job "tarefa_scan_automatico (trigger: interval[0:05:00], next run at: 2026-05-08 16:12:35 -03)" executed successfully
2026-05-08 16:12:35,275 - INFO - Running job "tarefa_scan_automatico (trigger: interval[0:05:00], next run at: 2026-05-08 16:17:35 -03)" (scheduled at 2026-05-08 16:12:35.271373-03:00)
2026-05-08 16:12:35,277 - INFO - \U0001f552 Automação: Iniciando varredura agendada...
2026-05-08 16:13:06,680 - INFO - \u2705 Automação: Varredura concluída com sucesso.
2026-05-08 16:13:06,681 - INFO - Job "tarefa_scan_automatico (trigger: interval[0:05:00], next run at: 2026-05-08 16:17:35 -03)" executed successfully
2026-05-08 16:17:35,288 - INFO - Running job "tarefa_scan_automatico (trigger: interval[0:05:00], next run at: 2026-05-08 16:22:35 -03)" (scheduled at 2026-05-08 16:17:35.271373-03:00)
2026-05-08 16:17:35,289 - INFO - \U0001f552 Automação: Iniciando varredura agendada...
2026-05-08 16:18:06,814 - INFO - \u2705 Automação: Varredura concluída com sucesso.
2026-05-08 16:18:06,814 - INFO - Job "tarefa_scan_automatico (trigger: interval[0:05:00], next run at: 2026-05-08 16:22:35 -03)" executed successfully
2026-05-08 16:22:35,274 - INFO - Running job "tarefa_scan_automatico (trigger: interval[0:05:00], next run at: 2026-05-08 16:27:35 -03)" (scheduled at 2026-05-08 16:22:35.271373-03:00)
2026-05-08 16:22:35,277 - INFO - \U0001f552 Automação: Iniciando varredura agendada...
2026-05-08 16:23:06,588 - INFO - \u2705 Automação: Varredura concluída com sucesso.
2026-05-08 16:23:06,589 - INFO - Job "tarefa_scan_automatico (trigger: interval[0:05:00], next run at: 2026-05-08 16:27:35 -03)" executed successfully
2026-05-08 16:27:35,288 - INFO - Running job "tarefa_scan_automatico (trigger: interval[0:05:00], next run at: 2026-05-08 16:32:35 -03)" (scheduled at 2026-05-08 16:27:35.271373-03:00)
2026-05-08 16:27:35,290 - INFO - \U0001f552 Automação: Iniciando varredura agendada...
2026-05-08 16:28:06,672 - INFO - \u2705 Automação: Varredura concluída com sucesso.
2026-05-08 16:28:06,673 - INFO - Job "tarefa_scan_automatico (trigger: interval[0:05:00], next run at: 2026-05-08 16:32:35 -03)" executed successfully
2026-05-08 16:32:35,287 - INFO - Running job "tarefa_scan_automatico (trigger: interval[0:05:00], next run at: 2026-05-08 16:37:35 -03)" (scheduled at 2026-05-08 16:32:35.271373-03:00)
2026-05-08 16:32:35,289 - INFO - \U0001f552 Automação: Iniciando varredura agendada...
2026-05-08 16:33:06,637 - INFO - \u2705 Automação: Varredura concluída com sucesso.
2026-05-08 16:33:06,637 - INFO - Job "tarefa_scan_automatico (trigger: interval[0:05:00], next run at: 2026-05-08 16:37:35 -03)" executed successfully
2026-05-08 16:37:35,306 - INFO - Running job "tarefa_scan_automatico (trigger: interval[0:05:00], next run at: 2026-05-08 16:42:35 -03)" (scheduled at 2026-05-08 16:37:35.271373-03:00)
2026-05-08 16:37:35,315 - INFO - \U0001f552 Automação: Iniciando varredura agendada...
2026-05-08 16:38:06,547 - INFO - \u2705 Automação: Varredura concluída com sucesso.
2026-05-08 16:38:06,548 - INFO - Job "tarefa_scan_automatico (trigger: interval[0:05:00], next run at: 2026-05-08 16:42:35 -03)" executed successfully
2026-05-08 16:42:35,280 - INFO - Running job "tarefa_scan_automatico (trigger: interval[0:05:00], next run at: 2026-05-08 16:47:35 -03)" (scheduled at 2026-05-08 16:42:35.271373-03:00)
2026-05-08 16:42:35,283 - INFO - \U0001f552 Automação: Iniciando varredura agendada...
2026-05-08 16:43:06,366 - INFO - \u2705 Automação: Varredura concluída com sucesso.
2026-05-08 16:43:06,366 - INFO - Job "tarefa_scan_automatico (trigger: interval[0:05:00], next run at: 2026-05-08 16:47:35 -03)" executed successfully
2026-05-08 16:47:35,277 - INFO - Running job "tarefa_scan_automatico (trigger: interval[0:05:00], next run at: 2026-05-08 16:52:35 -03)" (scheduled at 2026-05-08 16:47:35.271373-03:00)
2026-05-08 16:47:35,278 - INFO - \U0001f552 Automação: Iniciando varredura agendada...
2026-05-08 16:48:06,444 - INFO - \u2705 Automação: Varredura concluída com sucesso.
2026-05-08 16:48:06,444 - INFO - Job "tarefa_scan_automatico (trigger: interval[0:05:00], next run at: 2026-05-08 16:52:35 -03)" executed successfully
2026-05-08 16:52:35,280 - INFO - Running job "tarefa_scan_automatico (trigger: interval[0:05:00], next run at: 2026-05-08 16:57:35 -03)" (scheduled at 2026-05-08 16:52:35.271373-03:00)
2026-05-08 16:52:35,281 - INFO - \U0001f552 Automação: Iniciando varredura agendada...
2026-05-08 16:53:06,374 - INFO - \u2705 Automação: Varredura concluída com sucesso.
2026-05-08 16:53:06,374 - INFO - Job "tarefa_scan_automatico (trigger: interval[0:05:00], next run at: 2026-05-08 16:57:35 -03)" executed successfully
2026-05-08 16:57:35,284 - INFO - Running job "tarefa_scan_automatico (trigger: interval[0:05:00], next run at: 2026-05-08 17:02:35 -03)" (scheduled at 2026-05-08 16:57:35.271373-03:00)
2026-05-08 16:57:35,290 - INFO - \U0001f552 Automação: Iniciando varredura agendada...
2026-05-08 16:58:06,455 - INFO - \u2705 Automação: Varredura concluída com sucesso.
2026-05-08 16:58:06,455 - INFO - Job "tarefa_scan_automatico (trigger: interval[0:05:00], next run at: 2026-05-08 17:02:35 -03)" executed successfully
2026-05-08 17:02:35,278 - INFO - Running job "tarefa_scan_automatico (trigger: interval[0:05:00], next run at: 2026-05-08 17:07:35 -03)" (scheduled at 2026-05-08 17:02:35.271373-03:00)
2026-05-08 17:02:35,279 - INFO - \U0001f552 Automação: Iniciando varredura agendada...
2026-05-08 17:03:06,462 - INFO - \u2705 Automação: Varredura concluída com sucesso.
2026-05-08 17:03:06,462 - INFO - Job "tarefa_scan_automatico (trigger: interval[0:05:00], next run at: 2026-05-08 17:07:35 -03)" executed successfully
2026-05-08 17:07:35,281 - INFO - Running job "tarefa_scan_automatico (trigger: interval[0:05:00], next run at: 2026-05-08 17:12:35 -03)" (scheduled at 2026-05-08 17:07:35.271373-03:00)
2026-05-08 17:07:35,282 - INFO - \U0001f552 Automação: Iniciando varredura agendada...
2026-05-08 17:08:06,423 - INFO - \u2705 Automação: Varredura concluída com sucesso.
2026-05-08 17:08:06,423 - INFO - Job "tarefa_scan_automatico (trigger: interval[0:05:00], next run at: 2026-05-08 17:12:35 -03)" executed successfully
2026-05-08 17:12:35,372 - INFO - Running job "tarefa_scan_automatico (trigger: interval[0:05:00], next run at: 2026-05-08 17:17:35 -03)" (scheduled at 2026-05-08 17:12:35.271373-03:00)
2026-05-08 17:12:35,421 - INFO - \U0001f552 Automação: Iniciando varredura agendada...
2026-05-08 17:13:07,970 - INFO - \u2705 Automação: Varredura concluída com sucesso.
2026-05-08 17:13:07,976 - INFO - Job "tarefa_scan_automatico (trigger: interval[0:05:00], next run at: 2026-05-08 17:17:35 -03)" executed successfully
2026-05-13 12:34:20,456 - INFO - Adding job tentatively -- it will be properly scheduled when the scheduler starts
2026-05-13 12:34:20,457 - INFO - Added job "tarefa_scan_automatico" to job store "default"
2026-05-13 12:34:20,457 - INFO - Scheduler started
2026-05-13 12:34:20,459 - INFO - \U0001f680 Servidor e Agendador (5min) iniciados.
2026-05-13 12:39:20,471 - INFO - Running job "tarefa_scan_automatico (trigger: interval[0:05:00], next run at: 2026-05-13 12:39:20 -03)" (scheduled at 2026-05-13 12:39:20.455530-03:00)
2026-05-13 12:39:20,472 - INFO - \U0001f552 Automação: Iniciando varredura agendada...
2026-05-13 12:39:56,093 - INFO - \u2705 Automação: Varredura concluída com sucesso.
2026-05-13 12:39:56,093 - INFO - Job "tarefa_scan_automatico (trigger: interval[0:05:00], next run at: 2026-05-13 12:44:20 -03)" executed successfully
2026-05-13 12:41:02,133 - INFO - \U0001f4be Salvo: 98:25:4A:5C:22:48 como 'PARASU139'
2026-05-13 12:41:23,661 - INFO - \U0001f4be Salvo: 98:25:4A:5C:22:48 como 'PARASU139'
2026-05-13 12:42:36,989 - INFO - \U0001f4be Salvo: AC:F4:66:8E:07:78 como 'GC-CWB-39'
2026-05-13 12:44:20,483 - INFO - Running job "tarefa_scan_automatico (trigger: interval[0:05:00], next run at: 2026-05-13 12:49:20 -03)" (scheduled at 2026-05-13 12:44:20.455530-03:00)
2026-05-13 12:44:20,485 - INFO - \U0001f552 Automação: Iniciando varredura agendada...
2026-05-13 12:44:52,276 - INFO - \u2705 Automação: Varredura concluída com sucesso.
2026-05-13 12:44:52,277 - INFO - Job "tarefa_scan_automatico (trigger: interval[0:05:00], next run at: 2026-05-13 12:49:20 -03)" executed successfully
2026-05-13 12:49:20,515 - INFO - Running job "tarefa_scan_automatico (trigger: interval[0:05:00], next run at: 2026-05-13 12:54:20 -03)" (scheduled at 2026-05-13 12:49:20.455530-03:00)
2026-05-13 12:49:20,541 - INFO - \U0001f552 Automação: Iniciando varredura agendada...
2026-05-13 12:49:53,507 - INFO - \u2705 Automação: Varredura concluída com sucesso.
2026-05-13 12:49:53,510 - INFO - Job "tarefa_scan_automatico (trigger: interval[0:05:00], next run at: 2026-05-13 12:54:20 -03)" executed successfully
2026-05-13 12:54:20,482 - INFO - Running job "tarefa_scan_automatico (trigger: interval[0:05:00], next run at: 2026-05-13 12:59:20 -03)" (scheduled at 2026-05-13 12:54:20.455530-03:00)
2026-05-13 12:54:20,488 - INFO - \U0001f552 Automação: Iniciando varredura agendada...
2026-05-13 12:54:52,421 - INFO - \u2705 Automação: Varredura concluída com sucesso.
2026-05-13 12:54:52,422 - INFO - Job "tarefa_scan_automatico (trigger: interval[0:05:00], next run at: 2026-05-13 12:59:20 -03)" executed successfully
2026-05-13 12:59:20,464 - INFO - Running job "tarefa_scan_automatico (trigger: interval[0:05:00], next run at: 2026-05-13 13:04:20 -03)" (scheduled at 2026-05-13 12:59:20.455530-03:00)
2026-05-13 12:59:20,465 - INFO - \U0001f552 Automação: Iniciando varredura agendada...
2026-05-13 12:59:53,256 - INFO - \u2705 Automação: Varredura concluída com sucesso.
2026-05-13 12:59:53,256 - INFO - Job "tarefa_scan_automatico (trigger: interval[0:05:00], next run at: 2026-05-13 13:04:20 -03)" executed successfully
2026-05-13 13:04:20,468 - INFO - Running job "tarefa_scan_automatico (trigger: interval[0:05:00], next run at: 2026-05-13 13:09:20 -03)" (scheduled at 2026-05-13 13:04:20.455530-03:00)
2026-05-13 13:04:20,469 - INFO - \U0001f552 Automação: Iniciando varredura agendada...
2026-05-13 13:04:51,978 - INFO - \u2705 Automação: Varredura concluída com sucesso.
2026-05-13 13:04:51,979 - INFO - Job "tarefa_scan_automatico (trigger: interval[0:05:00], next run at: 2026-05-13 13:09:20 -03)" executed successfully
2026-05-13 13:09:20,464 - INFO - Running job "tarefa_scan_automatico (trigger: interval[0:05:00], next run at: 2026-05-13 13:14:20 -03)" (scheduled at 2026-05-13 13:09:20.455530-03:00)
2026-05-13 13:09:20,466 - INFO - \U0001f552 Automação: Iniciando varredura agendada...
2026-05-13 13:09:52,453 - INFO - \u2705 Automação: Varredura concluída com sucesso.
2026-05-13 13:09:52,454 - INFO - Job "tarefa_scan_automatico (trigger: interval[0:05:00], next run at: 2026-05-13 13:14:20 -03)" executed successfully
2026-05-13 13:44:10,549 - WARNING - Run time of job "tarefa_scan_automatico (trigger: interval[0:05:00], next run at: 2026-05-13 13:44:20 -03)" was missed by 0:04:50.088894
2026-05-13 13:44:20,466 - INFO - Running job "tarefa_scan_automatico (trigger: interval[0:05:00], next run at: 2026-05-13 13:49:20 -03)" (scheduled at 2026-05-13 13:44:20.455530-03:00)
2026-05-13 13:44:20,480 - INFO - \U0001f552 Automação: Iniciando varredura agendada...
2026-05-13 13:44:52,153 - INFO - \u2705 Automação: Varredura concluída com sucesso.
2026-05-13 13:44:52,155 - INFO - Job "tarefa_scan_automatico (trigger: interval[0:05:00], next run at: 2026-05-13 13:49:20 -03)" executed successfully
2026-05-13 13:49:20,499 - INFO - Running job "tarefa_scan_automatico (trigger: interval[0:05:00], next run at: 2026-05-13 13:54:20 -03)" (scheduled at 2026-05-13 13:49:20.455530-03:00)
2026-05-13 13:49:20,524 - INFO - \U0001f552 Automação: Iniciando varredura agendada...
2026-05-13 13:49:52,026 - INFO - \u2705 Automação: Varredura concluída com sucesso.
2026-05-13 13:49:52,028 - INFO - Job "tarefa_scan_automatico (trigger: interval[0:05:00], next run at: 2026-05-13 13:54:20 -03)" executed successfully
2026-05-13 13:54:20,459 - INFO - Running job "tarefa_scan_automatico (trigger: interval[0:05:00], next run at: 2026-05-13 13:59:20 -03)" (scheduled at 2026-05-13 13:54:20.455530-03:00)
2026-05-13 13:54:20,460 - INFO - \U0001f552 Automação: Iniciando varredura agendada...
2026-05-13 13:54:51,913 - INFO - \u2705 Automação: Varredura concluída com sucesso.
2026-05-13 13:54:51,913 - INFO - Job "tarefa_scan_automatico (trigger: interval[0:05:00], next run at: 2026-05-13 13:59:20 -03)" executed successfully
2026-05-13 13:59:20,466 - INFO - Running job "tarefa_scan_automatico (trigger: interval[0:05:00], next run at: 2026-05-13 14:04:20 -03)" (scheduled at 2026-05-13 13:59:20.455530-03:00)
2026-05-13 13:59:20,469 - INFO - \U0001f552 Automação: Iniciando varredura agendada...
2026-05-13 13:59:51,805 - INFO - \u2705 Automação: Varredura concluída com sucesso.
2026-05-13 13:59:51,805 - INFO - Job "tarefa_scan_automatico (trigger: interval[0:05:00], next run at: 2026-05-13 14:04:20 -03)" executed successfully
2026-05-13 14:04:20,469 - INFO - Running job "tarefa_scan_automatico (trigger: interval[0:05:00], next run at: 2026-05-13 14:09:20 -03)" (scheduled at 2026-05-13 14:04:20.455530-03:00)
2026-05-13 14:04:20,471 - INFO - \U0001f552 Automação: Iniciando varredura agendada...
2026-05-13 14:04:51,808 - INFO - \u2705 Automação: Varredura concluída com sucesso.
2026-05-13 14:04:51,809 - INFO - Job "tarefa_scan_automatico (trigger: interval[0:05:00], next run at: 2026-05-13 14:09:20 -03)" executed successfully
2026-05-13 14:09:20,479 - INFO - Running job "tarefa_scan_automatico (trigger: interval[0:05:00], next run at: 2026-05-13 14:14:20 -03)" (scheduled at 2026-05-13 14:09:20.455530-03:00)
2026-05-13 14:09:20,481 - INFO - \U0001f552 Automação: Iniciando varredura agendada...
2026-05-13 14:09:51,823 - INFO - \u2705 Automação: Varredura concluída com sucesso.
2026-05-13 14:09:51,824 - INFO - Job "tarefa_scan_automatico (trigger: interval[0:05:00], next run at: 2026-05-13 14:14:20 -03)" executed successfully
2026-05-13 14:14:20,552 - INFO - Running job "tarefa_scan_automatico (trigger: interval[0:05:00], next run at: 2026-05-13 14:19:20 -03)" (scheduled at 2026-05-13 14:14:20.455530-03:00)
2026-05-13 14:14:20,596 - INFO - \U0001f552 Automação: Iniciando varredura agendada...
2026-05-13 14:14:52,424 - INFO - \u2705 Automação: Varredura concluída com sucesso.
2026-05-13 14:14:52,427 - INFO - Job "tarefa_scan_automatico (trigger: interval[0:05:00], next run at: 2026-05-13 14:19:20 -03)" executed successfully
2026-05-13 14:19:20,469 - INFO - Running job "tarefa_scan_automatico (trigger: interval[0:05:00], next run at: 2026-05-13 14:24:20 -03)" (scheduled at 2026-05-13 14:19:20.455530-03:00)
2026-05-13 14:19:20,472 - INFO - \U0001f552 Automação: Iniciando varredura agendada...
2026-05-13 14:19:52,085 - INFO - \u2705 Automação: Varredura concluída com sucesso.
2026-05-13 14:19:52,085 - INFO - Job "tarefa_scan_automatico (trigger: interval[0:05:00], next run at: 2026-05-13 14:24:20 -03)" executed successfully
2026-05-13 14:24:20,518 - INFO - Running job "tarefa_scan_automatico (trigger: interval[0:05:00], next run at: 2026-05-13 14:29:20 -03)" (scheduled at 2026-05-13 14:24:20.455530-03:00)
2026-05-13 14:24:20,541 - INFO - \U0001f552 Automação: Iniciando varredura agendada...
2026-05-13 14:24:52,280 - INFO - \u2705 Automação: Varredura concluída com sucesso.
2026-05-13 14:24:52,283 - INFO - Job "tarefa_scan_automatico (trigger: interval[0:05:00], next run at: 2026-05-13 14:29:20 -03)" executed successfully
2026-05-13 14:29:20,572 - INFO - Running job "tarefa_scan_automatico (trigger: interval[0:05:00], next run at: 2026-05-13 14:34:20 -03)" (scheduled at 2026-05-13 14:29:20.455530-03:00)
2026-05-13 14:29:20,620 - INFO - \U0001f552 Automação: Iniciando varredura agendada...
2026-05-13 14:29:54,257 - INFO - \u2705 Automação: Varredura concluída com sucesso.
2026-05-13 14:29:54,262 - INFO - Job "tarefa_scan_automatico (trigger: interval[0:05:00], next run at: 2026-05-13 14:34:20 -03)" executed successfully
2026-05-13 14:34:20,563 - INFO - Running job "tarefa_scan_automatico (trigger: interval[0:05:00], next run at: 2026-05-13 14:39:20 -03)" (scheduled at 2026-05-13 14:34:20.455530-03:00)
2026-05-13 14:34:20,614 - INFO - \U0001f552 Automação: Iniciando varredura agendada...
2026-05-13 14:34:53,580 - INFO - \u2705 Automação: Varredura concluída com sucesso.
2026-05-13 14:34:53,585 - INFO - Job "tarefa_scan_automatico (trigger: interval[0:05:00], next run at: 2026-05-13 14:39:20 -03)" executed successfully
2026-05-13 14:39:20,544 - INFO - Running job "tarefa_scan_automatico (trigger: interval[0:05:00], next run at: 2026-05-13 14:44:20 -03)" (scheduled at 2026-05-13 14:39:20.455530-03:00)
2026-05-13 14:39:20,585 - INFO - \U0001f552 Automação: Iniciando varredura agendada...
2026-05-13 14:39:56,556 - INFO - \u2705 Automação: Varredura concluída com sucesso.
2026-05-13 14:39:56,561 - INFO - Job "tarefa_scan_automatico (trigger: interval[0:05:00], next run at: 2026-05-13 14:44:20 -03)" executed successfully
2026-05-13 14:44:20,506 - INFO - Running job "tarefa_scan_automatico (trigger: interval[0:05:00], next run at: 2026-05-13 14:49:20 -03)" (scheduled at 2026-05-13 14:44:20.455530-03:00)
2026-05-13 14:44:20,538 - INFO - \U0001f552 Automação: Iniciando varredura agendada...
2026-05-13 14:44:53,502 - INFO - \u2705 Automação: Varredura concluída com sucesso.
2026-05-13 14:44:53,504 - INFO - Job "tarefa_scan_automatico (trigger: interval[0:05:00], next run at: 2026-05-13 14:49:20 -03)" executed successfully
2026-05-13 14:49:20,473 - INFO - Running job "tarefa_scan_automatico (trigger: interval[0:05:00], next run at: 2026-05-13 14:54:20 -03)" (scheduled at 2026-05-13 14:49:20.455530-03:00)
2026-05-13 14:49:20,480 - INFO - \U0001f552 Automação: Iniciando varredura agendada...
2026-05-13 14:49:52,516 - INFO - \u2705 Automação: Varredura concluída com sucesso.
2026-05-13 14:49:52,524 - INFO - Job "tarefa_scan_automatico (trigger: interval[0:05:00], next run at: 2026-05-13 14:54:20 -03)" executed successfully
2026-05-13 14:54:20,521 - INFO - Running job "tarefa_scan_automatico (trigger: interval[0:05:00], next run at: 2026-05-13 14:59:20 -03)" (scheduled at 2026-05-13 14:54:20.455530-03:00)
2026-05-13 14:54:20,539 - INFO - \U0001f552 Automação: Iniciando varredura agendada...
2026-05-13 14:54:52,459 - INFO - \u2705 Automação: Varredura concluída com sucesso.
2026-05-13 14:54:52,461 - INFO - Job "tarefa_scan_automatico (trigger: interval[0:05:00], next run at: 2026-05-13 14:59:20 -03)" executed successfully
2026-05-13 14:59:20,495 - INFO - Running job "tarefa_scan_automatico (trigger: interval[0:05:00], next run at: 2026-05-13 15:04:20 -03)" (scheduled at 2026-05-13 14:59:20.455530-03:00)
2026-05-13 14:59:20,511 - INFO - \U0001f552 Automação: Iniciando varredura agendada...
2026-05-13 14:59:52,454 - INFO - \u2705 Automação: Varredura concluída com sucesso.
2026-05-13 14:59:52,458 - INFO - Job "tarefa_scan_automatico (trigger: interval[0:05:00], next run at: 2026-05-13 15:04:20 -03)" executed successfully
2026-05-13 15:04:20,472 - INFO - Running job "tarefa_scan_automatico (trigger: interval[0:05:00], next run at: 2026-05-13 15:09:20 -03)" (scheduled at 2026-05-13 15:04:20.455530-03:00)
2026-05-13 15:04:20,473 - INFO - \U0001f552 Automação: Iniciando varredura agendada...
2026-05-13 15:04:52,404 - INFO - \u2705 Automação: Varredura concluída com sucesso.
2026-05-13 15:04:52,405 - INFO - Job "tarefa_scan_automatico (trigger: interval[0:05:00], next run at: 2026-05-13 15:09:20 -03)" executed successfully
2026-05-13 15:09:20,469 - INFO - Running job "tarefa_scan_automatico (trigger: interval[0:05:00], next run at: 2026-05-13 15:14:20 -03)" (scheduled at 2026-05-13 15:09:20.455530-03:00)
2026-05-13 15:09:20,471 - INFO - \U0001f552 Automação: Iniciando varredura agendada...
2026-05-13 15:09:52,274 - INFO - \u2705 Automação: Varredura concluída com sucesso.
2026-05-13 15:09:52,275 - INFO - Job "tarefa_scan_automatico (trigger: interval[0:05:00], next run at: 2026-05-13 15:14:20 -03)" executed successfully
2026-05-13 15:14:20,477 - INFO - Running job "tarefa_scan_automatico (trigger: interval[0:05:00], next run at: 2026-05-13 15:19:20 -03)" (scheduled at 2026-05-13 15:14:20.455530-03:00)
2026-05-13 15:14:20,484 - INFO - \U0001f552 Automação: Iniciando varredura agendada...
2026-05-13 15:14:52,176 - INFO - \u2705 Automação: Varredura concluída com sucesso.
2026-05-13 15:14:52,179 - INFO - Job "tarefa_scan_automatico (trigger: interval[0:05:00], next run at: 2026-05-13 15:19:20 -03)" executed successfully
2026-05-13 15:19:20,470 - INFO - Running job "tarefa_scan_automatico (trigger: interval[0:05:00], next run at: 2026-05-13 15:24:20 -03)" (scheduled at 2026-05-13 15:19:20.455530-03:00)
2026-05-13 15:19:20,472 - INFO - \U0001f552 Automação: Iniciando varredura agendada...
2026-05-13 15:19:52,148 - INFO - \u2705 Automação: Varredura concluída com sucesso.
2026-05-13 15:19:52,149 - INFO - Job "tarefa_scan_automatico (trigger: interval[0:05:00], next run at: 2026-05-13 15:24:20 -03)" executed successfully
2026-05-13 15:24:20,482 - INFO - Running job "tarefa_scan_automatico (trigger: interval[0:05:00], next run at: 2026-05-13 15:29:20 -03)" (scheduled at 2026-05-13 15:24:20.455530-03:00)
2026-05-13 15:24:20,490 - INFO - \U0001f552 Automação: Iniciando varredura agendada...
2026-05-13 15:24:52,164 - INFO - \u2705 Automação: Varredura concluída com sucesso.
2026-05-13 15:24:52,167 - INFO - Job "tarefa_scan_automatico (trigger: interval[0:05:00], next run at: 2026-05-13 15:29:20 -03)" executed successfully
2026-05-13 15:29:20,505 - INFO - Running job "tarefa_scan_automatico (trigger: interval[0:05:00], next run at: 2026-05-13 15:34:20 -03)" (scheduled at 2026-05-13 15:29:20.455530-03:00)
2026-05-13 15:29:20,532 - INFO - \U0001f552 Automação: Iniciando varredura agendada...
2026-05-13 15:29:52,381 - INFO - \u2705 Automação: Varredura concluída com sucesso.
2026-05-13 15:29:52,389 - INFO - Job "tarefa_scan_automatico (trigger: interval[0:05:00], next run at: 2026-05-13 15:34:20 -03)" executed successfully
2026-05-13 15:34:20,522 - INFO - Running job "tarefa_scan_automatico (trigger: interval[0:05:00], next run at: 2026-05-13 15:34:20 -03)" (scheduled at 2026-05-13 15:34:20.455530-03:00)
2026-05-13 15:34:20,552 - INFO - \U0001f552 Automação: Iniciando varredura agendada...
2026-05-13 15:34:52,577 - INFO - \u2705 Automação: Varredura concluída com sucesso.
2026-05-13 15:34:52,580 - INFO - Job "tarefa_scan_automatico (trigger: interval[0:05:00], next run at: 2026-05-13 15:39:20 -03)" executed successfully
2026-05-13 15:39:20,530 - INFO - Running job "tarefa_scan_automatico (trigger: interval[0:05:00], next run at: 2026-05-13 15:44:20 -03)" (scheduled at 2026-05-13 15:39:20.455530-03:00)
2026-05-13 15:39:20,560 - INFO - \U0001f552 Automação: Iniciando varredura agendada...
2026-05-13 15:39:52,570 - INFO - \u2705 Automação: Varredura concluída com sucesso.
2026-05-13 15:39:52,574 - INFO - Job "tarefa_scan_automatico (trigger: interval[0:05:00], next run at: 2026-05-13 15:44:20 -03)" executed successfully
2026-05-13 15:44:20,490 - INFO - Running job "tarefa_scan_automatico (trigger: interval[0:05:00], next run at: 2026-05-13 15:49:20 -03)" (scheduled at 2026-05-13 15:44:20.455530-03:00)
2026-05-13 15:44:20,505 - INFO - \U0001f552 Automação: Iniciando varredura agendada...
2026-05-13 15:44:52,139 - INFO - \u2705 Automação: Varredura concluída com sucesso.
2026-05-13 15:44:52,141 - INFO - Job "tarefa_scan_automatico (trigger: interval[0:05:00], next run at: 2026-05-13 15:49:20 -03)" executed successfully
2026-05-13 15:49:20,490 - INFO - Running job "tarefa_scan_automatico (trigger: interval[0:05:00], next run at: 2026-05-13 15:54:20 -03)" (scheduled at 2026-05-13 15:49:20.455530-03:00)
2026-05-13 15:49:20,506 - INFO - \U0001f552 Automação: Iniciando varredura agendada...
2026-05-13 15:49:52,042 - INFO - \u2705 Automação: Varredura concluída com sucesso.
2026-05-13 15:49:52,044 - INFO - Job "tarefa_scan_automatico (trigger: interval[0:05:00], next run at: 2026-05-13 15:54:20 -03)" executed successfully
2026-05-13 15:54:20,470 - INFO - Running job "tarefa_scan_automatico (trigger: interval[0:05:00], next run at: 2026-05-13 15:59:20 -03)" (scheduled at 2026-05-13 15:54:20.455530-03:00)
2026-05-13 15:54:20,470 - INFO - \U0001f552 Automação: Iniciando varredura agendada...
2026-05-13 15:54:51,744 - INFO - \u2705 Automação: Varredura concluída com sucesso.
2026-05-13 15:54:51,745 - INFO - Job "tarefa_scan_automatico (trigger: interval[0:05:00], next run at: 2026-05-13 15:59:20 -03)" executed successfully
2026-05-13 15:59:20,463 - INFO - Running job "tarefa_scan_automatico (trigger: interval[0:05:00], next run at: 2026-05-13 16:04:20 -03)" (scheduled at 2026-05-13 15:59:20.455530-03:00)
2026-05-13 15:59:20,470 - INFO - \U0001f552 Automação: Iniciando varredura agendada...
2026-05-13 15:59:51,870 - INFO - \u2705 Automação: Varredura concluída com sucesso.
2026-05-13 15:59:51,871 - INFO - Job "tarefa_scan_automatico (trigger: interval[0:05:00], next run at: 2026-05-13 16:04:20 -03)" executed successfully
2026-05-13 16:04:20,467 - INFO - Running job "tarefa_scan_automatico (trigger: interval[0:05:00], next run at: 2026-05-13 16:09:20 -03)" (scheduled at 2026-05-13 16:04:20.455530-03:00)
2026-05-13 16:04:20,469 - INFO - \U0001f552 Automação: Iniciando varredura agendada...
2026-05-13 16:04:51,734 - INFO - \u2705 Automação: Varredura concluída com sucesso.
2026-05-13 16:04:51,735 - INFO - Job "tarefa_scan_automatico (trigger: interval[0:05:00], next run at: 2026-05-13 16:09:20 -03)" executed successfully
2026-05-13 16:09:20,474 - INFO - Running job "tarefa_scan_automatico (trigger: interval[0:05:00], next run at: 2026-05-13 16:14:20 -03)" (scheduled at 2026-05-13 16:09:20.455530-03:00)
2026-05-13 16:09:20,474 - INFO - \U0001f552 Automação: Iniciando varredura agendada...
2026-05-13 16:09:51,758 - INFO - \u2705 Automação: Varredura concluída com sucesso.
2026-05-13 16:09:51,758 - INFO - Job "tarefa_scan_automatico (trigger: interval[0:05:00], next run at: 2026-05-13 16:14:20 -03)" executed successfully
2026-05-13 16:14:20,506 - INFO - Running job "tarefa_scan_automatico (trigger: interval[0:05:00], next run at: 2026-05-13 16:19:20 -03)" (scheduled at 2026-05-13 16:14:20.455530-03:00)
2026-05-13 16:14:20,532 - INFO - \U0001f552 Automação: Iniciando varredura agendada...
2026-05-13 16:14:52,380 - INFO - \u2705 Automação: Varredura concluída com sucesso.
2026-05-13 16:14:52,386 - INFO - Job "tarefa_scan_automatico (trigger: interval[0:05:00], next run at: 2026-05-13 16:19:20 -03)" executed successfully
2026-05-13 16:19:20,523 - INFO - Running job "tarefa_scan_automatico (trigger: interval[0:05:00], next run at: 2026-05-13 16:24:20 -03)" (scheduled at 2026-05-13 16:19:20.455530-03:00)
2026-05-13 16:19:20,543 - INFO - \U0001f552 Automação: Iniciando varredura agendada...
2026-05-13 16:19:52,586 - INFO - \u2705 Automação: Varredura concluída com sucesso.
2026-05-13 16:19:52,588 - INFO - Job "tarefa_scan_automatico (trigger: interval[0:05:00], next run at: 2026-05-13 16:24:20 -03)" executed successfully
2026-05-13 16:24:20,503 - INFO - Running job "tarefa_scan_automatico (trigger: interval[0:05:00], next run at: 2026-05-13 16:29:20 -03)" (scheduled at 2026-05-13 16:24:20.455530-03:00)
2026-05-13 16:24:20,522 - INFO - \U0001f552 Automação: Iniciando varredura agendada...
2026-05-13 16:24:52,038 - INFO - \u2705 Automação: Varredura concluída com sucesso.
2026-05-13 16:24:52,040 - INFO - Job "tarefa_scan_automatico (trigger: interval[0:05:00], next run at: 2026-05-13 16:29:20 -03)" executed successfully
2026-05-13 16:29:20,478 - INFO - Running job "tarefa_scan_automatico (trigger: interval[0:05:00], next run at: 2026-05-13 16:34:20 -03)" (scheduled at 2026-05-13 16:29:20.455530-03:00)
2026-05-13 16:29:20,484 - INFO - \U0001f552 Automação: Iniciando varredura agendada...
2026-05-13 16:29:51,992 - INFO - \u2705 Automação: Varredura concluída com sucesso.
2026-05-13 16:29:51,994 - INFO - Job "tarefa_scan_automatico (trigger: interval[0:05:00], next run at: 2026-05-13 16:34:20 -03)" executed successfully
2026-05-13 16:34:20,465 - INFO - Running job "tarefa_scan_automatico (trigger: interval[0:05:00], next run at: 2026-05-13 16:39:20 -03)" (scheduled at 2026-05-13 16:34:20.455530-03:00)
2026-05-13 16:34:20,469 - INFO - \U0001f552 Automação: Iniciando varredura agendada...
2026-05-13 16:34:51,967 - INFO - \u2705 Automação: Varredura concluída com sucesso.
2026-05-13 16:34:51,968 - INFO - Job "tarefa_scan_automatico (trigger: interval[0:05:00], next run at: 2026-05-13 16:39:20 -03)" executed successfully
2026-05-13 16:39:20,464 - INFO - Running job "tarefa_scan_automatico (trigger: interval[0:05:00], next run at: 2026-05-13 16:44:20 -03)" (scheduled at 2026-05-13 16:39:20.455530-03:00)
2026-05-13 16:39:20,465 - INFO - \U0001f552 Automação: Iniciando varredura agendada...
2026-05-13 16:39:51,936 - INFO - \u2705 Automação: Varredura concluída com sucesso.
2026-05-13 16:39:51,937 - INFO - Job "tarefa_scan_automatico (trigger: interval[0:05:00], next run at: 2026-05-13 16:44:20 -03)" executed successfully
2026-05-13 16:44:20,471 - INFO - Running job "tarefa_scan_automatico (trigger: interval[0:05:00], next run at: 2026-05-13 16:49:20 -03)" (scheduled at 2026-05-13 16:44:20.455530-03:00)
2026-05-13 16:44:20,473 - INFO - \U0001f552 Automação: Iniciando varredura agendada...
2026-05-13 16:44:53,001 - INFO - \u2705 Automação: Varredura concluída com sucesso.
2026-05-13 16:44:53,002 - INFO - Job "tarefa_scan_automatico (trigger: interval[0:05:00], next run at: 2026-05-13 16:49:20 -03)" executed successfully
2026-05-13 16:49:20,462 - INFO - Running job "tarefa_scan_automatico (trigger: interval[0:05:00], next run at: 2026-05-13 16:54:20 -03)" (scheduled at 2026-05-13 16:49:20.455530-03:00)
2026-05-13 16:49:20,463 - INFO - \U0001f552 Automação: Iniciando varredura agendada...
2026-05-13 16:49:53,045 - INFO - \u2705 Automação: Varredura concluída com sucesso.
2026-05-13 16:49:53,045 - INFO - Job "tarefa_scan_automatico (trigger: interval[0:05:00], next run at: 2026-05-13 16:54:20 -03)" executed successfully
2026-05-13 16:54:20,468 - INFO - Running job "tarefa_scan_automatico (trigger: interval[0:05:00], next run at: 2026-05-13 16:59:20 -03)" (scheduled at 2026-05-13 16:54:20.455530-03:00)
2026-05-13 16:54:20,469 - INFO - \U0001f552 Automação: Iniciando varredura agendada...
2026-05-13 16:54:51,800 - INFO - \u2705 Automação: Varredura concluída com sucesso.
2026-05-13 16:54:51,801 - INFO - Job "tarefa_scan_automatico (trigger: interval[0:05:00], next run at: 2026-05-13 16:59:20 -03)" executed successfully
2026-05-13 16:59:20,465 - INFO - Running job "tarefa_scan_automatico (trigger: interval[0:05:00], next run at: 2026-05-13 17:04:20 -03)" (scheduled at 2026-05-13 16:59:20.455530-03:00)
2026-05-13 16:59:20,466 - INFO - \U0001f552 Automação: Iniciando varredura agendada...
2026-05-13 16:59:51,745 - INFO - \u2705 Automação: Varredura concluída com sucesso.
2026-05-13 16:59:51,745 - INFO - Job "tarefa_scan_automatico (trigger: interval[0:05:00], next run at: 2026-05-13 17:04:20 -03)" executed successfully
2026-05-13 17:04:20,462 - INFO - Running job "tarefa_scan_automatico (trigger: interval[0:05:00], next run at: 2026-05-13 17:09:20 -03)" (scheduled at 2026-05-13 17:04:20.455530-03:00)
2026-05-13 17:04:20,464 - INFO - \U0001f552 Automação: Iniciando varredura agendada...
2026-05-13 17:04:51,973 - INFO - \u2705 Automação: Varredura concluída com sucesso.
2026-05-13 17:04:51,974 - INFO - Job "tarefa_scan_automatico (trigger: interval[0:05:00], next run at: 2026-05-13 17:09:20 -03)" executed successfully
2026-05-13 17:09:20,459 - INFO - Running job "tarefa_scan_automatico (trigger: interval[0:05:00], next run at: 2026-05-13 17:14:20 -03)" (scheduled at 2026-05-13 17:09:20.455530-03:00)
2026-05-13 17:09:20,461 - INFO - \U0001f552 Automação: Iniciando varredura agendada...
2026-05-13 17:09:51,785 - INFO - \u2705 Automação: Varredura concluída com sucesso.
2026-05-13 17:09:51,786 - INFO - Job "tarefa_scan_automatico (trigger: interval[0:05:00], next run at: 2026-05-13 17:14:20 -03)" executed successfully
2026-05-13 17:14:20,467 - INFO - Running job "tarefa_scan_automatico (trigger: interval[0:05:00], next run at: 2026-05-13 17:19:20 -03)" (scheduled at 2026-05-13 17:14:20.455530-03:00)
2026-05-13 17:14:20,469 - INFO - \U0001f552 Automação: Iniciando varredura agendada...
2026-05-13 17:14:51,850 - INFO - \u2705 Automação: Varredura concluída com sucesso.
2026-05-13 17:14:51,851 - INFO - Job "tarefa_scan_automatico (trigger: interval[0:05:00], next run at: 2026-05-13 17:19:20 -03)" executed successfully
2026-05-13 17:19:20,459 - INFO - Running job "tarefa_scan_automatico (trigger: interval[0:05:00], next run at: 2026-05-13 17:24:20 -03)" (scheduled at 2026-05-13 17:19:20.455530-03:00)
2026-05-13 17:19:20,460 - INFO - \U0001f552 Automação: Iniciando varredura agendada...
2026-05-13 17:19:51,750 - INFO - \u2705 Automação: Varredura concluída com sucesso.
2026-05-13 17:19:51,751 - INFO - Job "tarefa_scan_automatico (trigger: interval[0:05:00], next run at: 2026-05-13 17:24:20 -03)" executed successfully
2026-05-13 17:24:20,467 - INFO - Running job "tarefa_scan_automatico (trigger: interval[0:05:00], next run at: 2026-05-13 17:29:20 -03)" (scheduled at 2026-05-13 17:24:20.455530-03:00)
2026-05-13 17:24:20,476 - INFO - \U0001f552 Automação: Iniciando varredura agendada...
2026-05-13 17:24:52,024 - INFO - \u2705 Automação: Varredura concluída com sucesso.
2026-05-13 17:24:52,025 - INFO - Job "tarefa_scan_automatico (trigger: interval[0:05:00], next run at: 2026-05-13 17:29:20 -03)" executed successfully
2026-05-13 17:29:20,476 - INFO - Running job "tarefa_scan_automatico (trigger: interval[0:05:00], next run at: 2026-05-13 17:34:20 -03)" (scheduled at 2026-05-13 17:29:20.455530-03:00)
2026-05-13 17:29:20,484 - INFO - \U0001f552 Automação: Iniciando varredura agendada...
2026-05-13 17:30:12,293 - INFO - \u2705 Automação: Varredura concluída com sucesso.
2026-05-13 17:30:12,304 - INFO - Job "tarefa_scan_automatico (trigger: interval[0:05:00], next run at: 2026-05-13 17:34:20 -03)" executed successfully
2026-05-13 17:34:20,495 - INFO - Running job "tarefa_scan_automatico (trigger: interval[0:05:00], next run at: 2026-05-13 17:39:20 -03)" (scheduled at 2026-05-13 17:34:20.455530-03:00)
2026-05-13 17:34:20,517 - INFO - \U0001f552 Automação: Iniciando varredura agendada...
2026-05-13 17:34:51,775 - INFO - \u2705 Automação: Varredura concluída com sucesso.
2026-05-13 17:34:51,778 - INFO - Job "tarefa_scan_automatico (trigger: interval[0:05:00], next run at: 2026-05-13 17:39:20 -03)" executed successfully
2026-05-13 17:39:20,464 - INFO - Running job "tarefa_scan_automatico (trigger: interval[0:05:00], next run at: 2026-05-13 17:44:20 -03)" (scheduled at 2026-05-13 17:39:20.455530-03:00)
2026-05-13 17:39:20,465 - INFO - \U0001f552 Automação: Iniciando varredura agendada...
2026-05-13 17:39:51,523 - INFO - \u2705 Automação: Varredura concluída com sucesso.
2026-05-13 17:39:51,524 - INFO - Job "tarefa_scan_automatico (trigger: interval[0:05:00], next run at: 2026-05-13 17:44:20 -03)" executed successfully
2026-05-13 17:44:20,488 - INFO - Running job "tarefa_scan_automatico (trigger: interval[0:05:00], next run at: 2026-05-13 17:49:20 -03)" (scheduled at 2026-05-13 17:44:20.455530-03:00)
2026-05-13 17:44:20,503 - INFO - \U0001f552 Automação: Iniciando varredura agendada...
2026-05-13 17:44:52,205 - INFO - \u2705 Automação: Varredura concluída com sucesso.
2026-05-13 17:44:52,207 - INFO - Job "tarefa_scan_automatico (trigger: interval[0:05:00], next run at: 2026-05-13 17:49:20 -03)" executed successfully
2026-05-13 17:49:20,468 - INFO - Running job "tarefa_scan_automatico (trigger: interval[0:05:00], next run at: 2026-05-13 17:54:20 -03)" (scheduled at 2026-05-13 17:49:20.455530-03:00)
2026-05-13 17:49:20,471 - INFO - \U0001f552 Automação: Iniciando varredura agendada...
2026-05-13 17:49:51,933 - INFO - \u2705 Automação: Varredura concluída com sucesso.
2026-05-13 17:49:51,934 - INFO - Job "tarefa_scan_automatico (trigger: interval[0:05:00], next run at: 2026-05-13 17:54:20 -03)" executed successfully
2026-05-13 17:54:20,491 - INFO - Running job "tarefa_scan_automatico (trigger: interval[0:05:00], next run at: 2026-05-13 17:59:20 -03)" (scheduled at 2026-05-13 17:54:20.455530-03:00)
2026-05-13 17:54:20,498 - INFO - \U0001f552 Automação: Iniciando varredura agendada...
2026-05-13 17:54:51,850 - INFO - \u2705 Automação: Varredura concluída com sucesso.
2026-05-13 17:54:51,851 - INFO - Job "tarefa_scan_automatico (trigger: interval[0:05:00], next run at: 2026-05-13 17:59:20 -03)" executed successfully
2026-05-13 17:59:20,475 - INFO - Running job "tarefa_scan_automatico (trigger: interval[0:05:00], next run at: 2026-05-13 18:04:20 -03)" (scheduled at 2026-05-13 17:59:20.455530-03:00)
2026-05-13 17:59:20,478 - INFO - \U0001f552 Automação: Iniciando varredura agendada...
2026-05-13 17:59:51,919 - INFO - \u2705 Automação: Varredura concluída com sucesso.
2026-05-13 17:59:51,920 - INFO - Job "tarefa_scan_automatico (trigger: interval[0:05:00], next run at: 2026-05-13 18:04:20 -03)" executed successfully
2026-05-13 18:04:20,518 - INFO - Running job "tarefa_scan_automatico (trigger: interval[0:05:00], next run at: 2026-05-13 18:09:20 -03)" (scheduled at 2026-05-13 18:04:20.455530-03:00)
2026-05-13 18:04:20,552 - INFO - \U0001f552 Automação: Iniciando varredura agendada...
2026-05-13 18:04:52,375 - INFO - \u2705 Automação: Varredura concluída com sucesso.
2026-05-13 18:04:52,378 - INFO - Job "tarefa_scan_automatico (trigger: interval[0:05:00], next run at: 2026-05-13 18:09:20 -03)" executed successfully
2026-05-13 18:09:20,513 - INFO - Running job "tarefa_scan_automatico (trigger: interval[0:05:00], next run at: 2026-05-13 18:14:20 -03)" (scheduled at 2026-05-13 18:09:20.455530-03:00)
2026-05-13 18:09:20,533 - INFO - \U0001f552 Automação: Iniciando varredura agendada...
2026-05-13 18:09:52,089 - INFO - \u2705 Automação: Varredura concluída com sucesso.
2026-05-13 18:09:52,092 - INFO - Job "tarefa_scan_automatico (trigger: interval[0:05:00], next run at: 2026-05-13 18:14:20 -03)" executed successfully
2026-05-13 18:14:20,489 - INFO - Running job "tarefa_scan_automatico (trigger: interval[0:05:00], next run at: 2026-05-13 18:19:20 -03)" (scheduled at 2026-05-13 18:14:20.455530-03:00)
2026-05-13 18:14:20,498 - INFO - \U0001f552 Automação: Iniciando varredura agendada...
2026-05-13 18:14:50,391 - INFO - \u2705 Automação: Varredura concluída com sucesso.
2026-05-13 18:14:50,395 - INFO - Job "tarefa_scan_automatico (trigger: interval[0:05:00], next run at: 2026-05-13 18:19:20 -03)" executed successfully
2026-05-13 18:19:20,527 - INFO - Running job "tarefa_scan_automatico (trigger: interval[0:05:00], next run at: 2026-05-13 18:24:20 -03)" (scheduled at 2026-05-13 18:19:20.455530-03:00)
2026-05-13 18:19:20,569 - INFO - \U0001f552 Automação: Iniciando varredura agendada...
2026-05-13 18:19:53,042 - INFO - \u2705 Automação: Varredura concluída com sucesso.
2026-05-13 18:19:53,045 - INFO - Job "tarefa_scan_automatico (trigger: interval[0:05:00], next run at: 2026-05-13 18:24:20 -03)" executed successfully
2026-05-13 18:24:20,474 - INFO - Running job "tarefa_scan_automatico (trigger: interval[0:05:00], next run at: 2026-05-13 18:29:20 -03)" (scheduled at 2026-05-13 18:24:20.455530-03:00)
2026-05-13 18:24:20,475 - INFO - \U0001f552 Automação: Iniciando varredura agendada...
2026-05-13 18:24:52,549 - INFO - \u2705 Automação: Varredura concluída com sucesso.
2026-05-13 18:24:52,550 - INFO - Job "tarefa_scan_automatico (trigger: interval[0:05:00], next run at: 2026-05-13 18:29:20 -03)" executed successfully
2026-05-13 18:29:20,473 - INFO - Running job "tarefa_scan_automatico (trigger: interval[0:05:00], next run at: 2026-05-13 18:34:20 -03)" (scheduled at 2026-05-13 18:29:20.455530-03:00)
2026-05-13 18:29:20,474 - INFO - \U0001f552 Automação: Iniciando varredura agendada...
2026-05-13 18:29:52,606 - INFO - \u2705 Automação: Varredura concluída com sucesso.
2026-05-13 18:29:52,608 - INFO - Job "tarefa_scan_automatico (trigger: interval[0:05:00], next run at: 2026-05-13 18:34:20 -03)" executed successfully
2026-05-13 18:34:20,466 - INFO - Running job "tarefa_scan_automatico (trigger: interval[0:05:00], next run at: 2026-05-13 18:39:20 -03)" (scheduled at 2026-05-13 18:34:20.455530-03:00)
2026-05-13 18:34:20,470 - INFO - \U0001f552 Automação: Iniciando varredura agendada...
2026-05-13 18:34:52,613 - INFO - \u2705 Automação: Varredura concluída com sucesso.
2026-05-13 18:34:52,614 - INFO - Job "tarefa_scan_automatico (trigger: interval[0:05:00], next run at: 2026-05-13 18:39:20 -03)" executed successfully
2026-05-13 18:39:20,477 - INFO - Running job "tarefa_scan_automatico (trigger: interval[0:05:00], next run at: 2026-05-13 18:44:20 -03)" (scheduled at 2026-05-13 18:39:20.455530-03:00)
2026-05-13 18:39:20,478 - INFO - \U0001f552 Automação: Iniciando varredura agendada...
2026-05-13 18:39:52,544 - INFO - \u2705 Automação: Varredura concluída com sucesso.
2026-05-13 18:39:52,545 - INFO - Job "tarefa_scan_automatico (trigger: interval[0:05:00], next run at: 2026-05-13 18:44:20 -03)" executed successfully
2026-05-13 18:44:20,471 - INFO - Running job "tarefa_scan_automatico (trigger: interval[0:05:00], next run at: 2026-05-13 18:49:20 -03)" (scheduled at 2026-05-13 18:44:20.455530-03:00)
2026-05-13 18:44:20,471 - INFO - \U0001f552 Automação: Iniciando varredura agendada...
2026-05-13 18:44:54,148 - INFO - \u2705 Automação: Varredura concluída com sucesso.
2026-05-13 18:44:54,148 - INFO - Job "tarefa_scan_automatico (trigger: interval[0:05:00], next run at: 2026-05-13 18:49:20 -03)" executed successfully
2026-05-13 18:49:20,460 - INFO - Running job "tarefa_scan_automatico (trigger: interval[0:05:00], next run at: 2026-05-13 18:54:20 -03)" (scheduled at 2026-05-13 18:49:20.455530-03:00)
2026-05-13 18:49:20,461 - INFO - \U0001f552 Automação: Iniciando varredura agendada...
2026-05-13 18:49:53,036 - INFO - \u2705 Automação: Varredura concluída com sucesso.
2026-05-13 18:49:53,036 - INFO - Job "tarefa_scan_automatico (trigger: interval[0:05:00], next run at: 2026-05-13 18:54:20 -03)" executed successfully
2026-05-13 18:54:20,464 - INFO - Running job "tarefa_scan_automatico (trigger: interval[0:05:00], next run at: 2026-05-13 18:59:20 -03)" (scheduled at 2026-05-13 18:54:20.455530-03:00)
2026-05-13 18:54:20,465 - INFO - \U0001f552 Automação: Iniciando varredura agendada...
2026-05-13 18:54:52,494 - INFO - \u2705 Automação: Varredura concluída com sucesso.
2026-05-13 18:54:52,494 - INFO - Job "tarefa_scan_automatico (trigger: interval[0:05:00], next run at: 2026-05-13 18:59:20 -03)" executed successfully
2026-05-13 18:59:20,470 - INFO - Running job "tarefa_scan_automatico (trigger: interval[0:05:00], next run at: 2026-05-13 19:04:20 -03)" (scheduled at 2026-05-13 18:59:20.455530-03:00)
2026-05-13 18:59:20,470 - INFO - \U0001f552 Automação: Iniciando varredura agendada...
2026-05-13 18:59:53,799 - INFO - \u2705 Automação: Varredura concluída com sucesso.
2026-05-13 18:59:53,805 - INFO - Job "tarefa_scan_automatico (trigger: interval[0:05:00], next run at: 2026-05-13 19:04:20 -03)" executed successfully
2026-05-13 19:04:20,464 - INFO - Running job "tarefa_scan_automatico (trigger: interval[0:05:00], next run at: 2026-05-13 19:09:20 -03)" (scheduled at 2026-05-13 19:04:20.455530-03:00)
2026-05-13 19:04:20,465 - INFO - \U0001f552 Automação: Iniciando varredura agendada...
2026-05-13 19:04:52,477 - INFO - \u2705 Automação: Varredura concluída com sucesso.
2026-05-13 19:04:52,477 - INFO - Job "tarefa_scan_automatico (trigger: interval[0:05:00], next run at: 2026-05-13 19:09:20 -03)" executed successfully
2026-05-13 19:09:20,476 - INFO - Running job "tarefa_scan_automatico (trigger: interval[0:05:00], next run at: 2026-05-13 19:14:20 -03)" (scheduled at 2026-05-13 19:09:20.455530-03:00)
2026-05-13 19:09:20,476 - INFO - \U0001f552 Automação: Iniciando varredura agendada...
2026-05-13 19:09:52,561 - INFO - \u2705 Automação: Varredura concluída com sucesso.
2026-05-13 19:09:52,561 - INFO - Job "tarefa_scan_automatico (trigger: interval[0:05:00], next run at: 2026-05-13 19:14:20 -03)" executed successfully
2026-05-13 19:14:20,467 - INFO - Running job "tarefa_scan_automatico (trigger: interval[0:05:00], next run at: 2026-05-13 19:19:20 -03)" (scheduled at 2026-05-13 19:14:20.455530-03:00)
2026-05-13 19:14:20,469 - INFO - \U0001f552 Automação: Iniciando varredura agendada...
2026-05-13 19:14:52,478 - INFO - \u2705 Automação: Varredura concluída com sucesso.
2026-05-13 19:14:52,479 - INFO - Job "tarefa_scan_automatico (trigger: interval[0:05:00], next run at: 2026-05-13 19:19:20 -03)" executed successfully
2026-05-13 19:19:20,473 - INFO - Running job "tarefa_scan_automatico (trigger: interval[0:05:00], next run at: 2026-05-13 19:24:20 -03)" (scheduled at 2026-05-13 19:19:20.455530-03:00)
2026-05-13 19:19:20,474 - INFO - \U0001f552 Automação: Iniciando varredura agendada...
2026-05-13 19:19:52,527 - INFO - \u2705 Automação: Varredura concluída com sucesso.
2026-05-13 19:19:52,527 - INFO - Job "tarefa_scan_automatico (trigger: interval[0:05:00], next run at: 2026-05-13 19:24:20 -03)" executed successfully
2026-05-13 19:24:20,477 - INFO - Running job "tarefa_scan_automatico (trigger: interval[0:05:00], next run at: 2026-05-13 19:29:20 -03)" (scheduled at 2026-05-13 19:24:20.455530-03:00)
2026-05-13 19:24:20,477 - INFO - \U0001f552 Automação: Iniciando varredura agendada...
2026-05-13 19:24:52,398 - INFO - \u2705 Automação: Varredura concluída com sucesso.
2026-05-13 19:24:52,398 - INFO - Job "tarefa_scan_automatico (trigger: interval[0:05:00], next run at: 2026-05-13 19:29:20 -03)" executed successfully
2026-05-13 19:29:20,482 - INFO - Running job "tarefa_scan_automatico (trigger: interval[0:05:00], next run at: 2026-05-13 19:34:20 -03)" (scheduled at 2026-05-13 19:29:20.455530-03:00)
2026-05-13 19:29:20,483 - INFO - \U0001f552 Automação: Iniciando varredura agendada...
2026-05-13 19:29:52,540 - INFO - \u2705 Automação: Varredura concluída com sucesso.
2026-05-13 19:29:52,541 - INFO - Job "tarefa_scan_automatico (trigger: interval[0:05:00], next run at: 2026-05-13 19:34:20 -03)" executed successfully
2026-05-13 19:34:20,470 - INFO - Running job "tarefa_scan_automatico (trigger: interval[0:05:00], next run at: 2026-05-13 19:39:20 -03)" (scheduled at 2026-05-13 19:34:20.455530-03:00)
2026-05-13 19:34:20,471 - INFO - \U0001f552 Automação: Iniciando varredura agendada...
2026-05-13 19:34:52,491 - INFO - \u2705 Automação: Varredura concluída com sucesso.
2026-05-13 19:34:52,493 - INFO - Job "tarefa_scan_automatico (trigger: interval[0:05:00], next run at: 2026-05-13 19:39:20 -03)" executed successfully
2026-05-13 19:39:20,485 - INFO - Running job "tarefa_scan_automatico (trigger: interval[0:05:00], next run at: 2026-05-13 19:44:20 -03)" (scheduled at 2026-05-13 19:39:20.455530-03:00)
2026-05-13 19:39:20,486 - INFO - \U0001f552 Automação: Iniciando varredura agendada...
2026-05-13 19:39:52,623 - INFO - \u2705 Automação: Varredura concluída com sucesso.
2026-05-13 19:39:52,625 - INFO - Job "tarefa_scan_automatico (trigger: interval[0:05:00], next run at: 2026-05-13 19:44:20 -03)" executed successfully
2026-05-13 19:44:20,469 - INFO - Running job "tarefa_scan_automatico (trigger: interval[0:05:00], next run at: 2026-05-13 19:49:20 -03)" (scheduled at 2026-05-13 19:44:20.455530-03:00)
2026-05-13 19:44:20,469 - INFO - \U0001f552 Automação: Iniciando varredura agendada...
2026-05-13 19:44:52,664 - INFO - \u2705 Automação: Varredura concluída com sucesso.
2026-05-13 19:44:52,665 - INFO - Job "tarefa_scan_automatico (trigger: interval[0:05:00], next run at: 2026-05-13 19:49:20 -03)" executed successfully
2026-05-13 19:49:20,472 - INFO - Running job "tarefa_scan_automatico (trigger: interval[0:05:00], next run at: 2026-05-13 19:54:20 -03)" (scheduled at 2026-05-13 19:49:20.455530-03:00)
2026-05-13 19:49:20,474 - INFO - \U0001f552 Automação: Iniciando varredura agendada...
2026-05-13 19:49:52,630 - INFO - \u2705 Automação: Varredura concluída com sucesso.
2026-05-13 19:49:52,630 - INFO - Job "tarefa_scan_automatico (trigger: interval[0:05:00], next run at: 2026-05-13 19:54:20 -03)" executed successfully
2026-05-13 19:54:20,467 - INFO - Running job "tarefa_scan_automatico (trigger: interval[0:05:00], next run at: 2026-05-13 19:59:20 -03)" (scheduled at 2026-05-13 19:54:20.455530-03:00)
2026-05-13 19:54:20,469 - INFO - \U0001f552 Automação: Iniciando varredura agendada...
2026-05-13 19:54:52,671 - INFO - \u2705 Automação: Varredura concluída com sucesso.
2026-05-13 19:54:52,671 - INFO - Job "tarefa_scan_automatico (trigger: interval[0:05:00], next run at: 2026-05-13 19:59:20 -03)" executed successfully
2026-05-13 19:59:20,474 - INFO - Running job "tarefa_scan_automatico (trigger: interval[0:05:00], next run at: 2026-05-13 20:04:20 -03)" (scheduled at 2026-05-13 19:59:20.455530-03:00)
2026-05-13 19:59:20,475 - INFO - \U0001f552 Automação: Iniciando varredura agendada...
2026-05-13 19:59:52,496 - INFO - \u2705 Automação: Varredura concluída com sucesso.
2026-05-13 19:59:52,496 - INFO - Job "tarefa_scan_automatico (trigger: interval[0:05:00], next run at: 2026-05-13 20:04:20 -03)" executed successfully
2026-05-13 20:04:20,493 - INFO - Running job "tarefa_scan_automatico (trigger: interval[0:05:00], next run at: 2026-05-13 20:09:20 -03)" (scheduled at 2026-05-13 20:04:20.455530-03:00)
2026-05-13 20:04:20,494 - INFO - \U0001f552 Automação: Iniciando varredura agendada...
2026-05-13 20:04:52,525 - INFO - \u2705 Automação: Varredura concluída com sucesso.
2026-05-13 20:04:52,525 - INFO - Job "tarefa_scan_automatico (trigger: interval[0:05:00], next run at: 2026-05-13 20:09:20 -03)" executed successfully
2026-05-13 20:09:20,460 - INFO - Running job "tarefa_scan_automatico (trigger: interval[0:05:00], next run at: 2026-05-13 20:14:20 -03)" (scheduled at 2026-05-13 20:09:20.455530-03:00)
2026-05-13 20:09:20,460 - INFO - \U0001f552 Automação: Iniciando varredura agendada...
2026-05-13 20:09:52,413 - INFO - \u2705 Automação: Varredura concluída com sucesso.
2026-05-13 20:09:52,413 - INFO - Job "tarefa_scan_automatico (trigger: interval[0:05:00], next run at: 2026-05-13 20:14:20 -03)" executed successfully
2026-05-13 20:14:20,473 - INFO - Running job "tarefa_scan_automatico (trigger: interval[0:05:00], next run at: 2026-05-13 20:19:20 -03)" (scheduled at 2026-05-13 20:14:20.455530-03:00)
2026-05-13 20:14:20,474 - INFO - \U0001f552 Automação: Iniciando varredura agendada...
2026-05-13 20:14:52,660 - INFO - \u2705 Automação: Varredura concluída com sucesso.
2026-05-13 20:14:52,661 - INFO - Job "tarefa_scan_automatico (trigger: interval[0:05:00], next run at: 2026-05-13 20:19:20 -03)" executed successfully
2026-05-13 20:19:20,466 - INFO - Running job "tarefa_scan_automatico (trigger: interval[0:05:00], next run at: 2026-05-13 20:24:20 -03)" (scheduled at 2026-05-13 20:19:20.455530-03:00)
2026-05-13 20:19:20,466 - INFO - \U0001f552 Automação: Iniciando varredura agendada...
2026-05-13 20:19:52,503 - INFO - \u2705 Automação: Varredura concluída com sucesso.
2026-05-13 20:19:52,509 - INFO - Job "tarefa_scan_automatico (trigger: interval[0:05:00], next run at: 2026-05-13 20:24:20 -03)" executed successfully
2026-05-13 20:24:20,469 - INFO - Running job "tarefa_scan_automatico (trigger: interval[0:05:00], next run at: 2026-05-13 20:29:20 -03)" (scheduled at 2026-05-13 20:24:20.455530-03:00)
2026-05-13 20:24:20,470 - INFO - \U0001f552 Automação: Iniciando varredura agendada...
2026-05-13 20:24:52,510 - INFO - \u2705 Automação: Varredura concluída com sucesso.
2026-05-13 20:24:52,511 - INFO - Job "tarefa_scan_automatico (trigger: interval[0:05:00], next run at: 2026-05-13 20:29:20 -03)" executed successfully
2026-05-13 20:29:20,471 - INFO - Running job "tarefa_scan_automatico (trigger: interval[0:05:00], next run at: 2026-05-13 20:34:20 -03)" (scheduled at 2026-05-13 20:29:20.455530-03:00)
2026-05-13 20:29:20,474 - INFO - \U0001f552 Automação: Iniciando varredura agendada...
2026-05-13 20:29:52,542 - INFO - \u2705 Automação: Varredura concluída com sucesso.
2026-05-13 20:29:52,542 - INFO - Job "tarefa_scan_automatico (trigger: interval[0:05:00], next run at: 2026-05-13 20:34:20 -03)" executed successfully
2026-05-13 20:34:20,457 - INFO - Running job "tarefa_scan_automatico (trigger: interval[0:05:00], next run at: 2026-05-13 20:39:20 -03)" (scheduled at 2026-05-13 20:34:20.455530-03:00)
2026-05-13 20:34:20,466 - INFO - \U0001f552 Automação: Iniciando varredura agendada...
2026-05-13 20:34:52,478 - INFO - \u2705 Automação: Varredura concluída com sucesso.
2026-05-13 20:34:52,479 - INFO - Job "tarefa_scan_automatico (trigger: interval[0:05:00], next run at: 2026-05-13 20:39:20 -03)" executed successfully
2026-05-13 20:39:20,463 - INFO - Running job "tarefa_scan_automatico (trigger: interval[0:05:00], next run at: 2026-05-13 20:44:20 -03)" (scheduled at 2026-05-13 20:39:20.455530-03:00)
2026-05-13 20:39:20,464 - INFO - \U0001f552 Automação: Iniciando varredura agendada...
2026-05-13 20:39:52,589 - INFO - \u2705 Automação: Varredura concluída com sucesso.
2026-05-13 20:39:52,590 - INFO - Job "tarefa_scan_automatico (trigger: interval[0:05:00], next run at: 2026-05-13 20:44:20 -03)" executed successfully
2026-05-13 20:44:20,462 - INFO - Running job "tarefa_scan_automatico (trigger: interval[0:05:00], next run at: 2026-05-13 20:49:20 -03)" (scheduled at 2026-05-13 20:44:20.455530-03:00)
2026-05-13 20:44:20,462 - INFO - \U0001f552 Automação: Iniciando varredura agendada...
2026-05-13 20:44:52,495 - INFO - \u2705 Automação: Varredura concluída com sucesso.
2026-05-13 20:44:52,495 - INFO - Job "tarefa_scan_automatico (trigger: interval[0:05:00], next run at: 2026-05-13 20:49:20 -03)" executed successfully
2026-05-13 20:49:20,459 - INFO - Running job "tarefa_scan_automatico (trigger: interval[0:05:00], next run at: 2026-05-13 20:54:20 -03)" (scheduled at 2026-05-13 20:49:20.455530-03:00)
2026-05-13 20:49:20,459 - INFO - \U0001f552 Automação: Iniciando varredura agendada...
2026-05-13 20:49:53,918 - INFO - \u2705 Automação: Varredura concluída com sucesso.
2026-05-13 20:49:53,918 - INFO - Job "tarefa_scan_automatico (trigger: interval[0:05:00], next run at: 2026-05-13 20:54:20 -03)" executed successfully
2026-05-13 20:54:20,468 - INFO - Running job "tarefa_scan_automatico (trigger: interval[0:05:00], next run at: 2026-05-13 20:59:20 -03)" (scheduled at 2026-05-13 20:54:20.455530-03:00)
2026-05-13 20:54:20,469 - INFO - \U0001f552 Automação: Iniciando varredura agendada...
2026-05-13 20:54:52,537 - INFO - \u2705 Automação: Varredura concluída com sucesso.
2026-05-13 20:54:52,537 - INFO - Job "tarefa_scan_automatico (trigger: interval[0:05:00], next run at: 2026-05-13 20:59:20 -03)" executed successfully
2026-05-13 20:59:20,467 - INFO - Running job "tarefa_scan_automatico (trigger: interval[0:05:00], next run at: 2026-05-13 21:04:20 -03)" (scheduled at 2026-05-13 20:59:20.455530-03:00)
2026-05-13 20:59:20,468 - INFO - \U0001f552 Automação: Iniciando varredura agendada...
2026-05-13 20:59:53,037 - INFO - \u2705 Automação: Varredura concluída com sucesso.
2026-05-13 20:59:53,037 - INFO - Job "tarefa_scan_automatico (trigger: interval[0:05:00], next run at: 2026-05-13 21:04:20 -03)" executed successfully
2026-05-13 21:04:20,467 - INFO - Running job "tarefa_scan_automatico (trigger: interval[0:05:00], next run at: 2026-05-13 21:09:20 -03)" (scheduled at 2026-05-13 21:04:20.455530-03:00)
2026-05-13 21:04:20,469 - INFO - \U0001f552 Automação: Iniciando varredura agendada...
2026-05-13 21:04:53,554 - INFO - \u2705 Automação: Varredura concluída com sucesso.
2026-05-13 21:04:53,554 - INFO - Job "tarefa_scan_automatico (trigger: interval[0:05:00], next run at: 2026-05-13 21:09:20 -03)" executed successfully
2026-05-13 21:09:20,467 - INFO - Running job "tarefa_scan_automatico (trigger: interval[0:05:00], next run at: 2026-05-13 21:14:20 -03)" (scheduled at 2026-05-13 21:09:20.455530-03:00)
2026-05-13 21:09:20,479 - INFO - \U0001f552 Automação: Iniciando varredura agendada...
2026-05-13 21:09:52,673 - INFO - \u2705 Automação: Varredura concluída com sucesso.
2026-05-13 21:09:52,674 - INFO - Job "tarefa_scan_automatico (trigger: interval[0:05:00], next run at: 2026-05-13 21:14:20 -03)" executed successfully
2026-05-13 21:14:20,472 - INFO - Running job "tarefa_scan_automatico (trigger: interval[0:05:00], next run at: 2026-05-13 21:19:20 -03)" (scheduled at 2026-05-13 21:14:20.455530-03:00)
2026-05-13 21:14:20,480 - INFO - \U0001f552 Automação: Iniciando varredura agendada...
2026-05-13 21:14:52,527 - INFO - \u2705 Automação: Varredura concluída com sucesso.
2026-05-13 21:14:52,527 - INFO - Job "tarefa_scan_automatico (trigger: interval[0:05:00], next run at: 2026-05-13 21:19:20 -03)" executed successfully
2026-05-13 21:19:20,456 - INFO - Running job "tarefa_scan_automatico (trigger: interval[0:05:00], next run at: 2026-05-13 21:24:20 -03)" (scheduled at 2026-05-13 21:19:20.455530-03:00)
2026-05-13 21:19:20,458 - INFO - \U0001f552 Automação: Iniciando varredura agendada...
2026-05-13 21:19:52,816 - INFO - \u2705 Automação: Varredura concluída com sucesso.
2026-05-13 21:19:52,817 - INFO - Job "tarefa_scan_automatico (trigger: interval[0:05:00], next run at: 2026-05-13 21:24:20 -03)" executed successfully
2026-05-13 21:24:20,468 - INFO - Running job "tarefa_scan_automatico (trigger: interval[0:05:00], next run at: 2026-05-13 21:29:20 -03)" (scheduled at 2026-05-13 21:24:20.455530-03:00)
2026-05-13 21:24:20,468 - INFO - \U0001f552 Automação: Iniciando varredura agendada...
2026-05-13 21:24:52,524 - INFO - \u2705 Automação: Varredura concluída com sucesso.
2026-05-13 21:24:52,525 - INFO - Job "tarefa_scan_automatico (trigger: interval[0:05:00], next run at: 2026-05-13 21:29:20 -03)" executed successfully
2026-05-13 21:29:20,461 - INFO - Running job "tarefa_scan_automatico (trigger: interval[0:05:00], next run at: 2026-05-13 21:34:20 -03)" (scheduled at 2026-05-13 21:29:20.455530-03:00)
2026-05-13 21:29:20,462 - INFO - \U0001f552 Automação: Iniciando varredura agendada...
2026-05-13 21:29:52,526 - INFO - \u2705 Automação: Varredura concluída com sucesso.
2026-05-13 21:29:52,526 - INFO - Job "tarefa_scan_automatico (trigger: interval[0:05:00], next run at: 2026-05-13 21:34:20 -03)" executed successfully
2026-05-13 21:34:20,464 - INFO - Running job "tarefa_scan_automatico (trigger: interval[0:05:00], next run at: 2026-05-13 21:39:20 -03)" (scheduled at 2026-05-13 21:34:20.455530-03:00)
2026-05-13 21:34:20,464 - INFO - \U0001f552 Automação: Iniciando varredura agendada...
2026-05-13 21:34:52,475 - INFO - \u2705 Automação: Varredura concluída com sucesso.
2026-05-13 21:34:52,476 - INFO - Job "tarefa_scan_automatico (trigger: interval[0:05:00], next run at: 2026-05-13 21:39:20 -03)" executed successfully
2026-05-13 21:39:20,468 - INFO - Running job "tarefa_scan_automatico (trigger: interval[0:05:00], next run at: 2026-05-13 21:44:20 -03)" (scheduled at 2026-05-13 21:39:20.455530-03:00)
2026-05-13 21:39:20,469 - INFO - \U0001f552 Automação: Iniciando varredura agendada...
2026-05-13 21:39:52,531 - INFO - \u2705 Automação: Varredura concluída com sucesso.
2026-05-13 21:39:52,531 - INFO - Job "tarefa_scan_automatico (trigger: interval[0:05:00], next run at: 2026-05-13 21:44:20 -03)" executed successfully
2026-05-13 21:44:20,469 - INFO - Running job "tarefa_scan_automatico (trigger: interval[0:05:00], next run at: 2026-05-13 21:49:20 -03)" (scheduled at 2026-05-13 21:44:20.455530-03:00)
2026-05-13 21:44:20,478 - INFO - \U0001f552 Automação: Iniciando varredura agendada...
2026-05-13 21:44:52,599 - INFO - \u2705 Automação: Varredura concluída com sucesso.
2026-05-13 21:44:52,599 - INFO - Job "tarefa_scan_automatico (trigger: interval[0:05:00], next run at: 2026-05-13 21:49:20 -03)" executed successfully
2026-05-13 21:49:20,470 - INFO - Running job "tarefa_scan_automatico (trigger: interval[0:05:00], next run at: 2026-05-13 21:54:20 -03)" (scheduled at 2026-05-13 21:49:20.455530-03:00)
2026-05-13 21:49:20,480 - INFO - \U0001f552 Automação: Iniciando varredura agendada...
2026-05-13 21:49:52,680 - INFO - \u2705 Automação: Varredura concluída com sucesso.
2026-05-13 21:49:52,681 - INFO - Job "tarefa_scan_automatico (trigger: interval[0:05:00], next run at: 2026-05-13 21:54:20 -03)" executed successfully
2026-05-13 21:54:20,469 - INFO - Running job "tarefa_scan_automatico (trigger: interval[0:05:00], next run at: 2026-05-13 21:59:20 -03)" (scheduled at 2026-05-13 21:54:20.455530-03:00)
2026-05-13 21:54:20,469 - INFO - \U0001f552 Automação: Iniciando varredura agendada...
2026-05-13 21:54:52,413 - INFO - \u2705 Automação: Varredura concluída com sucesso.
2026-05-13 21:54:52,413 - INFO - Job "tarefa_scan_automatico (trigger: interval[0:05:00], next run at: 2026-05-13 21:59:20 -03)" executed successfully
2026-05-13 21:59:20,460 - INFO - Running job "tarefa_scan_automatico (trigger: interval[0:05:00], next run at: 2026-05-13 22:04:20 -03)" (scheduled at 2026-05-13 21:59:20.455530-03:00)
2026-05-13 21:59:20,461 - INFO - \U0001f552 Automação: Iniciando varredura agendada...
2026-05-13 21:59:52,446 - INFO - \u2705 Automação: Varredura concluída com sucesso.
2026-05-13 21:59:52,447 - INFO - Job "tarefa_scan_automatico (trigger: interval[0:05:00], next run at: 2026-05-13 22:04:20 -03)" executed successfully
2026-05-13 22:04:20,461 - INFO - Running job "tarefa_scan_automatico (trigger: interval[0:05:00], next run at: 2026-05-13 22:09:20 -03)" (scheduled at 2026-05-13 22:04:20.455530-03:00)
2026-05-13 22:04:20,461 - INFO - \U0001f552 Automação: Iniciando varredura agendada...
2026-05-13 22:04:52,388 - INFO - \u2705 Automação: Varredura concluída com sucesso.
2026-05-13 22:04:52,388 - INFO - Job "tarefa_scan_automatico (trigger: interval[0:05:00], next run at: 2026-05-13 22:09:20 -03)" executed successfully
2026-05-13 22:09:20,469 - INFO - Running job "tarefa_scan_automatico (trigger: interval[0:05:00], next run at: 2026-05-13 22:14:20 -03)" (scheduled at 2026-05-13 22:09:20.455530-03:00)
2026-05-13 22:09:20,470 - INFO - \U0001f552 Automação: Iniciando varredura agendada...
2026-05-13 22:09:52,647 - INFO - \u2705 Automação: Varredura concluída com sucesso.
2026-05-13 22:09:52,652 - INFO - Job "tarefa_scan_automatico (trigger: interval[0:05:00], next run at: 2026-05-13 22:14:20 -03)" executed successfully
2026-05-13 22:14:20,465 - INFO - Running job "tarefa_scan_automatico (trigger: interval[0:05:00], next run at: 2026-05-13 22:19:20 -03)" (scheduled at 2026-05-13 22:14:20.455530-03:00)
2026-05-13 22:14:20,474 - INFO - \U0001f552 Automação: Iniciando varredura agendada...
2026-05-13 22:14:52,407 - INFO - \u2705 Automação: Varredura concluída com sucesso.
2026-05-13 22:14:52,407 - INFO - Job "tarefa_scan_automatico (trigger: interval[0:05:00], next run at: 2026-05-13 22:19:20 -03)" executed successfully
2026-05-13 22:19:20,476 - INFO - Running job "tarefa_scan_automatico (trigger: interval[0:05:00], next run at: 2026-05-13 22:24:20 -03)" (scheduled at 2026-05-13 22:19:20.455530-03:00)
2026-05-13 22:19:20,484 - INFO - \U0001f552 Automação: Iniciando varredura agendada...
2026-05-13 22:19:52,505 - INFO - \u2705 Automação: Varredura concluída com sucesso.
2026-05-13 22:19:52,506 - INFO - Job "tarefa_scan_automatico (trigger: interval[0:05:00], next run at: 2026-05-13 22:24:20 -03)" executed successfully
2026-05-13 22:24:20,468 - INFO - Running job "tarefa_scan_automatico (trigger: interval[0:05:00], next run at: 2026-05-13 22:29:20 -03)" (scheduled at 2026-05-13 22:24:20.455530-03:00)
2026-05-13 22:24:20,469 - INFO - \U0001f552 Automação: Iniciando varredura agendada...
2026-05-13 22:24:52,606 - INFO - \u2705 Automação: Varredura concluída com sucesso.
2026-05-13 22:24:52,606 - INFO - Job "tarefa_scan_automatico (trigger: interval[0:05:00], next run at: 2026-05-13 22:29:20 -03)" executed successfully
2026-05-13 22:29:20,470 - INFO - Running job "tarefa_scan_automatico (trigger: interval[0:05:00], next run at: 2026-05-13 22:34:20 -03)" (scheduled at 2026-05-13 22:29:20.455530-03:00)
2026-05-13 22:29:20,471 - INFO - \U0001f552 Automação: Iniciando varredura agendada...
2026-05-13 22:29:52,619 - INFO - \u2705 Automação: Varredura concluída com sucesso.
2026-05-13 22:29:52,619 - INFO - Job "tarefa_scan_automatico (trigger: interval[0:05:00], next run at: 2026-05-13 22:34:20 -03)" executed successfully
2026-05-13 22:34:20,469 - INFO - Running job "tarefa_scan_automatico (trigger: interval[0:05:00], next run at: 2026-05-13 22:39:20 -03)" (scheduled at 2026-05-13 22:34:20.455530-03:00)
2026-05-13 22:34:20,469 - INFO - \U0001f552 Automação: Iniciando varredura agendada...
2026-05-13 22:34:52,486 - INFO - \u2705 Automação: Varredura concluída com sucesso.
2026-05-13 22:34:52,487 - INFO - Job "tarefa_scan_automatico (trigger: interval[0:05:00], next run at: 2026-05-13 22:39:20 -03)" executed successfully
2026-05-13 22:39:20,485 - INFO - Running job "tarefa_scan_automatico (trigger: interval[0:05:00], next run at: 2026-05-13 22:44:20 -03)" (scheduled at 2026-05-13 22:39:20.455530-03:00)
2026-05-13 22:39:20,486 - INFO - \U0001f552 Automação: Iniciando varredura agendada...
2026-05-13 22:39:52,480 - INFO - \u2705 Automação: Varredura concluída com sucesso.
2026-05-13 22:39:52,481 - INFO - Job "tarefa_scan_automatico (trigger: interval[0:05:00], next run at: 2026-05-13 22:44:20 -03)" executed successfully
2026-05-13 22:44:20,476 - INFO - Running job "tarefa_scan_automatico (trigger: interval[0:05:00], next run at: 2026-05-13 22:49:20 -03)" (scheduled at 2026-05-13 22:44:20.455530-03:00)
2026-05-13 22:44:20,477 - INFO - \U0001f552 Automação: Iniciando varredura agendada...
2026-05-13 22:44:52,427 - INFO - \u2705 Automação: Varredura concluída com sucesso.
2026-05-13 22:44:52,427 - INFO - Job "tarefa_scan_automatico (trigger: interval[0:05:00], next run at: 2026-05-13 22:49:20 -03)" executed successfully
2026-05-13 22:49:20,481 - INFO - Running job "tarefa_scan_automatico (trigger: interval[0:05:00], next run at: 2026-05-13 22:54:20 -03)" (scheduled at 2026-05-13 22:49:20.455530-03:00)
2026-05-13 22:49:20,481 - INFO - \U0001f552 Automação: Iniciando varredura agendada...
2026-05-13 22:49:53,805 - INFO - \u2705 Automação: Varredura concluída com sucesso.
2026-05-13 22:49:53,806 - INFO - Job "tarefa_scan_automatico (trigger: interval[0:05:00], next run at: 2026-05-13 22:54:20 -03)" executed successfully
2026-05-13 22:54:20,459 - INFO - Running job "tarefa_scan_automatico (trigger: interval[0:05:00], next run at: 2026-05-13 22:59:20 -03)" (scheduled at 2026-05-13 22:54:20.455530-03:00)
2026-05-13 22:54:20,460 - INFO - \U0001f552 Automação: Iniciando varredura agendada...
2026-05-13 22:54:52,540 - INFO - \u2705 Automação: Varredura concluída com sucesso.
2026-05-13 22:54:52,541 - INFO - Job "tarefa_scan_automatico (trigger: interval[0:05:00], next run at: 2026-05-13 22:59:20 -03)" executed successfully
2026-05-13 22:59:20,474 - INFO - Running job "tarefa_scan_automatico (trigger: interval[0:05:00], next run at: 2026-05-13 23:04:20 -03)" (scheduled at 2026-05-13 22:59:20.455530-03:00)
2026-05-13 22:59:20,474 - INFO - \U0001f552 Automação: Iniciando varredura agendada...
2026-05-13 22:59:52,529 - INFO - \u2705 Automação: Varredura concluída com sucesso.
2026-05-13 22:59:52,529 - INFO - Job "tarefa_scan_automatico (trigger: interval[0:05:00], next run at: 2026-05-13 23:04:20 -03)" executed successfully
2026-05-13 23:04:20,477 - INFO - Running job "tarefa_scan_automatico (trigger: interval[0:05:00], next run at: 2026-05-13 23:09:20 -03)" (scheduled at 2026-05-13 23:04:20.455530-03:00)
2026-05-13 23:04:20,478 - INFO - \U0001f552 Automação: Iniciando varredura agendada...
2026-05-13 23:04:52,516 - INFO - \u2705 Automação: Varredura concluída com sucesso.
2026-05-13 23:04:52,517 - INFO - Job "tarefa_scan_automatico (trigger: interval[0:05:00], next run at: 2026-05-13 23:09:20 -03)" executed successfully
2026-05-13 23:09:20,474 - INFO - Running job "tarefa_scan_automatico (trigger: interval[0:05:00], next run at: 2026-05-13 23:14:20 -03)" (scheduled at 2026-05-13 23:09:20.455530-03:00)
2026-05-13 23:09:20,481 - INFO - \U0001f552 Automação: Iniciando varredura agendada...
2026-05-13 23:09:53,523 - INFO - \u2705 Automação: Varredura concluída com sucesso.
2026-05-13 23:09:53,524 - INFO - Job "tarefa_scan_automatico (trigger: interval[0:05:00], next run at: 2026-05-13 23:14:20 -03)" executed successfully
2026-05-13 23:14:20,465 - INFO - Running job "tarefa_scan_automatico (trigger: interval[0:05:00], next run at: 2026-05-13 23:19:20 -03)" (scheduled at 2026-05-13 23:14:20.455530-03:00)
2026-05-13 23:14:20,466 - INFO - \U0001f552 Automação: Iniciando varredura agendada...
2026-05-13 23:14:52,502 - INFO - \u2705 Automação: Varredura concluída com sucesso.
2026-05-13 23:14:52,502 - INFO - Job "tarefa_scan_automatico (trigger: interval[0:05:00], next run at: 2026-05-13 23:19:20 -03)" executed successfully
2026-05-13 23:19:20,464 - INFO - Running job "tarefa_scan_automatico (trigger: interval[0:05:00], next run at: 2026-05-13 23:24:20 -03)" (scheduled at 2026-05-13 23:19:20.455530-03:00)
2026-05-13 23:19:20,465 - INFO - \U0001f552 Automação: Iniciando varredura agendada...
2026-05-13 23:19:52,558 - INFO - \u2705 Automação: Varredura concluída com sucesso.
2026-05-13 23:19:52,558 - INFO - Job "tarefa_scan_automatico (trigger: interval[0:05:00], next run at: 2026-05-13 23:24:20 -03)" executed successfully
2026-05-13 23:24:20,462 - INFO - Running job "tarefa_scan_automatico (trigger: interval[0:05:00], next run at: 2026-05-13 23:29:20 -03)" (scheduled at 2026-05-13 23:24:20.455530-03:00)
2026-05-13 23:24:20,463 - INFO - \U0001f552 Automação: Iniciando varredura agendada...
2026-05-13 23:24:52,518 - INFO - \u2705 Automação: Varredura concluída com sucesso.
2026-05-13 23:24:52,518 - INFO - Job "tarefa_scan_automatico (trigger: interval[0:05:00], next run at: 2026-05-13 23:29:20 -03)" executed successfully
2026-05-13 23:29:20,472 - INFO - Running job "tarefa_scan_automatico (trigger: interval[0:05:00], next run at: 2026-05-13 23:34:20 -03)" (scheduled at 2026-05-13 23:29:20.455530-03:00)
2026-05-13 23:29:20,472 - INFO - \U0001f552 Automação: Iniciando varredura agendada...
2026-05-13 23:29:52,484 - INFO - \u2705 Automação: Varredura concluída com sucesso.
2026-05-13 23:29:52,485 - INFO - Job "tarefa_scan_automatico (trigger: interval[0:05:00], next run at: 2026-05-13 23:34:20 -03)" executed successfully
2026-05-13 23:34:20,470 - INFO - Running job "tarefa_scan_automatico (trigger: interval[0:05:00], next run at: 2026-05-13 23:39:20 -03)" (scheduled at 2026-05-13 23:34:20.455530-03:00)
2026-05-13 23:34:20,471 - INFO - \U0001f552 Automação: Iniciando varredura agendada...
2026-05-13 23:34:52,606 - INFO - \u2705 Automação: Varredura concluída com sucesso.
2026-05-13 23:34:52,606 - INFO - Job "tarefa_scan_automatico (trigger: interval[0:05:00], next run at: 2026-05-13 23:39:20 -03)" executed successfully
2026-05-13 23:39:20,461 - INFO - Running job "tarefa_scan_automatico (trigger: interval[0:05:00], next run at: 2026-05-13 23:44:20 -03)" (scheduled at 2026-05-13 23:39:20.455530-03:00)
2026-05-13 23:39:20,461 - INFO - \U0001f552 Automação: Iniciando varredura agendada...
2026-05-13 23:39:52,417 - INFO - \u2705 Automação: Varredura concluída com sucesso.
2026-05-13 23:39:52,420 - INFO - Job "tarefa_scan_automatico (trigger: interval[0:05:00], next run at: 2026-05-13 23:44:20 -03)" executed successfully
2026-05-13 23:44:20,469 - INFO - Running job "tarefa_scan_automatico (trigger: interval[0:05:00], next run at: 2026-05-13 23:49:20 -03)" (scheduled at 2026-05-13 23:44:20.455530-03:00)
2026-05-13 23:44:20,470 - INFO - \U0001f552 Automação: Iniciando varredura agendada...
2026-05-13 23:44:52,595 - INFO - \u2705 Automação: Varredura concluída com sucesso.
2026-05-13 23:44:52,596 - INFO - Job "tarefa_scan_automatico (trigger: interval[0:05:00], next run at: 2026-05-13 23:49:20 -03)" executed successfully
2026-05-13 23:49:20,468 - INFO - Running job "tarefa_scan_automatico (trigger: interval[0:05:00], next run at: 2026-05-13 23:54:20 -03)" (scheduled at 2026-05-13 23:49:20.455530-03:00)
2026-05-13 23:49:20,468 - INFO - \U0001f552 Automação: Iniciando varredura agendada...
2026-05-13 23:49:52,432 - INFO - \u2705 Automação: Varredura concluída com sucesso.
2026-05-13 23:49:52,432 - INFO - Job "tarefa_scan_automatico (trigger: interval[0:05:00], next run at: 2026-05-13 23:54:20 -03)" executed successfully
2026-05-13 23:54:20,469 - INFO - Running job "tarefa_scan_automatico (trigger: interval[0:05:00], next run at: 2026-05-13 23:59:20 -03)" (scheduled at 2026-05-13 23:54:20.455530-03:00)
2026-05-13 23:54:20,469 - INFO - \U0001f552 Automação: Iniciando varredura agendada...
2026-05-13 23:54:52,546 - INFO - \u2705 Automação: Varredura concluída com sucesso.
2026-05-13 23:54:52,547 - INFO - Job "tarefa_scan_automatico (trigger: interval[0:05:00], next run at: 2026-05-13 23:59:20 -03)" executed successfully
2026-05-13 23:59:20,462 - INFO - Running job "tarefa_scan_automatico (trigger: interval[0:05:00], next run at: 2026-05-14 00:04:20 -03)" (scheduled at 2026-05-13 23:59:20.455530-03:00)
2026-05-13 23:59:20,462 - INFO - \U0001f552 Automação: Iniciando varredura agendada...
2026-05-13 23:59:52,478 - INFO - \u2705 Automação: Varredura concluída com sucesso.
2026-05-13 23:59:52,480 - INFO - Job "tarefa_scan_automatico (trigger: interval[0:05:00], next run at: 2026-05-14 00:04:20 -03)" executed successfully
2026-05-14 00:04:20,469 - INFO - Running job "tarefa_scan_automatico (trigger: interval[0:05:00], next run at: 2026-05-14 00:09:20 -03)" (scheduled at 2026-05-14 00:04:20.455530-03:00)
2026-05-14 00:04:20,469 - INFO - \U0001f552 Automação: Iniciando varredura agendada...
2026-05-14 00:04:52,515 - INFO - \u2705 Automação: Varredura concluída com sucesso.
2026-05-14 00:04:52,516 - INFO - Job "tarefa_scan_automatico (trigger: interval[0:05:00], next run at: 2026-05-14 00:09:20 -03)" executed successfully
2026-05-14 00:09:20,467 - INFO - Running job "tarefa_scan_automatico (trigger: interval[0:05:00], next run at: 2026-05-14 00:14:20 -03)" (scheduled at 2026-05-14 00:09:20.455530-03:00)
2026-05-14 00:09:20,468 - INFO - \U0001f552 Automação: Iniciando varredura agendada...
2026-05-14 00:09:52,557 - INFO - \u2705 Automação: Varredura concluída com sucesso.
2026-05-14 00:09:52,557 - INFO - Job "tarefa_scan_automatico (trigger: interval[0:05:00], next run at: 2026-05-14 00:14:20 -03)" executed successfully
2026-05-14 00:14:20,472 - INFO - Running job "tarefa_scan_automatico (trigger: interval[0:05:00], next run at: 2026-05-14 00:19:20 -03)" (scheduled at 2026-05-14 00:14:20.455530-03:00)
2026-05-14 00:14:20,473 - INFO - \U0001f552 Automação: Iniciando varredura agendada...
2026-05-14 00:14:52,659 - INFO - \u2705 Automação: Varredura concluída com sucesso.
2026-05-14 00:14:52,659 - INFO - Job "tarefa_scan_automatico (trigger: interval[0:05:00], next run at: 2026-05-14 00:19:20 -03)" executed successfully
2026-05-14 00:19:20,470 - INFO - Running job "tarefa_scan_automatico (trigger: interval[0:05:00], next run at: 2026-05-14 00:24:20 -03)" (scheduled at 2026-05-14 00:19:20.455530-03:00)
2026-05-14 00:19:20,472 - INFO - \U0001f552 Automação: Iniciando varredura agendada...
2026-05-14 00:19:52,538 - INFO - \u2705 Automação: Varredura concluída com sucesso.
2026-05-14 00:19:52,538 - INFO - Job "tarefa_scan_automatico (trigger: interval[0:05:00], next run at: 2026-05-14 00:24:20 -03)" executed successfully
2026-05-14 00:24:20,458 - INFO - Running job "tarefa_scan_automatico (trigger: interval[0:05:00], next run at: 2026-05-14 00:29:20 -03)" (scheduled at 2026-05-14 00:24:20.455530-03:00)
2026-05-14 00:24:20,458 - INFO - \U0001f552 Automação: Iniciando varredura agendada...
2026-05-14 00:24:52,487 - INFO - \u2705 Automação: Varredura concluída com sucesso.
2026-05-14 00:24:52,488 - INFO - Job "tarefa_scan_automatico (trigger: interval[0:05:00], next run at: 2026-05-14 00:29:20 -03)" executed successfully
2026-05-14 00:29:20,457 - INFO - Running job "tarefa_scan_automatico (trigger: interval[0:05:00], next run at: 2026-05-14 00:34:20 -03)" (scheduled at 2026-05-14 00:29:20.455530-03:00)
2026-05-14 00:29:20,458 - INFO - \U0001f552 Automação: Iniciando varredura agendada...
2026-05-14 00:29:52,420 - INFO - \u2705 Automação: Varredura concluída com sucesso.
2026-05-14 00:29:52,421 - INFO - Job "tarefa_scan_automatico (trigger: interval[0:05:00], next run at: 2026-05-14 00:34:20 -03)" executed successfully
2026-05-14 00:34:20,467 - INFO - Running job "tarefa_scan_automatico (trigger: interval[0:05:00], next run at: 2026-05-14 00:39:20 -03)" (scheduled at 2026-05-14 00:34:20.455530-03:00)
2026-05-14 00:34:20,468 - INFO - \U0001f552 Automação: Iniciando varredura agendada...
2026-05-14 00:34:52,522 - INFO - \u2705 Automação: Varredura concluída com sucesso.
2026-05-14 00:34:52,522 - INFO - Job "tarefa_scan_automatico (trigger: interval[0:05:00], next run at: 2026-05-14 00:39:20 -03)" executed successfully
2026-05-14 00:39:20,467 - INFO - Running job "tarefa_scan_automatico (trigger: interval[0:05:00], next run at: 2026-05-14 00:44:20 -03)" (scheduled at 2026-05-14 00:39:20.455530-03:00)
2026-05-14 00:39:20,476 - INFO - \U0001f552 Automação: Iniciando varredura agendada...
2026-05-14 00:39:52,607 - INFO - \u2705 Automação: Varredura concluída com sucesso.
2026-05-14 00:39:52,607 - INFO - Job "tarefa_scan_automatico (trigger: interval[0:05:00], next run at: 2026-05-14 00:44:20 -03)" executed successfully
2026-05-14 00:44:20,456 - INFO - Running job "tarefa_scan_automatico (trigger: interval[0:05:00], next run at: 2026-05-14 00:49:20 -03)" (scheduled at 2026-05-14 00:44:20.455530-03:00)
2026-05-14 00:44:20,456 - INFO - \U0001f552 Automação: Iniciando varredura agendada...
2026-05-14 00:44:52,450 - INFO - \u2705 Automação: Varredura concluída com sucesso.
2026-05-14 00:44:52,450 - INFO - Job "tarefa_scan_automatico (trigger: interval[0:05:00], next run at: 2026-05-14 00:49:20 -03)" executed successfully
2026-05-14 00:49:20,478 - INFO - Running job "tarefa_scan_automatico (trigger: interval[0:05:00], next run at: 2026-05-14 00:54:20 -03)" (scheduled at 2026-05-14 00:49:20.455530-03:00)
2026-05-14 00:49:20,478 - INFO - \U0001f552 Automação: Iniciando varredura agendada...
2026-05-14 00:49:52,476 - INFO - \u2705 Automação: Varredura concluída com sucesso.
2026-05-14 00:49:52,476 - INFO - Job "tarefa_scan_automatico (trigger: interval[0:05:00], next run at: 2026-05-14 00:54:20 -03)" executed successfully
2026-05-14 00:54:20,467 - INFO - Running job "tarefa_scan_automatico (trigger: interval[0:05:00], next run at: 2026-05-14 00:59:20 -03)" (scheduled at 2026-05-14 00:54:20.455530-03:00)
2026-05-14 00:54:20,468 - INFO - \U0001f552 Automação: Iniciando varredura agendada...
2026-05-14 00:54:53,453 - INFO - \u2705 Automação: Varredura concluída com sucesso.
2026-05-14 00:54:53,453 - INFO - Job "tarefa_scan_automatico (trigger: interval[0:05:00], next run at: 2026-05-14 00:59:20 -03)" executed successfully
2026-05-14 00:59:20,463 - INFO - Running job "tarefa_scan_automatico (trigger: interval[0:05:00], next run at: 2026-05-14 01:04:20 -03)" (scheduled at 2026-05-14 00:59:20.455530-03:00)
2026-05-14 00:59:20,463 - INFO - \U0001f552 Automação: Iniciando varredura agendada...
2026-05-14 00:59:52,414 - INFO - \u2705 Automação: Varredura concluída com sucesso.
2026-05-14 00:59:52,414 - INFO - Job "tarefa_scan_automatico (trigger: interval[0:05:00], next run at: 2026-05-14 01:04:20 -03)" executed successfully
2026-05-14 01:04:20,469 - INFO - Running job "tarefa_scan_automatico (trigger: interval[0:05:00], next run at: 2026-05-14 01:09:20 -03)" (scheduled at 2026-05-14 01:04:20.455530-03:00)
2026-05-14 01:04:20,470 - INFO - \U0001f552 Automação: Iniciando varredura agendada...
2026-05-14 01:04:52,471 - INFO - \u2705 Automação: Varredura concluída com sucesso.
2026-05-14 01:04:52,471 - INFO - Job "tarefa_scan_automatico (trigger: interval[0:05:00], next run at: 2026-05-14 01:09:20 -03)" executed successfully
2026-05-14 01:09:20,469 - INFO - Running job "tarefa_scan_automatico (trigger: interval[0:05:00], next run at: 2026-05-14 01:14:20 -03)" (scheduled at 2026-05-14 01:09:20.455530-03:00)
2026-05-14 01:09:20,470 - INFO - \U0001f552 Automação: Iniciando varredura agendada...
2026-05-14 01:09:52,536 - INFO - \u2705 Automação: Varredura concluída com sucesso.
2026-05-14 01:09:52,536 - INFO - Job "tarefa_scan_automatico (trigger: interval[0:05:00], next run at: 2026-05-14 01:14:20 -03)" executed successfully
2026-05-14 01:14:20,460 - INFO - Running job "tarefa_scan_automatico (trigger: interval[0:05:00], next run at: 2026-05-14 01:19:20 -03)" (scheduled at 2026-05-14 01:14:20.455530-03:00)
2026-05-14 01:14:20,461 - INFO - \U0001f552 Automação: Iniciando varredura agendada...
2026-05-14 01:14:52,393 - INFO - \u2705 Automação: Varredura concluída com sucesso.
2026-05-14 01:14:52,394 - INFO - Job "tarefa_scan_automatico (trigger: interval[0:05:00], next run at: 2026-05-14 01:19:20 -03)" executed successfully
2026-05-14 01:19:20,467 - INFO - Running job "tarefa_scan_automatico (trigger: interval[0:05:00], next run at: 2026-05-14 01:24:20 -03)" (scheduled at 2026-05-14 01:19:20.455530-03:00)
2026-05-14 01:19:20,468 - INFO - \U0001f552 Automação: Iniciando varredura agendada...
2026-05-14 01:19:52,461 - INFO - \u2705 Automação: Varredura concluída com sucesso.
2026-05-14 01:19:52,461 - INFO - Job "tarefa_scan_automatico (trigger: interval[0:05:00], next run at: 2026-05-14 01:24:20 -03)" executed successfully
2026-05-14 01:24:20,467 - INFO - Running job "tarefa_scan_automatico (trigger: interval[0:05:00], next run at: 2026-05-14 01:29:20 -03)" (scheduled at 2026-05-14 01:24:20.455530-03:00)
2026-05-14 01:24:20,468 - INFO - \U0001f552 Automação: Iniciando varredura agendada...
2026-05-14 01:24:52,572 - INFO - \u2705 Automação: Varredura concluída com sucesso.
2026-05-14 01:24:52,572 - INFO - Job "tarefa_scan_automatico (trigger: interval[0:05:00], next run at: 2026-05-14 01:29:20 -03)" executed successfully
2026-05-14 01:29:20,478 - INFO - Running job "tarefa_scan_automatico (trigger: interval[0:05:00], next run at: 2026-05-14 01:34:20 -03)" (scheduled at 2026-05-14 01:29:20.455530-03:00)
2026-05-14 01:29:20,479 - INFO - \U0001f552 Automação: Iniciando varredura agendada...
2026-05-14 01:29:52,474 - INFO - \u2705 Automação: Varredura concluída com sucesso.
2026-05-14 01:29:52,475 - INFO - Job "tarefa_scan_automatico (trigger: interval[0:05:00], next run at: 2026-05-14 01:34:20 -03)" executed successfully
2026-05-14 01:34:20,460 - INFO - Running job "tarefa_scan_automatico (trigger: interval[0:05:00], next run at: 2026-05-14 01:39:20 -03)" (scheduled at 2026-05-14 01:34:20.455530-03:00)
2026-05-14 01:34:20,461 - INFO - \U0001f552 Automação: Iniciando varredura agendada...
2026-05-14 01:34:54,140 - INFO - \u2705 Automação: Varredura concluída com sucesso.
2026-05-14 01:34:54,140 - INFO - Job "tarefa_scan_automatico (trigger: interval[0:05:00], next run at: 2026-05-14 01:39:20 -03)" executed successfully
2026-05-14 01:39:20,467 - INFO - Running job "tarefa_scan_automatico (trigger: interval[0:05:00], next run at: 2026-05-14 01:44:20 -03)" (scheduled at 2026-05-14 01:39:20.455530-03:00)
2026-05-14 01:39:20,468 - INFO - \U0001f552 Automação: Iniciando varredura agendada...
2026-05-14 01:39:52,564 - INFO - \u2705 Automação: Varredura concluída com sucesso.
2026-05-14 01:39:52,565 - INFO - Job "tarefa_scan_automatico (trigger: interval[0:05:00], next run at: 2026-05-14 01:44:20 -03)" executed successfully
2026-05-14 01:44:20,466 - INFO - Running job "tarefa_scan_automatico (trigger: interval[0:05:00], next run at: 2026-05-14 01:49:20 -03)" (scheduled at 2026-05-14 01:44:20.455530-03:00)
2026-05-14 01:44:20,467 - INFO - \U0001f552 Automação: Iniciando varredura agendada...
2026-05-14 01:44:52,411 - INFO - \u2705 Automação: Varredura concluída com sucesso.
2026-05-14 01:44:52,412 - INFO - Job "tarefa_scan_automatico (trigger: interval[0:05:00], next run at: 2026-05-14 01:49:20 -03)" executed successfully
2026-05-14 01:49:20,466 - INFO - Running job "tarefa_scan_automatico (trigger: interval[0:05:00], next run at: 2026-05-14 01:54:20 -03)" (scheduled at 2026-05-14 01:49:20.455530-03:00)
2026-05-14 01:49:20,467 - INFO - \U0001f552 Automação: Iniciando varredura agendada...
2026-05-14 01:49:52,620 - INFO - \u2705 Automação: Varredura concluída com sucesso.
2026-05-14 01:49:52,620 - INFO - Job "tarefa_scan_automatico (trigger: interval[0:05:00], next run at: 2026-05-14 01:54:20 -03)" executed successfully
2026-05-14 01:54:20,470 - INFO - Running job "tarefa_scan_automatico (trigger: interval[0:05:00], next run at: 2026-05-14 01:59:20 -03)" (scheduled at 2026-05-14 01:54:20.455530-03:00)
2026-05-14 01:54:20,470 - INFO - \U0001f552 Automação: Iniciando varredura agendada...
2026-05-14 01:54:52,371 - INFO - \u2705 Automação: Varredura concluída com sucesso.
2026-05-14 01:54:52,373 - INFO - Job "tarefa_scan_automatico (trigger: interval[0:05:00], next run at: 2026-05-14 01:59:20 -03)" executed successfully
2026-05-14 01:59:20,461 - INFO - Running job "tarefa_scan_automatico (trigger: interval[0:05:00], next run at: 2026-05-14 02:04:20 -03)" (scheduled at 2026-05-14 01:59:20.455530-03:00)
2026-05-14 01:59:20,462 - INFO - \U0001f552 Automação: Iniciando varredura agendada...
2026-05-14 01:59:52,439 - INFO - \u2705 Automação: Varredura concluída com sucesso.
2026-05-14 01:59:52,440 - INFO - Job "tarefa_scan_automatico (trigger: interval[0:05:00], next run at: 2026-05-14 02:04:20 -03)" executed successfully
2026-05-14 02:04:20,460 - INFO - Running job "tarefa_scan_automatico (trigger: interval[0:05:00], next run at: 2026-05-14 02:09:20 -03)" (scheduled at 2026-05-14 02:04:20.455530-03:00)
2026-05-14 02:04:20,461 - INFO - \U0001f552 Automação: Iniciando varredura agendada...
2026-05-14 02:04:52,424 - INFO - \u2705 Automação: Varredura concluída com sucesso.
2026-05-14 02:04:52,425 - INFO - Job "tarefa_scan_automatico (trigger: interval[0:05:00], next run at: 2026-05-14 02:09:20 -03)" executed successfully
2026-05-14 02:09:20,469 - INFO - Running job "tarefa_scan_automatico (trigger: interval[0:05:00], next run at: 2026-05-14 02:14:20 -03)" (scheduled at 2026-05-14 02:09:20.455530-03:00)
2026-05-14 02:09:20,470 - INFO - \U0001f552 Automação: Iniciando varredura agendada...
2026-05-14 02:09:52,471 - INFO - \u2705 Automação: Varredura concluída com sucesso.
2026-05-14 02:09:52,472 - INFO - Job "tarefa_scan_automatico (trigger: interval[0:05:00], next run at: 2026-05-14 02:14:20 -03)" executed successfully
2026-05-14 02:14:20,469 - INFO - Running job "tarefa_scan_automatico (trigger: interval[0:05:00], next run at: 2026-05-14 02:19:20 -03)" (scheduled at 2026-05-14 02:14:20.455530-03:00)
2026-05-14 02:14:20,476 - INFO - \U0001f552 Automação: Iniciando varredura agendada...
2026-05-14 02:14:52,504 - INFO - \u2705 Automação: Varredura concluída com sucesso.
2026-05-14 02:14:52,504 - INFO - Job "tarefa_scan_automatico (trigger: interval[0:05:00], next run at: 2026-05-14 02:19:20 -03)" executed successfully
2026-05-14 02:19:20,463 - INFO - Running job "tarefa_scan_automatico (trigger: interval[0:05:00], next run at: 2026-05-14 02:24:20 -03)" (scheduled at 2026-05-14 02:19:20.455530-03:00)
2026-05-14 02:19:20,464 - INFO - \U0001f552 Automação: Iniciando varredura agendada...
2026-05-14 02:19:52,767 - INFO - \u2705 Automação: Varredura concluída com sucesso.
2026-05-14 02:19:52,767 - INFO - Job "tarefa_scan_automatico (trigger: interval[0:05:00], next run at: 2026-05-14 02:24:20 -03)" executed successfully
2026-05-14 02:24:20,465 - INFO - Running job "tarefa_scan_automatico (trigger: interval[0:05:00], next run at: 2026-05-14 02:29:20 -03)" (scheduled at 2026-05-14 02:24:20.455530-03:00)
2026-05-14 02:24:20,466 - INFO - \U0001f552 Automação: Iniciando varredura agendada...
2026-05-14 02:24:52,424 - INFO - \u2705 Automação: Varredura concluída com sucesso.
2026-05-14 02:24:52,425 - INFO - Job "tarefa_scan_automatico (trigger: interval[0:05:00], next run at: 2026-05-14 02:29:20 -03)" executed successfully
2026-05-14 02:29:20,464 - INFO - Running job "tarefa_scan_automatico (trigger: interval[0:05:00], next run at: 2026-05-14 02:34:20 -03)" (scheduled at 2026-05-14 02:29:20.455530-03:00)
2026-05-14 02:29:20,465 - INFO - \U0001f552 Automação: Iniciando varredura agendada...
2026-05-14 02:29:52,474 - INFO - \u2705 Automação: Varredura concluída com sucesso.
2026-05-14 02:29:52,476 - INFO - Job "tarefa_scan_automatico (trigger: interval[0:05:00], next run at: 2026-05-14 02:34:20 -03)" executed successfully
2026-05-14 02:34:20,465 - INFO - Running job "tarefa_scan_automatico (trigger: interval[0:05:00], next run at: 2026-05-14 02:39:20 -03)" (scheduled at 2026-05-14 02:34:20.455530-03:00)
2026-05-14 02:34:20,466 - INFO - \U0001f552 Automação: Iniciando varredura agendada...
2026-05-14 02:34:52,585 - INFO - \u2705 Automação: Varredura concluída com sucesso.
2026-05-14 02:34:52,585 - INFO - Job "tarefa_scan_automatico (trigger: interval[0:05:00], next run at: 2026-05-14 02:39:20 -03)" executed successfully
2026-05-14 02:39:20,470 - INFO - Running job "tarefa_scan_automatico (trigger: interval[0:05:00], next run at: 2026-05-14 02:44:20 -03)" (scheduled at 2026-05-14 02:39:20.455530-03:00)
2026-05-14 02:39:20,472 - INFO - \U0001f552 Automação: Iniciando varredura agendada...
2026-05-14 02:39:52,578 - INFO - \u2705 Automação: Varredura concluída com sucesso.
2026-05-14 02:39:52,578 - INFO - Job "tarefa_scan_automatico (trigger: interval[0:05:00], next run at: 2026-05-14 02:44:20 -03)" executed successfully
2026-05-14 02:44:20,472 - INFO - Running job "tarefa_scan_automatico (trigger: interval[0:05:00], next run at: 2026-05-14 02:49:20 -03)" (scheduled at 2026-05-14 02:44:20.455530-03:00)
2026-05-14 02:44:20,472 - INFO - \U0001f552 Automação: Iniciando varredura agendada...
2026-05-14 02:44:52,494 - INFO - \u2705 Automação: Varredura concluída com sucesso.
2026-05-14 02:44:52,494 - INFO - Job "tarefa_scan_automatico (trigger: interval[0:05:00], next run at: 2026-05-14 02:49:20 -03)" executed successfully
2026-05-14 02:49:20,466 - INFO - Running job "tarefa_scan_automatico (trigger: interval[0:05:00], next run at: 2026-05-14 02:54:20 -03)" (scheduled at 2026-05-14 02:49:20.455530-03:00)
2026-05-14 02:49:20,467 - INFO - \U0001f552 Automação: Iniciando varredura agendada...
2026-05-14 02:49:52,435 - INFO - \u2705 Automação: Varredura concluída com sucesso.
2026-05-14 02:49:52,436 - INFO - Job "tarefa_scan_automatico (trigger: interval[0:05:00], next run at: 2026-05-14 02:54:20 -03)" executed successfully
2026-05-14 02:54:20,465 - INFO - Running job "tarefa_scan_automatico (trigger: interval[0:05:00], next run at: 2026-05-14 02:59:20 -03)" (scheduled at 2026-05-14 02:54:20.455530-03:00)
2026-05-14 02:54:20,474 - INFO - \U0001f552 Automação: Iniciando varredura agendada...
2026-05-14 02:54:53,477 - INFO - \u2705 Automação: Varredura concluída com sucesso.
2026-05-14 02:54:53,477 - INFO - Job "tarefa_scan_automatico (trigger: interval[0:05:00], next run at: 2026-05-14 02:59:20 -03)" executed successfully
2026-05-14 02:59:20,469 - INFO - Running job "tarefa_scan_automatico (trigger: interval[0:05:00], next run at: 2026-05-14 03:04:20 -03)" (scheduled at 2026-05-14 02:59:20.455530-03:00)
2026-05-14 02:59:20,470 - INFO - \U0001f552 Automação: Iniciando varredura agendada...
2026-05-14 02:59:52,488 - INFO - \u2705 Automação: Varredura concluída com sucesso.
2026-05-14 02:59:52,488 - INFO - Job "tarefa_scan_automatico (trigger: interval[0:05:00], next run at: 2026-05-14 03:04:20 -03)" executed successfully
2026-05-14 03:04:20,458 - INFO - Running job "tarefa_scan_automatico (trigger: interval[0:05:00], next run at: 2026-05-14 03:09:20 -03)" (scheduled at 2026-05-14 03:04:20.455530-03:00)
2026-05-14 03:04:20,459 - INFO - \U0001f552 Automação: Iniciando varredura agendada...
2026-05-14 03:04:52,410 - INFO - \u2705 Automação: Varredura concluída com sucesso.
2026-05-14 03:04:52,410 - INFO - Job "tarefa_scan_automatico (trigger: interval[0:05:00], next run at: 2026-05-14 03:09:20 -03)" executed successfully
2026-05-14 03:09:20,462 - INFO - Running job "tarefa_scan_automatico (trigger: interval[0:05:00], next run at: 2026-05-14 03:14:20 -03)" (scheduled at 2026-05-14 03:09:20.455530-03:00)
2026-05-14 03:09:20,463 - INFO - \U0001f552 Automação: Iniciando varredura agendada...
2026-05-14 03:09:52,477 - INFO - \u2705 Automação: Varredura concluída com sucesso.
2026-05-14 03:09:52,477 - INFO - Job "tarefa_scan_automatico (trigger: interval[0:05:00], next run at: 2026-05-14 03:14:20 -03)" executed successfully
2026-05-14 03:14:20,462 - INFO - Running job "tarefa_scan_automatico (trigger: interval[0:05:00], next run at: 2026-05-14 03:19:20 -03)" (scheduled at 2026-05-14 03:14:20.455530-03:00)
2026-05-14 03:14:20,462 - INFO - \U0001f552 Automação: Iniciando varredura agendada...
2026-05-14 03:14:52,420 - INFO - \u2705 Automação: Varredura concluída com sucesso.
2026-05-14 03:14:52,420 - INFO - Job "tarefa_scan_automatico (trigger: interval[0:05:00], next run at: 2026-05-14 03:19:20 -03)" executed successfully
2026-05-14 03:19:20,463 - INFO - Running job "tarefa_scan_automatico (trigger: interval[0:05:00], next run at: 2026-05-14 03:24:20 -03)" (scheduled at 2026-05-14 03:19:20.455530-03:00)
2026-05-14 03:19:20,464 - INFO - \U0001f552 Automação: Iniciando varredura agendada...
2026-05-14 03:19:52,447 - INFO - \u2705 Automação: Varredura concluída com sucesso.
2026-05-14 03:19:52,448 - INFO - Job "tarefa_scan_automatico (trigger: interval[0:05:00], next run at: 2026-05-14 03:24:20 -03)" executed successfully
2026-05-14 03:24:20,470 - INFO - Running job "tarefa_scan_automatico (trigger: interval[0:05:00], next run at: 2026-05-14 03:29:20 -03)" (scheduled at 2026-05-14 03:24:20.455530-03:00)
2026-05-14 03:24:20,471 - INFO - \U0001f552 Automação: Iniciando varredura agendada...
2026-05-14 03:24:52,468 - INFO - \u2705 Automação: Varredura concluída com sucesso.
2026-05-14 03:24:52,472 - INFO - Job "tarefa_scan_automatico (trigger: interval[0:05:00], next run at: 2026-05-14 03:29:20 -03)" executed successfully
2026-05-14 03:29:20,462 - INFO - Running job "tarefa_scan_automatico (trigger: interval[0:05:00], next run at: 2026-05-14 03:34:20 -03)" (scheduled at 2026-05-14 03:29:20.455530-03:00)
2026-05-14 03:29:20,463 - INFO - \U0001f552 Automação: Iniciando varredura agendada...
2026-05-14 03:29:52,529 - INFO - \u2705 Automação: Varredura concluída com sucesso.
2026-05-14 03:29:52,529 - INFO - Job "tarefa_scan_automatico (trigger: interval[0:05:00], next run at: 2026-05-14 03:34:20 -03)" executed successfully
2026-05-14 03:34:20,459 - INFO - Running job "tarefa_scan_automatico (trigger: interval[0:05:00], next run at: 2026-05-14 03:39:20 -03)" (scheduled at 2026-05-14 03:34:20.455530-03:00)
2026-05-14 03:34:20,461 - INFO - \U0001f552 Automação: Iniciando varredura agendada...
2026-05-14 03:34:52,507 - INFO - \u2705 Automação: Varredura concluída com sucesso.
2026-05-14 03:34:52,508 - INFO - Job "tarefa_scan_automatico (trigger: interval[0:05:00], next run at: 2026-05-14 03:39:20 -03)" executed successfully
2026-05-14 03:39:20,478 - INFO - Running job "tarefa_scan_automatico (trigger: interval[0:05:00], next run at: 2026-05-14 03:44:20 -03)" (scheduled at 2026-05-14 03:39:20.455530-03:00)
2026-05-14 03:39:20,478 - INFO - \U0001f552 Automação: Iniciando varredura agendada...
2026-05-14 03:39:53,909 - INFO - \u2705 Automação: Varredura concluída com sucesso.
2026-05-14 03:39:53,910 - INFO - Job "tarefa_scan_automatico (trigger: interval[0:05:00], next run at: 2026-05-14 03:44:20 -03)" executed successfully
2026-05-14 03:44:20,476 - INFO - Running job "tarefa_scan_automatico (trigger: interval[0:05:00], next run at: 2026-05-14 03:49:20 -03)" (scheduled at 2026-05-14 03:44:20.455530-03:00)
2026-05-14 03:44:20,477 - INFO - \U0001f552 Automação: Iniciando varredura agendada...
2026-05-14 03:44:52,431 - INFO - \u2705 Automação: Varredura concluída com sucesso.
2026-05-14 03:44:52,432 - INFO - Job "tarefa_scan_automatico (trigger: interval[0:05:00], next run at: 2026-05-14 03:49:20 -03)" executed successfully
2026-05-14 03:49:20,468 - INFO - Running job "tarefa_scan_automatico (trigger: interval[0:05:00], next run at: 2026-05-14 03:54:20 -03)" (scheduled at 2026-05-14 03:49:20.455530-03:00)
2026-05-14 03:49:20,469 - INFO - \U0001f552 Automação: Iniciando varredura agendada...
2026-05-14 03:49:52,529 - INFO - \u2705 Automação: Varredura concluída com sucesso.
2026-05-14 03:49:52,530 - INFO - Job "tarefa_scan_automatico (trigger: interval[0:05:00], next run at: 2026-05-14 03:54:20 -03)" executed successfully
2026-05-14 03:54:20,466 - INFO - Running job "tarefa_scan_automatico (trigger: interval[0:05:00], next run at: 2026-05-14 03:59:20 -03)" (scheduled at 2026-05-14 03:54:20.455530-03:00)
2026-05-14 03:54:20,467 - INFO - \U0001f552 Automação: Iniciando varredura agendada...
2026-05-14 03:54:52,499 - INFO - \u2705 Automação: Varredura concluída com sucesso.
2026-05-14 03:54:52,499 - INFO - Job "tarefa_scan_automatico (trigger: interval[0:05:00], next run at: 2026-05-14 03:59:20 -03)" executed successfully
2026-05-14 03:59:20,460 - INFO - Running job "tarefa_scan_automatico (trigger: interval[0:05:00], next run at: 2026-05-14 04:04:20 -03)" (scheduled at 2026-05-14 03:59:20.455530-03:00)
2026-05-14 03:59:20,461 - INFO - \U0001f552 Automação: Iniciando varredura agendada...
2026-05-14 03:59:52,524 - INFO - \u2705 Automação: Varredura concluída com sucesso.
2026-05-14 03:59:52,525 - INFO - Job "tarefa_scan_automatico (trigger: interval[0:05:00], next run at: 2026-05-14 04:04:20 -03)" executed successfully
2026-05-14 04:04:20,461 - INFO - Running job "tarefa_scan_automatico (trigger: interval[0:05:00], next run at: 2026-05-14 04:09:20 -03)" (scheduled at 2026-05-14 04:04:20.455530-03:00)
2026-05-14 04:04:20,469 - INFO - \U0001f552 Automação: Iniciando varredura agendada...
2026-05-14 04:04:52,395 - INFO - \u2705 Automação: Varredura concluída com sucesso.
2026-05-14 04:04:52,396 - INFO - Job "tarefa_scan_automatico (trigger: interval[0:05:00], next run at: 2026-05-14 04:09:20 -03)" executed successfully
2026-05-14 04:09:20,463 - INFO - Running job "tarefa_scan_automatico (trigger: interval[0:05:00], next run at: 2026-05-14 04:14:20 -03)" (scheduled at 2026-05-14 04:09:20.455530-03:00)
2026-05-14 04:09:20,464 - INFO - \U0001f552 Automação: Iniciando varredura agendada...
2026-05-14 04:09:52,424 - INFO - \u2705 Automação: Varredura concluída com sucesso.
2026-05-14 04:09:52,424 - INFO - Job "tarefa_scan_automatico (trigger: interval[0:05:00], next run at: 2026-05-14 04:14:20 -03)" executed successfully
2026-05-14 04:14:20,470 - INFO - Running job "tarefa_scan_automatico (trigger: interval[0:05:00], next run at: 2026-05-14 04:19:20 -03)" (scheduled at 2026-05-14 04:14:20.455530-03:00)
2026-05-14 04:14:20,471 - INFO - \U0001f552 Automação: Iniciando varredura agendada...
2026-05-14 04:14:52,541 - INFO - \u2705 Automação: Varredura concluída com sucesso.
2026-05-14 04:14:52,549 - INFO - Job "tarefa_scan_automatico (trigger: interval[0:05:00], next run at: 2026-05-14 04:19:20 -03)" executed successfully
2026-05-14 04:19:20,462 - INFO - Running job "tarefa_scan_automatico (trigger: interval[0:05:00], next run at: 2026-05-14 04:24:20 -03)" (scheduled at 2026-05-14 04:19:20.455530-03:00)
2026-05-14 04:19:20,463 - INFO - \U0001f552 Automação: Iniciando varredura agendada...
2026-05-14 04:19:52,619 - INFO - \u2705 Automação: Varredura concluída com sucesso.
2026-05-14 04:19:52,619 - INFO - Job "tarefa_scan_automatico (trigger: interval[0:05:00], next run at: 2026-05-14 04:24:20 -03)" executed successfully
2026-05-14 04:24:20,461 - INFO - Running job "tarefa_scan_automatico (trigger: interval[0:05:00], next run at: 2026-05-14 04:29:20 -03)" (scheduled at 2026-05-14 04:24:20.455530-03:00)
2026-05-14 04:24:20,468 - INFO - \U0001f552 Automação: Iniciando varredura agendada...
2026-05-14 04:24:52,424 - INFO - \u2705 Automação: Varredura concluída com sucesso.
2026-05-14 04:24:52,425 - INFO - Job "tarefa_scan_automatico (trigger: interval[0:05:00], next run at: 2026-05-14 04:29:20 -03)" executed successfully
2026-05-14 04:29:20,470 - INFO - Running job "tarefa_scan_automatico (trigger: interval[0:05:00], next run at: 2026-05-14 04:34:20 -03)" (scheduled at 2026-05-14 04:29:20.455530-03:00)
2026-05-14 04:29:20,471 - INFO - \U0001f552 Automação: Iniciando varredura agendada...
2026-05-14 04:29:52,544 - INFO - \u2705 Automação: Varredura concluída com sucesso.
2026-05-14 04:29:52,544 - INFO - Job "tarefa_scan_automatico (trigger: interval[0:05:00], next run at: 2026-05-14 04:34:20 -03)" executed successfully
2026-05-14 04:34:20,472 - INFO - Running job "tarefa_scan_automatico (trigger: interval[0:05:00], next run at: 2026-05-14 04:39:20 -03)" (scheduled at 2026-05-14 04:34:20.455530-03:00)
2026-05-14 04:34:20,473 - INFO - \U0001f552 Automação: Iniciando varredura agendada...
2026-05-14 04:34:52,530 - INFO - \u2705 Automação: Varredura concluída com sucesso.
2026-05-14 04:34:52,531 - INFO - Job "tarefa_scan_automatico (trigger: interval[0:05:00], next run at: 2026-05-14 04:39:20 -03)" executed successfully
2026-05-14 04:39:20,467 - INFO - Running job "tarefa_scan_automatico (trigger: interval[0:05:00], next run at: 2026-05-14 04:44:20 -03)" (scheduled at 2026-05-14 04:39:20.455530-03:00)
2026-05-14 04:39:20,468 - INFO - \U0001f552 Automação: Iniciando varredura agendada...
2026-05-14 04:39:52,528 - INFO - \u2705 Automação: Varredura concluída com sucesso.
2026-05-14 04:39:52,529 - INFO - Job "tarefa_scan_automatico (trigger: interval[0:05:00], next run at: 2026-05-14 04:44:20 -03)" executed successfully
2026-05-14 04:44:20,470 - INFO - Running job "tarefa_scan_automatico (trigger: interval[0:05:00], next run at: 2026-05-14 04:49:20 -03)" (scheduled at 2026-05-14 04:44:20.455530-03:00)
2026-05-14 04:44:20,471 - INFO - \U0001f552 Automação: Iniciando varredura agendada...
2026-05-14 04:44:52,450 - INFO - \u2705 Automação: Varredura concluída com sucesso.
2026-05-14 04:44:52,450 - INFO - Job "tarefa_scan_automatico (trigger: interval[0:05:00], next run at: 2026-05-14 04:49:20 -03)" executed successfully
2026-05-14 04:49:20,462 - INFO - Running job "tarefa_scan_automatico (trigger: interval[0:05:00], next run at: 2026-05-14 04:54:20 -03)" (scheduled at 2026-05-14 04:49:20.455530-03:00)
2026-05-14 04:49:20,462 - INFO - \U0001f552 Automação: Iniciando varredura agendada...
2026-05-14 04:49:52,445 - INFO - \u2705 Automação: Varredura concluída com sucesso.
2026-05-14 04:49:52,453 - INFO - Job "tarefa_scan_automatico (trigger: interval[0:05:00], next run at: 2026-05-14 04:54:20 -03)" executed successfully
2026-05-14 04:54:20,468 - INFO - Running job "tarefa_scan_automatico (trigger: interval[0:05:00], next run at: 2026-05-14 04:59:20 -03)" (scheduled at 2026-05-14 04:54:20.455530-03:00)
2026-05-14 04:54:20,469 - INFO - \U0001f552 Automação: Iniciando varredura agendada...
2026-05-14 04:54:52,420 - INFO - \u2705 Automação: Varredura concluída com sucesso.
2026-05-14 04:54:52,421 - INFO - Job "tarefa_scan_automatico (trigger: interval[0:05:00], next run at: 2026-05-14 04:59:20 -03)" executed successfully
2026-05-14 04:59:20,471 - INFO - Running job "tarefa_scan_automatico (trigger: interval[0:05:00], next run at: 2026-05-14 05:04:20 -03)" (scheduled at 2026-05-14 04:59:20.455530-03:00)
2026-05-14 04:59:20,472 - INFO - \U0001f552 Automação: Iniciando varredura agendada...
2026-05-14 04:59:53,480 - INFO - \u2705 Automação: Varredura concluída com sucesso.
2026-05-14 04:59:53,480 - INFO - Job "tarefa_scan_automatico (trigger: interval[0:05:00], next run at: 2026-05-14 05:04:20 -03)" executed successfully
2026-05-14 05:04:20,469 - INFO - Running job "tarefa_scan_automatico (trigger: interval[0:05:00], next run at: 2026-05-14 05:09:20 -03)" (scheduled at 2026-05-14 05:04:20.455530-03:00)
2026-05-14 05:04:20,470 - INFO - \U0001f552 Automação: Iniciando varredura agendada...
2026-05-14 05:04:52,513 - INFO - \u2705 Automação: Varredura concluída com sucesso.
2026-05-14 05:04:52,514 - INFO - Job "tarefa_scan_automatico (trigger: interval[0:05:00], next run at: 2026-05-14 05:09:20 -03)" executed successfully
2026-05-14 05:09:20,460 - INFO - Running job "tarefa_scan_automatico (trigger: interval[0:05:00], next run at: 2026-05-14 05:14:20 -03)" (scheduled at 2026-05-14 05:09:20.455530-03:00)
2026-05-14 05:09:20,461 - INFO - \U0001f552 Automação: Iniciando varredura agendada...
2026-05-14 05:09:52,539 - INFO - \u2705 Automação: Varredura concluída com sucesso.
2026-05-14 05:09:52,539 - INFO - Job "tarefa_scan_automatico (trigger: interval[0:05:00], next run at: 2026-05-14 05:14:20 -03)" executed successfully
2026-05-14 05:14:20,465 - INFO - Running job "tarefa_scan_automatico (trigger: interval[0:05:00], next run at: 2026-05-14 05:19:20 -03)" (scheduled at 2026-05-14 05:14:20.455530-03:00)
2026-05-14 05:14:20,467 - INFO - \U0001f552 Automação: Iniciando varredura agendada...
2026-05-14 05:14:52,559 - INFO - \u2705 Automação: Varredura concluída com sucesso.
2026-05-14 05:14:52,560 - INFO - Job "tarefa_scan_automatico (trigger: interval[0:05:00], next run at: 2026-05-14 05:19:20 -03)" executed successfully
2026-05-14 05:19:20,470 - INFO - Running job "tarefa_scan_automatico (trigger: interval[0:05:00], next run at: 2026-05-14 05:24:20 -03)" (scheduled at 2026-05-14 05:19:20.455530-03:00)
2026-05-14 05:19:20,470 - INFO - \U0001f552 Automação: Iniciando varredura agendada...
2026-05-14 05:19:52,684 - INFO - \u2705 Automação: Varredura concluída com sucesso.
2026-05-14 05:19:52,687 - INFO - Job "tarefa_scan_automatico (trigger: interval[0:05:00], next run at: 2026-05-14 05:24:20 -03)" executed successfully
2026-05-14 05:24:20,468 - INFO - Running job "tarefa_scan_automatico (trigger: interval[0:05:00], next run at: 2026-05-14 05:29:20 -03)" (scheduled at 2026-05-14 05:24:20.455530-03:00)
2026-05-14 05:24:20,469 - INFO - \U0001f552 Automação: Iniciando varredura agendada...
2026-05-14 05:24:52,398 - INFO - \u2705 Automação: Varredura concluída com sucesso.
2026-05-14 05:24:52,399 - INFO - Job "tarefa_scan_automatico (trigger: interval[0:05:00], next run at: 2026-05-14 05:29:20 -03)" executed successfully
2026-05-14 05:29:20,471 - INFO - Running job "tarefa_scan_automatico (trigger: interval[0:05:00], next run at: 2026-05-14 05:34:20 -03)" (scheduled at 2026-05-14 05:29:20.455530-03:00)
2026-05-14 05:29:20,472 - INFO - \U0001f552 Automação: Iniciando varredura agendada...
2026-05-14 05:29:52,690 - INFO - \u2705 Automação: Varredura concluída com sucesso.
2026-05-14 05:29:52,690 - INFO - Job "tarefa_scan_automatico (trigger: interval[0:05:00], next run at: 2026-05-14 05:34:20 -03)" executed successfully
2026-05-14 05:34:20,472 - INFO - Running job "tarefa_scan_automatico (trigger: interval[0:05:00], next run at: 2026-05-14 05:39:20 -03)" (scheduled at 2026-05-14 05:34:20.455530-03:00)
2026-05-14 05:34:20,473 - INFO - \U0001f552 Automação: Iniciando varredura agendada...
2026-05-14 05:34:52,554 - INFO - \u2705 Automação: Varredura concluída com sucesso.
2026-05-14 05:34:52,554 - INFO - Job "tarefa_scan_automatico (trigger: interval[0:05:00], next run at: 2026-05-14 05:39:20 -03)" executed successfully
2026-05-14 05:39:20,464 - INFO - Running job "tarefa_scan_automatico (trigger: interval[0:05:00], next run at: 2026-05-14 05:44:20 -03)" (scheduled at 2026-05-14 05:39:20.455530-03:00)
2026-05-14 05:39:20,465 - INFO - \U0001f552 Automação: Iniciando varredura agendada...
2026-05-14 05:39:52,566 - INFO - \u2705 Automação: Varredura concluída com sucesso.
2026-05-14 05:39:52,566 - INFO - Job "tarefa_scan_automatico (trigger: interval[0:05:00], next run at: 2026-05-14 05:44:20 -03)" executed successfully
2026-05-14 05:44:20,468 - INFO - Running job "tarefa_scan_automatico (trigger: interval[0:05:00], next run at: 2026-05-14 05:49:20 -03)" (scheduled at 2026-05-14 05:44:20.455530-03:00)
2026-05-14 05:44:20,468 - INFO - \U0001f552 Automação: Iniciando varredura agendada...
2026-05-14 05:44:54,564 - INFO - \u2705 Automação: Varredura concluída com sucesso.
2026-05-14 05:44:54,565 - INFO - Job "tarefa_scan_automatico (trigger: interval[0:05:00], next run at: 2026-05-14 05:49:20 -03)" executed successfully
2026-05-14 05:49:20,460 - INFO - Running job "tarefa_scan_automatico (trigger: interval[0:05:00], next run at: 2026-05-14 05:54:20 -03)" (scheduled at 2026-05-14 05:49:20.455530-03:00)
2026-05-14 05:49:20,461 - INFO - \U0001f552 Automação: Iniciando varredura agendada...
2026-05-14 05:49:52,696 - INFO - \u2705 Automação: Varredura concluída com sucesso.
2026-05-14 05:49:52,702 - INFO - Job "tarefa_scan_automatico (trigger: interval[0:05:00], next run at: 2026-05-14 05:54:20 -03)" executed successfully
2026-05-14 05:54:20,477 - INFO - Running job "tarefa_scan_automatico (trigger: interval[0:05:00], next run at: 2026-05-14 05:59:20 -03)" (scheduled at 2026-05-14 05:54:20.455530-03:00)
2026-05-14 05:54:20,477 - INFO - \U0001f552 Automação: Iniciando varredura agendada...
2026-05-14 05:54:52,378 - INFO - \u2705 Automação: Varredura concluída com sucesso.
2026-05-14 05:54:52,379 - INFO - Job "tarefa_scan_automatico (trigger: interval[0:05:00], next run at: 2026-05-14 05:59:20 -03)" executed successfully
2026-05-14 05:59:20,464 - INFO - Running job "tarefa_scan_automatico (trigger: interval[0:05:00], next run at: 2026-05-14 06:04:20 -03)" (scheduled at 2026-05-14 05:59:20.455530-03:00)
2026-05-14 05:59:20,464 - INFO - \U0001f552 Automação: Iniciando varredura agendada...
2026-05-14 05:59:52,401 - INFO - \u2705 Automação: Varredura concluída com sucesso.
2026-05-14 05:59:52,401 - INFO - Job "tarefa_scan_automatico (trigger: interval[0:05:00], next run at: 2026-05-14 06:04:20 -03)" executed successfully
2026-05-14 06:04:20,464 - INFO - Running job "tarefa_scan_automatico (trigger: interval[0:05:00], next run at: 2026-05-14 06:09:20 -03)" (scheduled at 2026-05-14 06:04:20.455530-03:00)
2026-05-14 06:04:20,465 - INFO - \U0001f552 Automação: Iniciando varredura agendada...
2026-05-14 06:04:52,426 - INFO - \u2705 Automação: Varredura concluída com sucesso.
2026-05-14 06:04:52,426 - INFO - Job "tarefa_scan_automatico (trigger: interval[0:05:00], next run at: 2026-05-14 06:09:20 -03)" executed successfully
2026-05-14 06:09:20,461 - INFO - Running job "tarefa_scan_automatico (trigger: interval[0:05:00], next run at: 2026-05-14 06:14:20 -03)" (scheduled at 2026-05-14 06:09:20.455530-03:00)
2026-05-14 06:09:20,462 - INFO - \U0001f552 Automação: Iniciando varredura agendada...
2026-05-14 06:09:52,399 - INFO - \u2705 Automação: Varredura concluída com sucesso.
2026-05-14 06:09:52,399 - INFO - Job "tarefa_scan_automatico (trigger: interval[0:05:00], next run at: 2026-05-14 06:14:20 -03)" executed successfully
2026-05-14 06:14:20,462 - INFO - Running job "tarefa_scan_automatico (trigger: interval[0:05:00], next run at: 2026-05-14 06:19:20 -03)" (scheduled at 2026-05-14 06:14:20.455530-03:00)
2026-05-14 06:14:20,463 - INFO - \U0001f552 Automação: Iniciando varredura agendada...
2026-05-14 06:14:52,452 - INFO - \u2705 Automação: Varredura concluída com sucesso.
2026-05-14 06:14:52,453 - INFO - Job "tarefa_scan_automatico (trigger: interval[0:05:00], next run at: 2026-05-14 06:19:20 -03)" executed successfully
2026-05-14 06:19:20,458 - INFO - Running job "tarefa_scan_automatico (trigger: interval[0:05:00], next run at: 2026-05-14 06:24:20 -03)" (scheduled at 2026-05-14 06:19:20.455530-03:00)
2026-05-14 06:19:20,467 - INFO - \U0001f552 Automação: Iniciando varredura agendada...
2026-05-14 06:19:52,544 - INFO - \u2705 Automação: Varredura concluída com sucesso.
2026-05-14 06:19:52,544 - INFO - Job "tarefa_scan_automatico (trigger: interval[0:05:00], next run at: 2026-05-14 06:24:20 -03)" executed successfully
2026-05-14 06:24:20,459 - INFO - Running job "tarefa_scan_automatico (trigger: interval[0:05:00], next run at: 2026-05-14 06:29:20 -03)" (scheduled at 2026-05-14 06:24:20.455530-03:00)
2026-05-14 06:24:20,459 - INFO - \U0001f552 Automação: Iniciando varredura agendada...
2026-05-14 06:24:52,468 - INFO - \u2705 Automação: Varredura concluída com sucesso.
2026-05-14 06:24:52,477 - INFO - Job "tarefa_scan_automatico (trigger: interval[0:05:00], next run at: 2026-05-14 06:29:20 -03)" executed successfully
2026-05-14 06:29:20,463 - INFO - Running job "tarefa_scan_automatico (trigger: interval[0:05:00], next run at: 2026-05-14 06:34:20 -03)" (scheduled at 2026-05-14 06:29:20.455530-03:00)
2026-05-14 06:29:20,463 - INFO - \U0001f552 Automação: Iniciando varredura agendada...
2026-05-14 06:29:52,323 - INFO - \u2705 Automação: Varredura concluída com sucesso.
2026-05-14 06:29:52,324 - INFO - Job "tarefa_scan_automatico (trigger: interval[0:05:00], next run at: 2026-05-14 06:34:20 -03)" executed successfully
2026-05-14 06:34:20,470 - INFO - Running job "tarefa_scan_automatico (trigger: interval[0:05:00], next run at: 2026-05-14 06:39:20 -03)" (scheduled at 2026-05-14 06:34:20.455530-03:00)
2026-05-14 06:34:20,470 - INFO - \U0001f552 Automação: Iniciando varredura agendada...
2026-05-14 06:34:52,382 - INFO - \u2705 Automação: Varredura concluída com sucesso.
2026-05-14 06:34:52,383 - INFO - Job "tarefa_scan_automatico (trigger: interval[0:05:00], next run at: 2026-05-14 06:39:20 -03)" executed successfully
2026-05-14 06:39:20,457 - INFO - Running job "tarefa_scan_automatico (trigger: interval[0:05:00], next run at: 2026-05-14 06:44:20 -03)" (scheduled at 2026-05-14 06:39:20.455530-03:00)
2026-05-14 06:39:20,473 - INFO - \U0001f552 Automação: Iniciando varredura agendada...
2026-05-14 06:39:52,340 - INFO - \u2705 Automação: Varredura concluída com sucesso.
2026-05-14 06:39:52,341 - INFO - Job "tarefa_scan_automatico (trigger: interval[0:05:00], next run at: 2026-05-14 06:44:20 -03)" executed successfully
2026-05-14 06:44:20,459 - INFO - Running job "tarefa_scan_automatico (trigger: interval[0:05:00], next run at: 2026-05-14 06:49:20 -03)" (scheduled at 2026-05-14 06:44:20.455530-03:00)
2026-05-14 06:44:20,459 - INFO - \U0001f552 Automação: Iniciando varredura agendada...
2026-05-14 06:44:52,450 - INFO - \u2705 Automação: Varredura concluída com sucesso.
2026-05-14 06:44:52,450 - INFO - Job "tarefa_scan_automatico (trigger: interval[0:05:00], next run at: 2026-05-14 06:49:20 -03)" executed successfully
2026-05-14 06:49:20,468 - INFO - Running job "tarefa_scan_automatico (trigger: interval[0:05:00], next run at: 2026-05-14 06:54:20 -03)" (scheduled at 2026-05-14 06:49:20.455530-03:00)
2026-05-14 06:49:20,469 - INFO - \U0001f552 Automação: Iniciando varredura agendada...
2026-05-14 06:49:52,431 - INFO - \u2705 Automação: Varredura concluída com sucesso.
2026-05-14 06:49:52,431 - INFO - Job "tarefa_scan_automatico (trigger: interval[0:05:00], next run at: 2026-05-14 06:54:20 -03)" executed successfully
2026-05-14 06:54:20,471 - INFO - Running job "tarefa_scan_automatico (trigger: interval[0:05:00], next run at: 2026-05-14 06:59:20 -03)" (scheduled at 2026-05-14 06:54:20.455530-03:00)
2026-05-14 06:54:20,472 - INFO - \U0001f552 Automação: Iniciando varredura agendada...
2026-05-14 06:54:52,404 - INFO - \u2705 Automação: Varredura concluída com sucesso.
2026-05-14 06:54:52,404 - INFO - Job "tarefa_scan_automatico (trigger: interval[0:05:00], next run at: 2026-05-14 06:59:20 -03)" executed successfully
2026-05-14 06:59:20,462 - INFO - Running job "tarefa_scan_automatico (trigger: interval[0:05:00], next run at: 2026-05-14 07:04:20 -03)" (scheduled at 2026-05-14 06:59:20.455530-03:00)
2026-05-14 06:59:20,463 - INFO - \U0001f552 Automação: Iniciando varredura agendada...
2026-05-14 06:59:53,517 - INFO - \u2705 Automação: Varredura concluída com sucesso.
2026-05-14 06:59:53,517 - INFO - Job "tarefa_scan_automatico (trigger: interval[0:05:00], next run at: 2026-05-14 07:04:20 -03)" executed successfully
2026-05-14 07:04:20,474 - INFO - Running job "tarefa_scan_automatico (trigger: interval[0:05:00], next run at: 2026-05-14 07:09:20 -03)" (scheduled at 2026-05-14 07:04:20.455530-03:00)
2026-05-14 07:04:20,477 - INFO - \U0001f552 Automação: Iniciando varredura agendada...
2026-05-14 07:04:52,442 - INFO - \u2705 Automação: Varredura concluída com sucesso.
2026-05-14 07:04:52,442 - INFO - Job "tarefa_scan_automatico (trigger: interval[0:05:00], next run at: 2026-05-14 07:09:20 -03)" executed successfully
2026-05-14 07:09:20,466 - INFO - Running job "tarefa_scan_automatico (trigger: interval[0:05:00], next run at: 2026-05-14 07:14:20 -03)" (scheduled at 2026-05-14 07:09:20.455530-03:00)
2026-05-14 07:09:20,467 - INFO - \U0001f552 Automação: Iniciando varredura agendada...
2026-05-14 07:09:52,385 - INFO - \u2705 Automação: Varredura concluída com sucesso.
2026-05-14 07:09:52,385 - INFO - Job "tarefa_scan_automatico (trigger: interval[0:05:00], next run at: 2026-05-14 07:14:20 -03)" executed successfully
2026-05-14 07:14:20,468 - INFO - Running job "tarefa_scan_automatico (trigger: interval[0:05:00], next run at: 2026-05-14 07:19:20 -03)" (scheduled at 2026-05-14 07:14:20.455530-03:00)
2026-05-14 07:14:20,469 - INFO - \U0001f552 Automação: Iniciando varredura agendada...
2026-05-14 07:14:52,469 - INFO - \u2705 Automação: Varredura concluída com sucesso.
2026-05-14 07:14:52,470 - INFO - Job "tarefa_scan_automatico (trigger: interval[0:05:00], next run at: 2026-05-14 07:19:20 -03)" executed successfully
2026-05-14 07:19:20,467 - INFO - Running job "tarefa_scan_automatico (trigger: interval[0:05:00], next run at: 2026-05-14 07:24:20 -03)" (scheduled at 2026-05-14 07:19:20.455530-03:00)
2026-05-14 07:19:20,476 - INFO - \U0001f552 Automação: Iniciando varredura agendada...
2026-05-14 07:19:52,523 - INFO - \u2705 Automação: Varredura concluída com sucesso.
2026-05-14 07:19:52,523 - INFO - Job "tarefa_scan_automatico (trigger: interval[0:05:00], next run at: 2026-05-14 07:24:20 -03)" executed successfully
2026-05-14 07:24:20,464 - INFO - Running job "tarefa_scan_automatico (trigger: interval[0:05:00], next run at: 2026-05-14 07:29:20 -03)" (scheduled at 2026-05-14 07:24:20.455530-03:00)
2026-05-14 07:24:20,464 - INFO - \U0001f552 Automação: Iniciando varredura agendada...
2026-05-14 07:24:52,448 - INFO - \u2705 Automação: Varredura concluída com sucesso.
2026-05-14 07:24:52,449 - INFO - Job "tarefa_scan_automatico (trigger: interval[0:05:00], next run at: 2026-05-14 07:29:20 -03)" executed successfully
2026-05-14 07:29:20,460 - INFO - Running job "tarefa_scan_automatico (trigger: interval[0:05:00], next run at: 2026-05-14 07:34:20 -03)" (scheduled at 2026-05-14 07:29:20.455530-03:00)
2026-05-14 07:29:20,469 - INFO - \U0001f552 Automação: Iniciando varredura agendada...
2026-05-14 07:29:52,524 - INFO - \u2705 Automação: Varredura concluída com sucesso.
2026-05-14 07:29:52,524 - INFO - Job "tarefa_scan_automatico (trigger: interval[0:05:00], next run at: 2026-05-14 07:34:20 -03)" executed successfully
2026-05-14 07:34:20,473 - INFO - Running job "tarefa_scan_automatico (trigger: interval[0:05:00], next run at: 2026-05-14 07:39:20 -03)" (scheduled at 2026-05-14 07:34:20.455530-03:00)
2026-05-14 07:34:20,473 - INFO - \U0001f552 Automação: Iniciando varredura agendada...
2026-05-14 07:34:52,571 - INFO - \u2705 Automação: Varredura concluída com sucesso.
2026-05-14 07:34:52,572 - INFO - Job "tarefa_scan_automatico (trigger: interval[0:05:00], next run at: 2026-05-14 07:39:20 -03)" executed successfully
2026-05-14 07:39:20,474 - INFO - Running job "tarefa_scan_automatico (trigger: interval[0:05:00], next run at: 2026-05-14 07:44:20 -03)" (scheduled at 2026-05-14 07:39:20.455530-03:00)
2026-05-14 07:39:20,476 - INFO - \U0001f552 Automação: Iniciando varredura agendada...
2026-05-14 07:39:52,442 - INFO - \u2705 Automação: Varredura concluída com sucesso.
2026-05-14 07:39:52,442 - INFO - Job "tarefa_scan_automatico (trigger: interval[0:05:00], next run at: 2026-05-14 07:44:20 -03)" executed successfully
2026-05-14 07:44:20,468 - INFO - Running job "tarefa_scan_automatico (trigger: interval[0:05:00], next run at: 2026-05-14 07:49:20 -03)" (scheduled at 2026-05-14 07:44:20.455530-03:00)
2026-05-14 07:44:20,469 - INFO - \U0001f552 Automação: Iniciando varredura agendada...
2026-05-14 07:44:52,444 - INFO - \u2705 Automação: Varredura concluída com sucesso.
2026-05-14 07:44:52,447 - INFO - Job "tarefa_scan_automatico (trigger: interval[0:05:00], next run at: 2026-05-14 07:49:20 -03)" executed successfully
2026-05-14 07:49:20,457 - INFO - Running job "tarefa_scan_automatico (trigger: interval[0:05:00], next run at: 2026-05-14 07:54:20 -03)" (scheduled at 2026-05-14 07:49:20.455530-03:00)
2026-05-14 07:49:20,458 - INFO - \U0001f552 Automação: Iniciando varredura agendada...
2026-05-14 07:49:52,488 - INFO - \u2705 Automação: Varredura concluída com sucesso.
2026-05-14 07:49:52,488 - INFO - Job "tarefa_scan_automatico (trigger: interval[0:05:00], next run at: 2026-05-14 07:54:20 -03)" executed successfully
2026-05-14 07:54:20,477 - INFO - Running job "tarefa_scan_automatico (trigger: interval[0:05:00], next run at: 2026-05-14 07:59:20 -03)" (scheduled at 2026-05-14 07:54:20.455530-03:00)
2026-05-14 07:54:20,478 - INFO - \U0001f552 Automação: Iniciando varredura agendada...
2026-05-14 07:54:52,466 - INFO - \u2705 Automação: Varredura concluída com sucesso.
2026-05-14 07:54:52,466 - INFO - Job "tarefa_scan_automatico (trigger: interval[0:05:00], next run at: 2026-05-14 07:59:20 -03)" executed successfully
2026-05-14 07:59:20,460 - INFO - Running job "tarefa_scan_automatico (trigger: interval[0:05:00], next run at: 2026-05-14 08:04:20 -03)" (scheduled at 2026-05-14 07:59:20.455530-03:00)
2026-05-14 07:59:20,466 - INFO - \U0001f552 Automação: Iniciando varredura agendada...
2026-05-14 07:59:54,178 - INFO - \u2705 Automação: Varredura concluída com sucesso.
2026-05-14 07:59:54,178 - INFO - Job "tarefa_scan_automatico (trigger: interval[0:05:00], next run at: 2026-05-14 08:04:20 -03)" executed successfully
2026-05-14 08:04:20,507 - INFO - Running job "tarefa_scan_automatico (trigger: interval[0:05:00], next run at: 2026-05-14 08:09:20 -03)" (scheduled at 2026-05-14 08:04:20.455530-03:00)
2026-05-14 08:04:20,529 - INFO - \U0001f552 Automação: Iniciando varredura agendada...
2026-05-14 08:04:53,029 - INFO - \u2705 Automação: Varredura concluída com sucesso.
2026-05-14 08:04:53,032 - INFO - Job "tarefa_scan_automatico (trigger: interval[0:05:00], next run at: 2026-05-14 08:09:20 -03)" executed successfully
2026-05-14 08:09:20,521 - INFO - Running job "tarefa_scan_automatico (trigger: interval[0:05:00], next run at: 2026-05-14 08:14:20 -03)" (scheduled at 2026-05-14 08:09:20.455530-03:00)
2026-05-14 08:09:20,539 - INFO - \U0001f552 Automação: Iniciando varredura agendada...
2026-05-14 08:09:52,967 - INFO - \u2705 Automação: Varredura concluída com sucesso.
2026-05-14 08:09:52,969 - INFO - Job "tarefa_scan_automatico (trigger: interval[0:05:00], next run at: 2026-05-14 08:14:20 -03)" executed successfully
2026-05-14 08:14:20,467 - INFO - Running job "tarefa_scan_automatico (trigger: interval[0:05:00], next run at: 2026-05-14 08:19:20 -03)" (scheduled at 2026-05-14 08:14:20.455530-03:00)
2026-05-14 08:14:20,468 - INFO - \U0001f552 Automação: Iniciando varredura agendada...
2026-05-14 08:14:52,735 - INFO - \u2705 Automação: Varredura concluída com sucesso.
2026-05-14 08:14:52,736 - INFO - Job "tarefa_scan_automatico (trigger: interval[0:05:00], next run at: 2026-05-14 08:19:20 -03)" executed successfully
2026-05-14 08:19:20,470 - INFO - Running job "tarefa_scan_automatico (trigger: interval[0:05:00], next run at: 2026-05-14 08:24:20 -03)" (scheduled at 2026-05-14 08:19:20.455530-03:00)
2026-05-14 08:19:20,479 - INFO - \U0001f552 Automação: Iniciando varredura agendada...
2026-05-14 08:19:52,681 - INFO - \u2705 Automação: Varredura concluída com sucesso.
2026-05-14 08:19:52,681 - INFO - Job "tarefa_scan_automatico (trigger: interval[0:05:00], next run at: 2026-05-14 08:24:20 -03)" executed successfully
2026-05-14 08:24:20,493 - INFO - Running job "tarefa_scan_automatico (trigger: interval[0:05:00], next run at: 2026-05-14 08:29:20 -03)" (scheduled at 2026-05-14 08:24:20.455530-03:00)
2026-05-14 08:24:20,513 - INFO - \U0001f552 Automação: Iniciando varredura agendada...
2026-05-14 08:24:53,152 - INFO - \u2705 Automação: Varredura concluída com sucesso.
2026-05-14 08:24:53,154 - INFO - Job "tarefa_scan_automatico (trigger: interval[0:05:00], next run at: 2026-05-14 08:29:20 -03)" executed successfully
2026-05-14 08:29:20,492 - INFO - Running job "tarefa_scan_automatico (trigger: interval[0:05:00], next run at: 2026-05-14 08:34:20 -03)" (scheduled at 2026-05-14 08:29:20.455530-03:00)
2026-05-14 08:29:20,499 - INFO - \U0001f552 Automação: Iniciando varredura agendada...
2026-05-14 08:29:52,898 - INFO - \u2705 Automação: Varredura concluída com sucesso.
2026-05-14 08:29:52,900 - INFO - Job "tarefa_scan_automatico (trigger: interval[0:05:00], next run at: 2026-05-14 08:34:20 -03)" executed successfully
2026-05-14 08:34:20,528 - INFO - Running job "tarefa_scan_automatico (trigger: interval[0:05:00], next run at: 2026-05-14 08:39:20 -03)" (scheduled at 2026-05-14 08:34:20.455530-03:00)
2026-05-14 08:34:20,547 - INFO - \U0001f552 Automação: Iniciando varredura agendada...
2026-05-14 08:34:53,241 - INFO - \u2705 Automação: Varredura concluída com sucesso.
2026-05-14 08:34:53,244 - INFO - Job "tarefa_scan_automatico (trigger: interval[0:05:00], next run at: 2026-05-14 08:39:20 -03)" executed successfully
2026-05-14 08:39:20,504 - INFO - Running job "tarefa_scan_automatico (trigger: interval[0:05:00], next run at: 2026-05-14 08:44:20 -03)" (scheduled at 2026-05-14 08:39:20.455530-03:00)
2026-05-14 08:39:20,524 - INFO - \U0001f552 Automação: Iniciando varredura agendada...
2026-05-14 08:39:52,687 - INFO - \u2705 Automação: Varredura concluída com sucesso.
2026-05-14 08:39:52,691 - INFO - Job "tarefa_scan_automatico (trigger: interval[0:05:00], next run at: 2026-05-14 08:44:20 -03)" executed successfully
2026-05-14 08:44:20,523 - INFO - Running job "tarefa_scan_automatico (trigger: interval[0:05:00], next run at: 2026-05-14 08:49:20 -03)" (scheduled at 2026-05-14 08:44:20.455530-03:00)
2026-05-14 08:44:20,558 - INFO - \U0001f552 Automação: Iniciando varredura agendada...
2026-05-14 08:44:52,901 - INFO - \u2705 Automação: Varredura concluída com sucesso.
2026-05-14 08:44:52,906 - INFO - Job "tarefa_scan_automatico (trigger: interval[0:05:00], next run at: 2026-05-14 08:49:20 -03)" executed successfully
2026-05-14 08:49:20,529 - INFO - Running job "tarefa_scan_automatico (trigger: interval[0:05:00], next run at: 2026-05-14 08:54:20 -03)" (scheduled at 2026-05-14 08:49:20.455530-03:00)
2026-05-14 08:49:20,553 - INFO - \U0001f552 Automação: Iniciando varredura agendada...
2026-05-14 08:49:52,957 - INFO - \u2705 Automação: Varredura concluída com sucesso.
2026-05-14 08:49:52,961 - INFO - Job "tarefa_scan_automatico (trigger: interval[0:05:00], next run at: 2026-05-14 08:54:20 -03)" executed successfully
2026-05-14 08:54:20,505 - INFO - Running job "tarefa_scan_automatico (trigger: interval[0:05:00], next run at: 2026-05-14 08:59:20 -03)" (scheduled at 2026-05-14 08:54:20.455530-03:00)
2026-05-14 08:54:20,526 - INFO - \U0001f552 Automação: Iniciando varredura agendada...
2026-05-14 08:54:53,096 - INFO - \u2705 Automação: Varredura concluída com sucesso.
2026-05-14 08:54:53,099 - INFO - Job "tarefa_scan_automatico (trigger: interval[0:05:00], next run at: 2026-05-14 08:59:20 -03)" executed successfully
2026-05-14 08:59:20,531 - INFO - Running job "tarefa_scan_automatico (trigger: interval[0:05:00], next run at: 2026-05-14 08:59:20 -03)" (scheduled at 2026-05-14 08:59:20.455530-03:00)
2026-05-14 08:59:20,557 - INFO - \U0001f552 Automação: Iniciando varredura agendada...
2026-05-14 08:59:52,873 - INFO - \u2705 Automação: Varredura concluída com sucesso.
2026-05-14 08:59:52,877 - INFO - Job "tarefa_scan_automatico (trigger: interval[0:05:00], next run at: 2026-05-14 09:04:20 -03)" executed successfully
2026-05-14 09:04:20,604 - INFO - Running job "tarefa_scan_automatico (trigger: interval[0:05:00], next run at: 2026-05-14 09:09:20 -03)" (scheduled at 2026-05-14 09:04:20.455530-03:00)
2026-05-14 09:04:20,641 - INFO - \U0001f552 Automação: Iniciando varredura agendada...
2026-05-14 09:04:55,441 - INFO - \u2705 Automação: Varredura concluída com sucesso.
2026-05-14 09:04:55,448 - INFO - Job "tarefa_scan_automatico (trigger: interval[0:05:00], next run at: 2026-05-14 09:09:20 -03)" executed successfully
2026-05-14 09:09:20,516 - INFO - Running job "tarefa_scan_automatico (trigger: interval[0:05:00], next run at: 2026-05-14 09:14:20 -03)" (scheduled at 2026-05-14 09:09:20.455530-03:00)
2026-05-14 09:09:20,535 - INFO - \U0001f552 Automação: Iniciando varredura agendada...
2026-05-14 09:09:52,972 - INFO - \u2705 Automação: Varredura concluída com sucesso.
2026-05-14 09:09:52,976 - INFO - Job "tarefa_scan_automatico (trigger: interval[0:05:00], next run at: 2026-05-14 09:14:20 -03)" executed successfully
2026-05-14 09:14:20,511 - INFO - Running job "tarefa_scan_automatico (trigger: interval[0:05:00], next run at: 2026-05-14 09:19:20 -03)" (scheduled at 2026-05-14 09:14:20.455530-03:00)
2026-05-14 09:14:20,533 - INFO - \U0001f552 Automação: Iniciando varredura agendada...
2026-05-14 09:14:53,190 - INFO - \u2705 Automação: Varredura concluída com sucesso.
2026-05-14 09:14:53,214 - INFO - Job "tarefa_scan_automatico (trigger: interval[0:05:00], next run at: 2026-05-14 09:19:20 -03)" executed successfully
2026-05-14 09:19:20,523 - INFO - Running job "tarefa_scan_automatico (trigger: interval[0:05:00], next run at: 2026-05-14 09:24:20 -03)" (scheduled at 2026-05-14 09:19:20.455530-03:00)
2026-05-14 09:19:20,578 - INFO - \U0001f552 Automação: Iniciando varredura agendada...
2026-05-14 09:19:53,038 - INFO - \u2705 Automação: Varredura concluída com sucesso.
2026-05-14 09:19:53,041 - INFO - Job "tarefa_scan_automatico (trigger: interval[0:05:00], next run at: 2026-05-14 09:24:20 -03)" executed successfully
2026-05-14 09:24:20,524 - INFO - Running job "tarefa_scan_automatico (trigger: interval[0:05:00], next run at: 2026-05-14 09:29:20 -03)" (scheduled at 2026-05-14 09:24:20.455530-03:00)
2026-05-14 09:24:20,561 - INFO - \U0001f552 Automação: Iniciando varredura agendada...
2026-05-14 09:24:52,955 - INFO - \u2705 Automação: Varredura concluída com sucesso.
2026-05-14 09:24:52,960 - INFO - Job "tarefa_scan_automatico (trigger: interval[0:05:00], next run at: 2026-05-14 09:29:20 -03)" executed successfully
2026-05-14 09:29:20,529 - INFO - Running job "tarefa_scan_automatico (trigger: interval[0:05:00], next run at: 2026-05-14 09:29:20 -03)" (scheduled at 2026-05-14 09:29:20.455530-03:00)
2026-05-14 09:29:20,555 - INFO - \U0001f552 Automação: Iniciando varredura agendada...
2026-05-14 09:29:53,026 - INFO - \u2705 Automação: Varredura concluída com sucesso.
2026-05-14 09:29:53,030 - INFO - Job "tarefa_scan_automatico (trigger: interval[0:05:00], next run at: 2026-05-14 09:34:20 -03)" executed successfully
2026-05-14 09:34:20,525 - INFO - Running job "tarefa_scan_automatico (trigger: interval[0:05:00], next run at: 2026-05-14 09:39:20 -03)" (scheduled at 2026-05-14 09:34:20.455530-03:00)
2026-05-14 09:34:20,573 - INFO - \U0001f552 Automação: Iniciando varredura agendada...
2026-05-14 09:34:53,413 - INFO - \u2705 Automação: Varredura concluída com sucesso.
2026-05-14 09:34:53,421 - INFO - Job "tarefa_scan_automatico (trigger: interval[0:05:00], next run at: 2026-05-14 09:39:20 -03)" executed successfully
2026-05-14 09:39:20,515 - INFO - Running job "tarefa_scan_automatico (trigger: interval[0:05:00], next run at: 2026-05-14 09:44:20 -03)" (scheduled at 2026-05-14 09:39:20.455530-03:00)
2026-05-14 09:39:20,542 - INFO - \U0001f552 Automação: Iniciando varredura agendada...
2026-05-14 09:39:52,758 - INFO - \u2705 Automação: Varredura concluída com sucesso.
2026-05-14 09:39:52,762 - INFO - Job "tarefa_scan_automatico (trigger: interval[0:05:00], next run at: 2026-05-14 09:44:20 -03)" executed successfully
2026-05-14 09:44:20,510 - INFO - Running job "tarefa_scan_automatico (trigger: interval[0:05:00], next run at: 2026-05-14 09:49:20 -03)" (scheduled at 2026-05-14 09:44:20.455530-03:00)
2026-05-14 09:44:20,525 - INFO - \U0001f552 Automação: Iniciando varredura agendada...
2026-05-14 09:44:54,060 - INFO - \u2705 Automação: Varredura concluída com sucesso.
2026-05-14 09:44:54,073 - INFO - Job "tarefa_scan_automatico (trigger: interval[0:05:00], next run at: 2026-05-14 09:49:20 -03)" executed successfully
2026-05-14 09:49:20,483 - INFO - Running job "tarefa_scan_automatico (trigger: interval[0:05:00], next run at: 2026-05-14 09:54:20 -03)" (scheduled at 2026-05-14 09:49:20.455530-03:00)
2026-05-14 09:49:20,487 - INFO - \U0001f552 Automação: Iniciando varredura agendada...
2026-05-14 09:49:52,676 - INFO - \u2705 Automação: Varredura concluída com sucesso.
2026-05-14 09:49:52,676 - INFO - Job "tarefa_scan_automatico (trigger: interval[0:05:00], next run at: 2026-05-14 09:54:20 -03)" executed successfully
2026-05-14 09:54:20,481 - INFO - Running job "tarefa_scan_automatico (trigger: interval[0:05:00], next run at: 2026-05-14 09:59:20 -03)" (scheduled at 2026-05-14 09:54:20.455530-03:00)
2026-05-14 09:54:20,483 - INFO - \U0001f552 Automação: Iniciando varredura agendada...
2026-05-14 09:54:52,580 - INFO - \u2705 Automação: Varredura concluída com sucesso.
2026-05-14 09:54:52,581 - INFO - Job "tarefa_scan_automatico (trigger: interval[0:05:00], next run at: 2026-05-14 09:59:20 -03)" executed successfully
2026-05-14 09:59:20,467 - INFO - Running job "tarefa_scan_automatico (trigger: interval[0:05:00], next run at: 2026-05-14 10:04:20 -03)" (scheduled at 2026-05-14 09:59:20.455530-03:00)
2026-05-14 09:59:20,469 - INFO - \U0001f552 Automação: Iniciando varredura agendada...
2026-05-14 09:59:52,507 - INFO - \u2705 Automação: Varredura concluída com sucesso.
2026-05-14 09:59:52,511 - INFO - Job "tarefa_scan_automatico (trigger: interval[0:05:00], next run at: 2026-05-14 10:04:20 -03)" executed successfully
2026-05-14 10:04:20,468 - INFO - Running job "tarefa_scan_automatico (trigger: interval[0:05:00], next run at: 2026-05-14 10:09:20 -03)" (scheduled at 2026-05-14 10:04:20.455530-03:00)
2026-05-14 10:04:20,469 - INFO - \U0001f552 Automação: Iniciando varredura agendada...
2026-05-14 10:04:54,679 - INFO - \u2705 Automação: Varredura concluída com sucesso.
2026-05-14 10:04:54,679 - INFO - Job "tarefa_scan_automatico (trigger: interval[0:05:00], next run at: 2026-05-14 10:09:20 -03)" executed successfully
2026-05-14 10:09:20,524 - INFO - Running job "tarefa_scan_automatico (trigger: interval[0:05:00], next run at: 2026-05-14 10:14:20 -03)" (scheduled at 2026-05-14 10:09:20.455530-03:00)
2026-05-14 10:09:20,589 - INFO - \U0001f552 Automação: Iniciando varredura agendada...
2026-05-14 10:09:56,524 - INFO - \u2705 Automação: Varredura concluída com sucesso.
2026-05-14 10:09:56,533 - INFO - Job "tarefa_scan_automatico (trigger: interval[0:05:00], next run at: 2026-05-14 10:14:20 -03)" executed successfully
2026-05-14 10:14:20,509 - INFO - Running job "tarefa_scan_automatico (trigger: interval[0:05:00], next run at: 2026-05-14 10:19:20 -03)" (scheduled at 2026-05-14 10:14:20.455530-03:00)
2026-05-14 10:14:20,526 - INFO - \U0001f552 Automação: Iniciando varredura agendada...
2026-05-14 10:14:52,806 - INFO - \u2705 Automação: Varredura concluída com sucesso.
2026-05-14 10:14:52,808 - INFO - Job "tarefa_scan_automatico (trigger: interval[0:05:00], next run at: 2026-05-14 10:19:20 -03)" executed successfully
2026-05-14 10:19:20,499 - INFO - Running job "tarefa_scan_automatico (trigger: interval[0:05:00], next run at: 2026-05-14 10:24:20 -03)" (scheduled at 2026-05-14 10:19:20.455530-03:00)
2026-05-14 10:19:20,516 - INFO - \U0001f552 Automação: Iniciando varredura agendada...
2026-05-14 10:19:52,608 - INFO - \u2705 Automação: Varredura concluída com sucesso.
2026-05-14 10:19:52,611 - INFO - Job "tarefa_scan_automatico (trigger: interval[0:05:00], next run at: 2026-05-14 10:24:20 -03)" executed successfully
2026-05-14 10:24:20,512 - INFO - Running job "tarefa_scan_automatico (trigger: interval[0:05:00], next run at: 2026-05-14 10:29:20 -03)" (scheduled at 2026-05-14 10:24:20.455530-03:00)
2026-05-14 10:24:20,531 - INFO - \U0001f552 Automação: Iniciando varredura agendada...
2026-05-14 10:24:52,728 - INFO - \u2705 Automação: Varredura concluída com sucesso.
2026-05-14 10:24:52,730 - INFO - Job "tarefa_scan_automatico (trigger: interval[0:05:00], next run at: 2026-05-14 10:29:20 -03)" executed successfully
2026-05-14 10:29:20,479 - INFO - Running job "tarefa_scan_automatico (trigger: interval[0:05:00], next run at: 2026-05-14 10:34:20 -03)" (scheduled at 2026-05-14 10:29:20.455530-03:00)
2026-05-14 10:29:20,481 - INFO - \U0001f552 Automação: Iniciando varredura agendada...
2026-05-14 10:29:52,452 - INFO - \u2705 Automação: Varredura concluída com sucesso.
2026-05-14 10:29:52,453 - INFO - Job "tarefa_scan_automatico (trigger: interval[0:05:00], next run at: 2026-05-14 10:34:20 -03)" executed successfully
2026-05-14 10:34:20,521 - INFO - Running job "tarefa_scan_automatico (trigger: interval[0:05:00], next run at: 2026-05-14 10:39:20 -03)" (scheduled at 2026-05-14 10:34:20.455530-03:00)
2026-05-14 10:34:20,542 - INFO - \U0001f552 Automação: Iniciando varredura agendada...
2026-05-14 10:34:53,048 - INFO - \u2705 Automação: Varredura concluída com sucesso.
2026-05-14 10:34:53,060 - INFO - Job "tarefa_scan_automatico (trigger: interval[0:05:00], next run at: 2026-05-14 10:39:20 -03)" executed successfully
2026-05-14 10:39:20,498 - INFO - Running job "tarefa_scan_automatico (trigger: interval[0:05:00], next run at: 2026-05-14 10:44:20 -03)" (scheduled at 2026-05-14 10:39:20.455530-03:00)
2026-05-14 10:39:20,513 - INFO - \U0001f552 Automação: Iniciando varredura agendada...
2026-05-14 10:39:52,546 - INFO - \u2705 Automação: Varredura concluída com sucesso.
2026-05-14 10:39:52,548 - INFO - Job "tarefa_scan_automatico (trigger: interval[0:05:00], next run at: 2026-05-14 10:44:20 -03)" executed successfully
2026-05-14 10:44:20,497 - INFO - Running job "tarefa_scan_automatico (trigger: interval[0:05:00], next run at: 2026-05-14 10:49:20 -03)" (scheduled at 2026-05-14 10:44:20.455530-03:00)
2026-05-14 10:44:20,512 - INFO - \U0001f552 Automação: Iniciando varredura agendada...
2026-05-14 10:44:52,828 - INFO - \u2705 Automação: Varredura concluída com sucesso.
2026-05-14 10:44:52,831 - INFO - Job "tarefa_scan_automatico (trigger: interval[0:05:00], next run at: 2026-05-14 10:49:20 -03)" executed successfully
2026-05-14 10:49:20,694 - INFO - Running job "tarefa_scan_automatico (trigger: interval[0:05:00], next run at: 2026-05-14 10:54:20 -03)" (scheduled at 2026-05-14 10:49:20.455530-03:00)
2026-05-14 10:49:20,759 - INFO - \U0001f552 Automação: Iniciando varredura agendada...
2026-05-14 10:49:53,333 - INFO - \u2705 Automação: Varredura concluída com sucesso.
2026-05-14 10:49:53,337 - INFO - Job "tarefa_scan_automatico (trigger: interval[0:05:00], next run at: 2026-05-14 10:54:20 -03)" executed successfully
2026-05-14 10:54:20,463 - INFO - Running job "tarefa_scan_automatico (trigger: interval[0:05:00], next run at: 2026-05-14 10:59:20 -03)" (scheduled at 2026-05-14 10:54:20.455530-03:00)
2026-05-14 10:54:20,468 - INFO - \U0001f552 Automação: Iniciando varredura agendada...
2026-05-14 10:54:52,742 - INFO - \u2705 Automação: Varredura concluída com sucesso.
2026-05-14 10:54:52,743 - INFO - Job "tarefa_scan_automatico (trigger: interval[0:05:00], next run at: 2026-05-14 10:59:20 -03)" executed successfully
2026-05-14 10:59:20,499 - INFO - Running job "tarefa_scan_automatico (trigger: interval[0:05:00], next run at: 2026-05-14 11:04:20 -03)" (scheduled at 2026-05-14 10:59:20.455530-03:00)
2026-05-14 10:59:20,517 - INFO - \U0001f552 Automação: Iniciando varredura agendada...
2026-05-14 10:59:52,701 - INFO - \u2705 Automação: Varredura concluída com sucesso.
2026-05-14 10:59:52,703 - INFO - Job "tarefa_scan_automatico (trigger: interval[0:05:00], next run at: 2026-05-14 11:04:20 -03)" executed successfully
2026-05-14 11:04:20,500 - INFO - Running job "tarefa_scan_automatico (trigger: interval[0:05:00], next run at: 2026-05-14 11:09:20 -03)" (scheduled at 2026-05-14 11:04:20.455530-03:00)
2026-05-14 11:04:20,517 - INFO - \U0001f552 Automação: Iniciando varredura agendada...
2026-05-14 11:04:54,822 - INFO - \u2705 Automação: Varredura concluída com sucesso.
2026-05-14 11:04:54,824 - INFO - Job "tarefa_scan_automatico (trigger: interval[0:05:00], next run at: 2026-05-14 11:09:20 -03)" executed successfully
2026-05-14 11:09:20,515 - INFO - Running job "tarefa_scan_automatico (trigger: interval[0:05:00], next run at: 2026-05-14 11:14:20 -03)" (scheduled at 2026-05-14 11:09:20.455530-03:00)
2026-05-14 11:09:20,537 - INFO - \U0001f552 Automação: Iniciando varredura agendada...
2026-05-14 11:09:52,677 - INFO - \u2705 Automação: Varredura concluída com sucesso.
2026-05-14 11:09:52,680 - INFO - Job "tarefa_scan_automatico (trigger: interval[0:05:00], next run at: 2026-05-14 11:14:20 -03)" executed successfully
2026-05-14 11:14:20,524 - INFO - Running job "tarefa_scan_automatico (trigger: interval[0:05:00], next run at: 2026-05-14 11:19:20 -03)" (scheduled at 2026-05-14 11:14:20.455530-03:00)
2026-05-14 11:14:20,551 - INFO - \U0001f552 Automação: Iniciando varredura agendada...
2026-05-14 11:14:53,393 - INFO - \u2705 Automação: Varredura concluída com sucesso.
2026-05-14 11:14:53,397 - INFO - Job "tarefa_scan_automatico (trigger: interval[0:05:00], next run at: 2026-05-14 11:19:20 -03)" executed successfully
2026-05-14 11:19:20,503 - INFO - Running job "tarefa_scan_automatico (trigger: interval[0:05:00], next run at: 2026-05-14 11:24:20 -03)" (scheduled at 2026-05-14 11:19:20.455530-03:00)
2026-05-14 11:19:20,520 - INFO - \U0001f552 Automação: Iniciando varredura agendada...
2026-05-14 11:19:52,792 - INFO - \u2705 Automação: Varredura concluída com sucesso.
2026-05-14 11:19:52,799 - INFO - Job "tarefa_scan_automatico (trigger: interval[0:05:00], next run at: 2026-05-14 11:24:20 -03)" executed successfully
2026-05-14 11:24:20,553 - INFO - Running job "tarefa_scan_automatico (trigger: interval[0:05:00], next run at: 2026-05-14 11:29:20 -03)" (scheduled at 2026-05-14 11:24:20.455530-03:00)
2026-05-14 11:24:20,586 - INFO - \U0001f552 Automação: Iniciando varredura agendada...
2026-05-14 11:24:53,184 - INFO - \u2705 Automação: Varredura concluída com sucesso.
2026-05-14 11:24:53,186 - INFO - Job "tarefa_scan_automatico (trigger: interval[0:05:00], next run at: 2026-05-14 11:29:20 -03)" executed successfully
2026-05-14 11:29:20,499 - INFO - Running job "tarefa_scan_automatico (trigger: interval[0:05:00], next run at: 2026-05-14 11:34:20 -03)" (scheduled at 2026-05-14 11:29:20.455530-03:00)
2026-05-14 11:29:20,524 - INFO - \U0001f552 Automação: Iniciando varredura agendada...
2026-05-14 11:29:52,705 - INFO - \u2705 Automação: Varredura concluída com sucesso.
2026-05-14 11:29:52,708 - INFO - Job "tarefa_scan_automatico (trigger: interval[0:05:00], next run at: 2026-05-14 11:34:20 -03)" executed successfully
2026-05-14 11:34:20,505 - INFO - Running job "tarefa_scan_automatico (trigger: interval[0:05:00], next run at: 2026-05-14 11:39:20 -03)" (scheduled at 2026-05-14 11:34:20.455530-03:00)
2026-05-14 11:34:20,530 - INFO - \U0001f552 Automação: Iniciando varredura agendada...
2026-05-14 11:34:52,624 - INFO - \u2705 Automação: Varredura concluída com sucesso.
2026-05-14 11:34:52,627 - INFO - Job "tarefa_scan_automatico (trigger: interval[0:05:00], next run at: 2026-05-14 11:39:20 -03)" executed successfully
2026-05-14 11:39:20,493 - INFO - Running job "tarefa_scan_automatico (trigger: interval[0:05:00], next run at: 2026-05-14 11:44:20 -03)" (scheduled at 2026-05-14 11:39:20.455530-03:00)
2026-05-14 11:39:20,500 - INFO - \U0001f552 Automação: Iniciando varredura agendada...
2026-05-14 11:39:52,473 - INFO - \u2705 Automação: Varredura concluída com sucesso.
2026-05-14 11:39:52,474 - INFO - Job "tarefa_scan_automatico (trigger: interval[0:05:00], next run at: 2026-05-14 11:44:20 -03)" executed successfully
2026-05-14 11:44:20,486 - INFO - Running job "tarefa_scan_automatico (trigger: interval[0:05:00], next run at: 2026-05-14 11:49:20 -03)" (scheduled at 2026-05-14 11:44:20.455530-03:00)
2026-05-14 11:44:20,503 - INFO - \U0001f552 Automação: Iniciando varredura agendada...
2026-05-14 11:44:52,664 - INFO - \u2705 Automação: Varredura concluída com sucesso.
2026-05-14 11:44:52,667 - INFO - Job "tarefa_scan_automatico (trigger: interval[0:05:00], next run at: 2026-05-14 11:49:20 -03)" executed successfully
2026-05-14 11:49:20,514 - INFO - Running job "tarefa_scan_automatico (trigger: interval[0:05:00], next run at: 2026-05-14 11:54:20 -03)" (scheduled at 2026-05-14 11:49:20.455530-03:00)
2026-05-14 11:49:20,539 - INFO - \U0001f552 Automação: Iniciando varredura agendada...
2026-05-14 11:49:52,881 - INFO - \u2705 Automação: Varredura concluída com sucesso.
2026-05-14 11:49:52,884 - INFO - Job "tarefa_scan_automatico (trigger: interval[0:05:00], next run at: 2026-05-14 11:54:20 -03)" executed successfully
2026-05-14 11:54:21,016 - INFO - Running job "tarefa_scan_automatico (trigger: interval[0:05:00], next run at: 2026-05-14 11:59:20 -03)" (scheduled at 2026-05-14 11:54:20.455530-03:00)
2026-05-14 11:54:21,052 - INFO - \U0001f552 Automação: Iniciando varredura agendada...
2026-05-14 11:54:53,656 - INFO - \u2705 Automação: Varredura concluída com sucesso.
2026-05-14 11:54:53,659 - INFO - Job "tarefa_scan_automatico (trigger: interval[0:05:00], next run at: 2026-05-14 11:59:20 -03)" executed successfully
2026-05-14 11:59:20,501 - INFO - Running job "tarefa_scan_automatico (trigger: interval[0:05:00], next run at: 2026-05-14 12:04:20 -03)" (scheduled at 2026-05-14 11:59:20.455530-03:00)
2026-05-14 11:59:20,518 - INFO - \U0001f552 Automação: Iniciando varredura agendada...
2026-05-14 11:59:53,097 - INFO - \u2705 Automação: Varredura concluída com sucesso.
2026-05-14 11:59:53,106 - INFO - Job "tarefa_scan_automatico (trigger: interval[0:05:00], next run at: 2026-05-14 12:04:20 -03)" executed successfully
2026-05-14 12:04:20,500 - INFO - Running job "tarefa_scan_automatico (trigger: interval[0:05:00], next run at: 2026-05-14 12:09:20 -03)" (scheduled at 2026-05-14 12:04:20.455530-03:00)
2026-05-14 12:04:20,519 - INFO - \U0001f552 Automação: Iniciando varredura agendada...
2026-05-14 12:04:52,832 - INFO - \u2705 Automação: Varredura concluída com sucesso.
2026-05-14 12:04:52,835 - INFO - Job "tarefa_scan_automatico (trigger: interval[0:05:00], next run at: 2026-05-14 12:09:20 -03)" executed successfully
2026-05-14 12:09:20,510 - INFO - Running job "tarefa_scan_automatico (trigger: interval[0:05:00], next run at: 2026-05-14 12:09:20 -03)" (scheduled at 2026-05-14 12:09:20.455530-03:00)
2026-05-14 12:09:20,534 - INFO - \U0001f552 Automação: Iniciando varredura agendada...
2026-05-14 12:09:54,730 - INFO - \u2705 Automação: Varredura concluída com sucesso.
2026-05-14 12:09:54,732 - INFO - Job "tarefa_scan_automatico (trigger: interval[0:05:00], next run at: 2026-05-14 12:14:20 -03)" executed successfully
2026-05-14 12:14:20,484 - INFO - Running job "tarefa_scan_automatico (trigger: interval[0:05:00], next run at: 2026-05-14 12:19:20 -03)" (scheduled at 2026-05-14 12:14:20.455530-03:00)
2026-05-14 12:14:20,494 - INFO - \U0001f552 Automação: Iniciando varredura agendada...
2026-05-14 12:14:52,291 - INFO - \u2705 Automação: Varredura concluída com sucesso.
2026-05-14 12:14:52,293 - INFO - Job "tarefa_scan_automatico (trigger: interval[0:05:00], next run at: 2026-05-14 12:19:20 -03)" executed successfully
2026-05-14 12:19:20,514 - INFO - Running job "tarefa_scan_automatico (trigger: interval[0:05:00], next run at: 2026-05-14 12:24:20 -03)" (scheduled at 2026-05-14 12:19:20.455530-03:00)
2026-05-14 12:19:20,542 - INFO - \U0001f552 Automação: Iniciando varredura agendada...
2026-05-14 12:19:52,954 - INFO - \u2705 Automação: Varredura concluída com sucesso.
2026-05-14 12:19:52,957 - INFO - Job "tarefa_scan_automatico (trigger: interval[0:05:00], next run at: 2026-05-14 12:24:20 -03)" executed successfully
2026-05-14 12:24:20,493 - INFO - Running job "tarefa_scan_automatico (trigger: interval[0:05:00], next run at: 2026-05-14 12:29:20 -03)" (scheduled at 2026-05-14 12:24:20.455530-03:00)
2026-05-14 12:24:20,510 - INFO - \U0001f552 Automação: Iniciando varredura agendada...
2026-05-14 12:24:52,484 - INFO - \u2705 Automação: Varredura concluída com sucesso.
2026-05-14 12:24:52,486 - INFO - Job "tarefa_scan_automatico (trigger: interval[0:05:00], next run at: 2026-05-14 12:29:20 -03)" executed successfully
2026-05-14 12:29:20,497 - INFO - Running job "tarefa_scan_automatico (trigger: interval[0:05:00], next run at: 2026-05-14 12:29:20 -03)" (scheduled at 2026-05-14 12:29:20.455530-03:00)
2026-05-14 12:29:20,518 - INFO - \U0001f552 Automação: Iniciando varredura agendada...
2026-05-14 12:29:52,404 - INFO - \u2705 Automação: Varredura concluída com sucesso.
2026-05-14 12:29:52,406 - INFO - Job "tarefa_scan_automatico (trigger: interval[0:05:00], next run at: 2026-05-14 12:34:20 -03)" executed successfully
2026-05-14 12:34:20,509 - INFO - Running job "tarefa_scan_automatico (trigger: interval[0:05:00], next run at: 2026-05-14 12:39:20 -03)" (scheduled at 2026-05-14 12:34:20.455530-03:00)
2026-05-14 12:34:20,534 - INFO - \U0001f552 Automação: Iniciando varredura agendada...
2026-05-14 12:34:52,686 - INFO - \u2705 Automação: Varredura concluída com sucesso.
2026-05-14 12:34:52,689 - INFO - Job "tarefa_scan_automatico (trigger: interval[0:05:00], next run at: 2026-05-14 12:39:20 -03)" executed successfully
2026-05-14 12:39:20,504 - INFO - Running job "tarefa_scan_automatico (trigger: interval[0:05:00], next run at: 2026-05-14 12:44:20 -03)" (scheduled at 2026-05-14 12:39:20.455530-03:00)
2026-05-14 12:39:20,518 - INFO - \U0001f552 Automação: Iniciando varredura agendada...
2026-05-14 12:39:52,780 - INFO - \u2705 Automação: Varredura concluída com sucesso.
2026-05-14 12:39:52,783 - INFO - Job "tarefa_scan_automatico (trigger: interval[0:05:00], next run at: 2026-05-14 12:44:20 -03)" executed successfully
2026-05-14 12:44:20,508 - INFO - Running job "tarefa_scan_automatico (trigger: interval[0:05:00], next run at: 2026-05-14 12:44:20 -03)" (scheduled at 2026-05-14 12:44:20.455530-03:00)
2026-05-14 12:44:20,536 - INFO - \U0001f552 Automação: Iniciando varredura agendada...
2026-05-14 12:44:52,714 - INFO - \u2705 Automação: Varredura concluída com sucesso.
2026-05-14 12:44:52,718 - INFO - Job "tarefa_scan_automatico (trigger: interval[0:05:00], next run at: 2026-05-14 12:49:20 -03)" executed successfully
2026-05-14 12:49:20,514 - INFO - Running job "tarefa_scan_automatico (trigger: interval[0:05:00], next run at: 2026-05-14 12:54:20 -03)" (scheduled at 2026-05-14 12:49:20.455530-03:00)
2026-05-14 12:49:20,536 - INFO - \U0001f552 Automação: Iniciando varredura agendada...
2026-05-14 12:49:52,702 - INFO - \u2705 Automação: Varredura concluída com sucesso.
2026-05-14 12:49:52,704 - INFO - Job "tarefa_scan_automatico (trigger: interval[0:05:00], next run at: 2026-05-14 12:54:20 -03)" executed successfully
2026-05-14 12:54:20,504 - INFO - Running job "tarefa_scan_automatico (trigger: interval[0:05:00], next run at: 2026-05-14 12:54:20 -03)" (scheduled at 2026-05-14 12:54:20.455530-03:00)
2026-05-14 12:54:20,527 - INFO - \U0001f552 Automação: Iniciando varredura agendada...
2026-05-14 12:54:52,297 - INFO - \u2705 Automação: Varredura concluída com sucesso.
2026-05-14 12:54:52,300 - INFO - Job "tarefa_scan_automatico (trigger: interval[0:05:00], next run at: 2026-05-14 12:59:20 -03)" executed successfully
2026-05-14 12:59:20,496 - INFO - Running job "tarefa_scan_automatico (trigger: interval[0:05:00], next run at: 2026-05-14 12:59:20 -03)" (scheduled at 2026-05-14 12:59:20.455530-03:00)
2026-05-14 12:59:20,515 - INFO - \U0001f552 Automação: Iniciando varredura agendada...
2026-05-14 12:59:52,978 - INFO - \u2705 Automação: Varredura concluída com sucesso.
2026-05-14 12:59:52,980 - INFO - Job "tarefa_scan_automatico (trigger: interval[0:05:00], next run at: 2026-05-14 13:04:20 -03)" executed successfully
2026-05-14 13:04:20,503 - INFO - Running job "tarefa_scan_automatico (trigger: interval[0:05:00], next run at: 2026-05-14 13:09:20 -03)" (scheduled at 2026-05-14 13:04:20.455530-03:00)
2026-05-14 13:04:20,518 - INFO - \U0001f552 Automação: Iniciando varredura agendada...
2026-05-14 13:04:52,766 - INFO - \u2705 Automação: Varredura concluída com sucesso.
2026-05-14 13:04:52,769 - INFO - Job "tarefa_scan_automatico (trigger: interval[0:05:00], next run at: 2026-05-14 13:09:20 -03)" executed successfully
2026-05-14 13:09:20,507 - INFO - Running job "tarefa_scan_automatico (trigger: interval[0:05:00], next run at: 2026-05-14 13:09:20 -03)" (scheduled at 2026-05-14 13:09:20.455530-03:00)
2026-05-14 13:09:20,530 - INFO - \U0001f552 Automação: Iniciando varredura agendada...
2026-05-14 13:09:55,158 - INFO - \u2705 Automação: Varredura concluída com sucesso.
2026-05-14 13:09:55,163 - INFO - Job "tarefa_scan_automatico (trigger: interval[0:05:00], next run at: 2026-05-14 13:14:20 -03)" executed successfully
2026-05-14 13:14:20,473 - INFO - Running job "tarefa_scan_automatico (trigger: interval[0:05:00], next run at: 2026-05-14 13:19:20 -03)" (scheduled at 2026-05-14 13:14:20.455530-03:00)
2026-05-14 13:14:20,481 - INFO - \U0001f552 Automação: Iniciando varredura agendada...
2026-05-14 13:14:52,368 - INFO - \u2705 Automação: Varredura concluída com sucesso.
2026-05-14 13:14:52,371 - INFO - Job "tarefa_scan_automatico (trigger: interval[0:05:00], next run at: 2026-05-14 13:19:20 -03)" executed successfully
2026-05-14 13:19:20,558 - INFO - Running job "tarefa_scan_automatico (trigger: interval[0:05:00], next run at: 2026-05-14 13:24:20 -03)" (scheduled at 2026-05-14 13:19:20.455530-03:00)
2026-05-14 13:19:20,593 - INFO - \U0001f552 Automação: Iniciando varredura agendada...
2026-05-14 13:19:53,090 - INFO - \u2705 Automação: Varredura concluída com sucesso.
2026-05-14 13:19:53,094 - INFO - Job "tarefa_scan_automatico (trigger: interval[0:05:00], next run at: 2026-05-14 13:24:20 -03)" executed successfully
2026-05-14 13:24:20,473 - INFO - Running job "tarefa_scan_automatico (trigger: interval[0:05:00], next run at: 2026-05-14 13:29:20 -03)" (scheduled at 2026-05-14 13:24:20.455530-03:00)
2026-05-14 13:24:20,474 - INFO - \U0001f552 Automação: Iniciando varredura agendada...
2026-05-14 13:24:52,916 - INFO - \u2705 Automação: Varredura concluída com sucesso.
2026-05-14 13:24:52,916 - INFO - Job "tarefa_scan_automatico (trigger: interval[0:05:00], next run at: 2026-05-14 13:29:20 -03)" executed successfully
2026-05-14 13:29:20,546 - INFO - Running job "tarefa_scan_automatico (trigger: interval[0:05:00], next run at: 2026-05-14 13:34:20 -03)" (scheduled at 2026-05-14 13:29:20.455530-03:00)
2026-05-14 13:29:20,629 - INFO - \U0001f552 Automação: Iniciando varredura agendada...
2026-05-14 13:29:53,224 - INFO - \u2705 Automação: Varredura concluída com sucesso.
2026-05-14 13:29:53,226 - INFO - Job "tarefa_scan_automatico (trigger: interval[0:05:00], next run at: 2026-05-14 13:34:20 -03)" executed successfully
2026-05-14 13:34:20,508 - INFO - Running job "tarefa_scan_automatico (trigger: interval[0:05:00], next run at: 2026-05-14 13:39:20 -03)" (scheduled at 2026-05-14 13:34:20.455530-03:00)
2026-05-14 13:34:20,532 - INFO - \U0001f552 Automação: Iniciando varredura agendada...
2026-05-14 13:34:52,393 - INFO - \u2705 Automação: Varredura concluída com sucesso.
2026-05-14 13:34:52,395 - INFO - Job "tarefa_scan_automatico (trigger: interval[0:05:00], next run at: 2026-05-14 13:39:20 -03)" executed successfully
2026-05-14 13:39:20,484 - INFO - Running job "tarefa_scan_automatico (trigger: interval[0:05:00], next run at: 2026-05-14 13:44:20 -03)" (scheduled at 2026-05-14 13:39:20.455530-03:00)
2026-05-14 13:39:20,495 - INFO - \U0001f552 Automação: Iniciando varredura agendada...
2026-05-14 13:39:52,650 - INFO - \u2705 Automação: Varredura concluída com sucesso.
2026-05-14 13:39:52,652 - INFO - Job "tarefa_scan_automatico (trigger: interval[0:05:00], next run at: 2026-05-14 13:44:20 -03)" executed successfully
2026-05-14 13:44:20,460 - INFO - Running job "tarefa_scan_automatico (trigger: interval[0:05:00], next run at: 2026-05-14 13:49:20 -03)" (scheduled at 2026-05-14 13:44:20.455530-03:00)
2026-05-14 13:44:20,462 - INFO - \U0001f552 Automação: Iniciando varredura agendada...
2026-05-14 13:44:52,215 - INFO - \u2705 Automação: Varredura concluída com sucesso.
2026-05-14 13:44:52,219 - INFO - Job "tarefa_scan_automatico (trigger: interval[0:05:00], next run at: 2026-05-14 13:49:20 -03)" executed successfully
2026-05-14 13:49:20,478 - INFO - Running job "tarefa_scan_automatico (trigger: interval[0:05:00], next run at: 2026-05-14 13:54:20 -03)" (scheduled at 2026-05-14 13:49:20.455530-03:00)
2026-05-14 13:49:20,480 - INFO - \U0001f552 Automação: Iniciando varredura agendada...
2026-05-14 13:49:52,395 - INFO - \u2705 Automação: Varredura concluída com sucesso.
2026-05-14 13:49:52,396 - INFO - Job "tarefa_scan_automatico (trigger: interval[0:05:00], next run at: 2026-05-14 13:54:20 -03)" executed successfully
2026-05-14 13:54:20,466 - INFO - Running job "tarefa_scan_automatico (trigger: interval[0:05:00], next run at: 2026-05-14 13:59:20 -03)" (scheduled at 2026-05-14 13:54:20.455530-03:00)
2026-05-14 13:54:20,474 - INFO - \U0001f552 Automação: Iniciando varredura agendada...
2026-05-14 13:54:52,180 - INFO - \u2705 Automação: Varredura concluída com sucesso.
2026-05-14 13:54:52,180 - INFO - Job "tarefa_scan_automatico (trigger: interval[0:05:00], next run at: 2026-05-14 13:59:20 -03)" executed successfully
2026-05-14 13:59:20,458 - INFO - Running job "tarefa_scan_automatico (trigger: interval[0:05:00], next run at: 2026-05-14 14:04:20 -03)" (scheduled at 2026-05-14 13:59:20.455530-03:00)
2026-05-14 13:59:20,459 - INFO - \U0001f552 Automação: Iniciando varredura agendada...
2026-05-14 13:59:52,206 - INFO - \u2705 Automação: Varredura concluída com sucesso.
2026-05-14 13:59:52,206 - INFO - Job "tarefa_scan_automatico (trigger: interval[0:05:00], next run at: 2026-05-14 14:04:20 -03)" executed successfully
2026-05-14 14:04:20,473 - INFO - Running job "tarefa_scan_automatico (trigger: interval[0:05:00], next run at: 2026-05-14 14:09:20 -03)" (scheduled at 2026-05-14 14:04:20.455530-03:00)
2026-05-14 14:04:20,477 - INFO - \U0001f552 Automação: Iniciando varredura agendada...
2026-05-14 14:04:52,120 - INFO - \u2705 Automação: Varredura concluída com sucesso.
2026-05-14 14:04:52,123 - INFO - Job "tarefa_scan_automatico (trigger: interval[0:05:00], next run at: 2026-05-14 14:09:20 -03)" executed successfully
2026-05-14 14:09:20,483 - INFO - Running job "tarefa_scan_automatico (trigger: interval[0:05:00], next run at: 2026-05-14 14:09:20 -03)" (scheduled at 2026-05-14 14:09:20.455530-03:00)
2026-05-14 14:09:20,500 - INFO - \U0001f552 Automação: Iniciando varredura agendada...
2026-05-14 14:09:52,592 - INFO - \u2705 Automação: Varredura concluída com sucesso.
2026-05-14 14:09:52,594 - INFO - Job "tarefa_scan_automatico (trigger: interval[0:05:00], next run at: 2026-05-14 14:14:20 -03)" executed successfully
2026-05-14 14:14:20,505 - INFO - Running job "tarefa_scan_automatico (trigger: interval[0:05:00], next run at: 2026-05-14 14:19:20 -03)" (scheduled at 2026-05-14 14:14:20.455530-03:00)
2026-05-14 14:14:20,522 - INFO - \U0001f552 Automação: Iniciando varredura agendada...
2026-05-14 14:14:54,274 - INFO - \u2705 Automação: Varredura concluída com sucesso.
2026-05-14 14:14:54,276 - INFO - Job "tarefa_scan_automatico (trigger: interval[0:05:00], next run at: 2026-05-14 14:19:20 -03)" executed successfully
2026-05-14 14:19:20,469 - INFO - Running job "tarefa_scan_automatico (trigger: interval[0:05:00], next run at: 2026-05-14 14:24:20 -03)" (scheduled at 2026-05-14 14:19:20.455530-03:00)
2026-05-14 14:19:20,470 - INFO - \U0001f552 Automação: Iniciando varredura agendada...
2026-05-14 14:19:52,264 - INFO - \u2705 Automação: Varredura concluída com sucesso.
2026-05-14 14:19:52,264 - INFO - Job "tarefa_scan_automatico (trigger: interval[0:05:00], next run at: 2026-05-14 14:24:20 -03)" executed successfully
2026-05-14 14:24:20,473 - INFO - Running job "tarefa_scan_automatico (trigger: interval[0:05:00], next run at: 2026-05-14 14:29:20 -03)" (scheduled at 2026-05-14 14:24:20.455530-03:00)
2026-05-14 14:24:20,473 - INFO - \U0001f552 Automação: Iniciando varredura agendada...
2026-05-14 14:24:52,057 - INFO - \u2705 Automação: Varredura concluída com sucesso.
2026-05-14 14:24:52,057 - INFO - Job "tarefa_scan_automatico (trigger: interval[0:05:00], next run at: 2026-05-14 14:29:20 -03)" executed successfully
2026-05-14 14:29:20,519 - INFO - Running job "tarefa_scan_automatico (trigger: interval[0:05:00], next run at: 2026-05-14 14:34:20 -03)" (scheduled at 2026-05-14 14:29:20.455530-03:00)
2026-05-14 14:29:20,544 - INFO - \U0001f552 Automação: Iniciando varredura agendada...
2026-05-14 14:29:52,634 - INFO - \u2705 Automação: Varredura concluída com sucesso.
2026-05-14 14:29:52,639 - INFO - Job "tarefa_scan_automatico (trigger: interval[0:05:00], next run at: 2026-05-14 14:34:20 -03)" executed successfully
2026-05-14 14:34:20,472 - INFO - Running job "tarefa_scan_automatico (trigger: interval[0:05:00], next run at: 2026-05-14 14:39:20 -03)" (scheduled at 2026-05-14 14:34:20.455530-03:00)
2026-05-14 14:34:20,477 - INFO - \U0001f552 Automação: Iniciando varredura agendada...
2026-05-14 14:34:52,227 - INFO - \u2705 Automação: Varredura concluída com sucesso.
2026-05-14 14:34:52,228 - INFO - Job "tarefa_scan_automatico (trigger: interval[0:05:00], next run at: 2026-05-14 14:39:20 -03)" executed successfully
2026-05-14 14:39:20,467 - INFO - Running job "tarefa_scan_automatico (trigger: interval[0:05:00], next run at: 2026-05-14 14:44:20 -03)" (scheduled at 2026-05-14 14:39:20.455530-03:00)
2026-05-14 14:39:20,468 - INFO - \U0001f552 Automação: Iniciando varredura agendada...
2026-05-14 14:39:52,130 - INFO - \u2705 Automação: Varredura concluída com sucesso.
2026-05-14 14:39:52,131 - INFO - Job "tarefa_scan_automatico (trigger: interval[0:05:00], next run at: 2026-05-14 14:44:20 -03)" executed successfully
2026-05-14 14:44:20,470 - INFO - Running job "tarefa_scan_automatico (trigger: interval[0:05:00], next run at: 2026-05-14 14:49:20 -03)" (scheduled at 2026-05-14 14:44:20.455530-03:00)
2026-05-14 14:44:20,472 - INFO - \U0001f552 Automação: Iniciando varredura agendada...
2026-05-14 14:44:52,082 - INFO - \u2705 Automação: Varredura concluída com sucesso.
2026-05-14 14:44:52,083 - INFO - Job "tarefa_scan_automatico (trigger: interval[0:05:00], next run at: 2026-05-14 14:49:20 -03)" executed successfully
2026-05-14 14:49:20,473 - INFO - Running job "tarefa_scan_automatico (trigger: interval[0:05:00], next run at: 2026-05-14 14:54:20 -03)" (scheduled at 2026-05-14 14:49:20.455530-03:00)
2026-05-14 14:49:20,473 - INFO - \U0001f552 Automação: Iniciando varredura agendada...
2026-05-14 14:49:52,068 - INFO - \u2705 Automação: Varredura concluída com sucesso.
2026-05-14 14:49:52,069 - INFO - Job "tarefa_scan_automatico (trigger: interval[0:05:00], next run at: 2026-05-14 14:54:20 -03)" executed successfully
2026-05-14 14:54:20,457 - INFO - Running job "tarefa_scan_automatico (trigger: interval[0:05:00], next run at: 2026-05-14 14:59:20 -03)" (scheduled at 2026-05-14 14:54:20.455530-03:00)
2026-05-14 14:54:20,458 - INFO - \U0001f552 Automação: Iniciando varredura agendada...
2026-05-14 14:54:52,106 - INFO - \u2705 Automação: Varredura concluída com sucesso.
2026-05-14 14:54:52,106 - INFO - Job "tarefa_scan_automatico (trigger: interval[0:05:00], next run at: 2026-05-14 14:59:20 -03)" executed successfully
2026-05-14 14:59:20,471 - INFO - Running job "tarefa_scan_automatico (trigger: interval[0:05:00], next run at: 2026-05-14 15:04:20 -03)" (scheduled at 2026-05-14 14:59:20.455530-03:00)
2026-05-14 14:59:20,477 - INFO - \U0001f552 Automação: Iniciando varredura agendada...
2026-05-14 14:59:52,326 - INFO - \u2705 Automação: Varredura concluída com sucesso.
2026-05-14 14:59:52,328 - INFO - Job "tarefa_scan_automatico (trigger: interval[0:05:00], next run at: 2026-05-14 15:04:20 -03)" executed successfully
2026-05-14 15:04:20,465 - INFO - Running job "tarefa_scan_automatico (trigger: interval[0:05:00], next run at: 2026-05-14 15:09:20 -03)" (scheduled at 2026-05-14 15:04:20.455530-03:00)
2026-05-14 15:04:20,470 - INFO - \U0001f552 Automação: Iniciando varredura agendada...
2026-05-14 15:04:52,244 - INFO - \u2705 Automação: Varredura concluída com sucesso.
2026-05-14 15:04:52,245 - INFO - Job "tarefa_scan_automatico (trigger: interval[0:05:00], next run at: 2026-05-14 15:09:20 -03)" executed successfully
2026-05-14 15:09:20,463 - INFO - Running job "tarefa_scan_automatico (trigger: interval[0:05:00], next run at: 2026-05-14 15:14:20 -03)" (scheduled at 2026-05-14 15:09:20.455530-03:00)
2026-05-14 15:09:20,464 - INFO - \U0001f552 Automação: Iniciando varredura agendada...
2026-05-14 15:09:53,782 - INFO - \u2705 Automação: Varredura concluída com sucesso.
2026-05-14 15:09:53,783 - INFO - Job "tarefa_scan_automatico (trigger: interval[0:05:00], next run at: 2026-05-14 15:14:20 -03)" executed successfully
2026-05-14 15:14:20,484 - INFO - Running job "tarefa_scan_automatico (trigger: interval[0:05:00], next run at: 2026-05-14 15:19:20 -03)" (scheduled at 2026-05-14 15:14:20.455530-03:00)
2026-05-14 15:14:20,496 - INFO - \U0001f552 Automação: Iniciando varredura agendada...
2026-05-14 15:14:52,567 - INFO - \u2705 Automação: Varredura concluída com sucesso.
2026-05-14 15:14:52,569 - INFO - Job "tarefa_scan_automatico (trigger: interval[0:05:00], next run at: 2026-05-14 15:19:20 -03)" executed successfully
2026-05-14 15:19:20,489 - INFO - Running job "tarefa_scan_automatico (trigger: interval[0:05:00], next run at: 2026-05-14 15:24:20 -03)" (scheduled at 2026-05-14 15:19:20.455530-03:00)
2026-05-14 15:19:20,501 - INFO - \U0001f552 Automação: Iniciando varredura agendada...
2026-05-14 15:19:52,243 - INFO - \u2705 Automação: Varredura concluída com sucesso.
2026-05-14 15:19:52,245 - INFO - Job "tarefa_scan_automatico (trigger: interval[0:05:00], next run at: 2026-05-14 15:24:20 -03)" executed successfully
2026-05-14 15:24:20,467 - INFO - Running job "tarefa_scan_automatico (trigger: interval[0:05:00], next run at: 2026-05-14 15:29:20 -03)" (scheduled at 2026-05-14 15:24:20.455530-03:00)
2026-05-14 15:24:20,468 - INFO - \U0001f552 Automação: Iniciando varredura agendada...
2026-05-14 15:24:52,006 - INFO - \u2705 Automação: Varredura concluída com sucesso.
2026-05-14 15:24:52,007 - INFO - Job "tarefa_scan_automatico (trigger: interval[0:05:00], next run at: 2026-05-14 15:29:20 -03)" executed successfully
2026-05-14 15:29:20,467 - INFO - Running job "tarefa_scan_automatico (trigger: interval[0:05:00], next run at: 2026-05-14 15:34:20 -03)" (scheduled at 2026-05-14 15:29:20.455530-03:00)
2026-05-14 15:29:20,470 - INFO - \U0001f552 Automação: Iniciando varredura agendada...
2026-05-14 15:29:51,995 - INFO - \u2705 Automação: Varredura concluída com sucesso.
2026-05-14 15:29:51,995 - INFO - Job "tarefa_scan_automatico (trigger: interval[0:05:00], next run at: 2026-05-14 15:34:20 -03)" executed successfully
2026-05-14 15:34:20,506 - INFO - Running job "tarefa_scan_automatico (trigger: interval[0:05:00], next run at: 2026-05-14 15:39:20 -03)" (scheduled at 2026-05-14 15:34:20.455530-03:00)
2026-05-14 15:34:20,527 - INFO - \U0001f552 Automação: Iniciando varredura agendada...
2026-05-14 15:34:52,411 - INFO - \u2705 Automação: Varredura concluída com sucesso.
2026-05-14 15:34:52,413 - INFO - Job "tarefa_scan_automatico (trigger: interval[0:05:00], next run at: 2026-05-14 15:39:20 -03)" executed successfully
2026-05-14 15:39:20,483 - INFO - Running job "tarefa_scan_automatico (trigger: interval[0:05:00], next run at: 2026-05-14 15:44:20 -03)" (scheduled at 2026-05-14 15:39:20.455530-03:00)
2026-05-14 15:39:20,488 - INFO - \U0001f552 Automação: Iniciando varredura agendada...
2026-05-14 15:39:52,318 - INFO - \u2705 Automação: Varredura concluída com sucesso.
2026-05-14 15:39:52,321 - INFO - Job "tarefa_scan_automatico (trigger: interval[0:05:00], next run at: 2026-05-14 15:44:20 -03)" executed successfully
2026-05-14 15:44:20,462 - INFO - Running job "tarefa_scan_automatico (trigger: interval[0:05:00], next run at: 2026-05-14 15:49:20 -03)" (scheduled at 2026-05-14 15:44:20.455530-03:00)
2026-05-14 15:44:20,465 - INFO - \U0001f552 Automação: Iniciando varredura agendada...
2026-05-14 15:44:52,089 - INFO - \u2705 Automação: Varredura concluída com sucesso.
2026-05-14 15:44:52,090 - INFO - Job "tarefa_scan_automatico (trigger: interval[0:05:00], next run at: 2026-05-14 15:49:20 -03)" executed successfully
2026-05-14 15:49:20,524 - INFO - Running job "tarefa_scan_automatico (trigger: interval[0:05:00], next run at: 2026-05-14 15:54:20 -03)" (scheduled at 2026-05-14 15:49:20.455530-03:00)
2026-05-14 15:49:20,551 - INFO - \U0001f552 Automação: Iniciando varredura agendada...
2026-05-14 15:49:52,752 - INFO - \u2705 Automação: Varredura concluída com sucesso.
2026-05-14 15:49:52,754 - INFO - Job "tarefa_scan_automatico (trigger: interval[0:05:00], next run at: 2026-05-14 15:54:20 -03)" executed successfully
2026-05-14 15:54:20,512 - INFO - Running job "tarefa_scan_automatico (trigger: interval[0:05:00], next run at: 2026-05-14 15:59:20 -03)" (scheduled at 2026-05-14 15:54:20.455530-03:00)
2026-05-14 15:54:20,530 - INFO - \U0001f552 Automação: Iniciando varredura agendada...
2026-05-14 15:54:52,405 - INFO - \u2705 Automação: Varredura concluída com sucesso.
2026-05-14 15:54:52,407 - INFO - Job "tarefa_scan_automatico (trigger: interval[0:05:00], next run at: 2026-05-14 15:59:20 -03)" executed successfully
2026-05-14 15:59:20,500 - INFO - Running job "tarefa_scan_automatico (trigger: interval[0:05:00], next run at: 2026-05-14 16:04:20 -03)" (scheduled at 2026-05-14 15:59:20.455530-03:00)
2026-05-14 15:59:20,518 - INFO - \U0001f552 Automação: Iniciando varredura agendada...
2026-05-14 15:59:52,398 - INFO - \u2705 Automação: Varredura concluída com sucesso.
2026-05-14 15:59:52,401 - INFO - Job "tarefa_scan_automatico (trigger: interval[0:05:00], next run at: 2026-05-14 16:04:20 -03)" executed successfully
2026-05-14 16:04:20,478 - INFO - Running job "tarefa_scan_automatico (trigger: interval[0:05:00], next run at: 2026-05-14 16:09:20 -03)" (scheduled at 2026-05-14 16:04:20.455530-03:00)
2026-05-14 16:04:20,482 - INFO - \U0001f552 Automação: Iniciando varredura agendada...
2026-05-14 16:04:52,669 - INFO - \u2705 Automação: Varredura concluída com sucesso.
2026-05-14 16:04:52,677 - INFO - Job "tarefa_scan_automatico (trigger: interval[0:05:00], next run at: 2026-05-14 16:09:20 -03)" executed successfully
2026-05-14 16:09:20,504 - INFO - Running job "tarefa_scan_automatico (trigger: interval[0:05:00], next run at: 2026-05-14 16:14:20 -03)" (scheduled at 2026-05-14 16:09:20.455530-03:00)
2026-05-14 16:09:20,522 - INFO - \U0001f552 Automação: Iniciando varredura agendada...
2026-05-14 16:09:52,585 - INFO - \u2705 Automação: Varredura concluída com sucesso.
2026-05-14 16:09:52,588 - INFO - Job "tarefa_scan_automatico (trigger: interval[0:05:00], next run at: 2026-05-14 16:14:20 -03)" executed successfully
2026-05-14 16:14:20,519 - INFO - Running job "tarefa_scan_automatico (trigger: interval[0:05:00], next run at: 2026-05-14 16:19:20 -03)" (scheduled at 2026-05-14 16:14:20.455530-03:00)
2026-05-14 16:14:20,538 - INFO - \U0001f552 Automação: Iniciando varredura agendada...
2026-05-14 16:14:52,612 - INFO - \u2705 Automação: Varredura concluída com sucesso.
2026-05-14 16:14:52,616 - INFO - Job "tarefa_scan_automatico (trigger: interval[0:05:00], next run at: 2026-05-14 16:19:20 -03)" executed successfully
2026-05-14 16:19:20,489 - INFO - Running job "tarefa_scan_automatico (trigger: interval[0:05:00], next run at: 2026-05-14 16:24:20 -03)" (scheduled at 2026-05-14 16:19:20.455530-03:00)
2026-05-14 16:19:20,495 - INFO - \U0001f552 Automação: Iniciando varredura agendada...
2026-05-14 16:19:54,419 - INFO - \u2705 Automação: Varredura concluída com sucesso.
2026-05-14 16:19:54,421 - INFO - Job "tarefa_scan_automatico (trigger: interval[0:05:00], next run at: 2026-05-14 16:24:20 -03)" executed successfully
2026-05-14 16:24:20,474 - INFO - Running job "tarefa_scan_automatico (trigger: interval[0:05:00], next run at: 2026-05-14 16:29:20 -03)" (scheduled at 2026-05-14 16:24:20.455530-03:00)
2026-05-14 16:24:20,474 - INFO - \U0001f552 Automação: Iniciando varredura agendada...
2026-05-14 16:24:52,239 - INFO - \u2705 Automação: Varredura concluída com sucesso.
2026-05-14 16:24:52,241 - INFO - Job "tarefa_scan_automatico (trigger: interval[0:05:00], next run at: 2026-05-14 16:29:20 -03)" executed successfully
2026-05-14 16:29:20,488 - INFO - Running job "tarefa_scan_automatico (trigger: interval[0:05:00], next run at: 2026-05-14 16:34:20 -03)" (scheduled at 2026-05-14 16:29:20.455530-03:00)
2026-05-14 16:29:20,498 - INFO - \U0001f552 Automação: Iniciando varredura agendada...
2026-05-14 16:29:52,282 - INFO - \u2705 Automação: Varredura concluída com sucesso.
2026-05-14 16:29:52,284 - INFO - Job "tarefa_scan_automatico (trigger: interval[0:05:00], next run at: 2026-05-14 16:34:20 -03)" executed successfully
2026-05-14 16:34:20,494 - INFO - Running job "tarefa_scan_automatico (trigger: interval[0:05:00], next run at: 2026-05-14 16:39:20 -03)" (scheduled at 2026-05-14 16:34:20.455530-03:00)
2026-05-14 16:34:20,511 - INFO - \U0001f552 Automação: Iniciando varredura agendada...
2026-05-14 16:34:52,675 - INFO - \u2705 Automação: Varredura concluída com sucesso.
2026-05-14 16:34:52,677 - INFO - Job "tarefa_scan_automatico (trigger: interval[0:05:00], next run at: 2026-05-14 16:39:20 -03)" executed successfully
2026-05-14 16:39:20,500 - INFO - Running job "tarefa_scan_automatico (trigger: interval[0:05:00], next run at: 2026-05-14 16:44:20 -03)" (scheduled at 2026-05-14 16:39:20.455530-03:00)
2026-05-14 16:39:20,521 - INFO - \U0001f552 Automação: Iniciando varredura agendada...
2026-05-14 16:39:52,811 - INFO - \u2705 Automação: Varredura concluída com sucesso.
2026-05-14 16:39:52,814 - INFO - Job "tarefa_scan_automatico (trigger: interval[0:05:00], next run at: 2026-05-14 16:44:20 -03)" executed successfully
2026-05-14 16:44:20,501 - INFO - Running job "tarefa_scan_automatico (trigger: interval[0:05:00], next run at: 2026-05-14 16:49:20 -03)" (scheduled at 2026-05-14 16:44:20.455530-03:00)
2026-05-14 16:44:20,523 - INFO - \U0001f552 Automação: Iniciando varredura agendada...
2026-05-14 16:44:52,695 - INFO - \u2705 Automação: Varredura concluída com sucesso.
2026-05-14 16:44:52,699 - INFO - Job "tarefa_scan_automatico (trigger: interval[0:05:00], next run at: 2026-05-14 16:49:20 -03)" executed successfully
2026-05-14 16:49:20,482 - INFO - Running job "tarefa_scan_automatico (trigger: interval[0:05:00], next run at: 2026-05-14 16:54:20 -03)" (scheduled at 2026-05-14 16:49:20.455530-03:00)
2026-05-14 16:49:20,498 - INFO - \U0001f552 Automação: Iniciando varredura agendada...
2026-05-14 16:49:52,747 - INFO - \u2705 Automação: Varredura concluída com sucesso.
2026-05-14 16:49:52,749 - INFO - Job "tarefa_scan_automatico (trigger: interval[0:05:00], next run at: 2026-05-14 16:54:20 -03)" executed successfully
2026-05-14 16:54:20,498 - INFO - Running job "tarefa_scan_automatico (trigger: interval[0:05:00], next run at: 2026-05-14 16:59:20 -03)" (scheduled at 2026-05-14 16:54:20.455530-03:00)
2026-05-14 16:54:20,516 - INFO - \U0001f552 Automação: Iniciando varredura agendada...
2026-05-14 16:54:52,683 - INFO - \u2705 Automação: Varredura concluída com sucesso.
2026-05-14 16:54:52,685 - INFO - Job "tarefa_scan_automatico (trigger: interval[0:05:00], next run at: 2026-05-14 16:59:20 -03)" executed successfully
2026-05-14 16:59:20,507 - INFO - Running job "tarefa_scan_automatico (trigger: interval[0:05:00], next run at: 2026-05-14 16:59:20 -03)" (scheduled at 2026-05-14 16:59:20.455530-03:00)
2026-05-14 16:59:20,525 - INFO - \U0001f552 Automação: Iniciando varredura agendada...
2026-05-14 16:59:52,969 - INFO - \u2705 Automação: Varredura concluída com sucesso.
2026-05-14 16:59:52,971 - INFO - Job "tarefa_scan_automatico (trigger: interval[0:05:00], next run at: 2026-05-14 17:04:20 -03)" executed successfully
2026-05-14 17:04:20,506 - INFO - Running job "tarefa_scan_automatico (trigger: interval[0:05:00], next run at: 2026-05-14 17:09:20 -03)" (scheduled at 2026-05-14 17:04:20.455530-03:00)
2026-05-14 17:04:20,521 - INFO - \U0001f552 Automação: Iniciando varredura agendada...
2026-05-14 17:04:52,672 - INFO - \u2705 Automação: Varredura concluída com sucesso.
2026-05-14 17:04:52,675 - INFO - Job "tarefa_scan_automatico (trigger: interval[0:05:00], next run at: 2026-05-14 17:09:20 -03)" executed successfully
2026-05-14 17:09:20,495 - INFO - Running job "tarefa_scan_automatico (trigger: interval[0:05:00], next run at: 2026-05-14 17:14:20 -03)" (scheduled at 2026-05-14 17:09:20.455530-03:00)
2026-05-14 17:09:20,507 - INFO - \U0001f552 Automação: Iniciando varredura agendada...
2026-05-14 17:09:52,706 - INFO - \u2705 Automação: Varredura concluída com sucesso.
2026-05-14 17:09:52,708 - INFO - Job "tarefa_scan_automatico (trigger: interval[0:05:00], next run at: 2026-05-14 17:14:20 -03)" executed successfully
2026-05-14 17:14:20,511 - INFO - Running job "tarefa_scan_automatico (trigger: interval[0:05:00], next run at: 2026-05-14 17:19:20 -03)" (scheduled at 2026-05-14 17:14:20.455530-03:00)
2026-05-14 17:14:20,531 - INFO - \U0001f552 Automação: Iniciando varredura agendada...
2026-05-14 17:14:54,771 - INFO - \u2705 Automação: Varredura concluída com sucesso.
2026-05-14 17:14:54,773 - INFO - Job "tarefa_scan_automatico (trigger: interval[0:05:00], next run at: 2026-05-14 17:19:20 -03)" executed successfully
2026-05-14 17:19:20,491 - INFO - Running job "tarefa_scan_automatico (trigger: interval[0:05:00], next run at: 2026-05-14 17:24:20 -03)" (scheduled at 2026-05-14 17:19:20.455530-03:00)
2026-05-14 17:19:20,505 - INFO - \U0001f552 Automação: Iniciando varredura agendada...
2026-05-14 17:19:53,176 - INFO - \u2705 Automação: Varredura concluída com sucesso.
2026-05-14 17:19:53,180 - INFO - Job "tarefa_scan_automatico (trigger: interval[0:05:00], next run at: 2026-05-14 17:24:20 -03)" executed successfully
2026-05-14 17:24:20,511 - INFO - Running job "tarefa_scan_automatico (trigger: interval[0:05:00], next run at: 2026-05-14 17:29:20 -03)" (scheduled at 2026-05-14 17:24:20.455530-03:00)
2026-05-14 17:24:20,532 - INFO - \U0001f552 Automação: Iniciando varredura agendada...
2026-05-14 17:24:52,911 - INFO - \u2705 Automação: Varredura concluída com sucesso.
2026-05-14 17:24:52,914 - INFO - Job "tarefa_scan_automatico (trigger: interval[0:05:00], next run at: 2026-05-14 17:29:20 -03)" executed successfully
2026-05-14 17:29:20,496 - INFO - Running job "tarefa_scan_automatico (trigger: interval[0:05:00], next run at: 2026-05-14 17:34:20 -03)" (scheduled at 2026-05-14 17:29:20.455530-03:00)
2026-05-14 17:29:20,511 - INFO - \U0001f552 Automação: Iniciando varredura agendada...
2026-05-14 17:29:52,989 - INFO - \u2705 Automação: Varredura concluída com sucesso.
2026-05-14 17:29:52,990 - INFO - Job "tarefa_scan_automatico (trigger: interval[0:05:00], next run at: 2026-05-14 17:34:20 -03)" executed successfully
2026-05-14 17:34:20,501 - INFO - Running job "tarefa_scan_automatico (trigger: interval[0:05:00], next run at: 2026-05-14 17:39:20 -03)" (scheduled at 2026-05-14 17:34:20.455530-03:00)
2026-05-14 17:34:20,515 - INFO - \U0001f552 Automação: Iniciando varredura agendada...
2026-05-14 17:34:52,517 - INFO - \u2705 Automação: Varredura concluída com sucesso.
2026-05-14 17:34:52,521 - INFO - Job "tarefa_scan_automatico (trigger: interval[0:05:00], next run at: 2026-05-14 17:39:20 -03)" executed successfully
2026-05-14 17:39:20,494 - INFO - Running job "tarefa_scan_automatico (trigger: interval[0:05:00], next run at: 2026-05-14 17:44:20 -03)" (scheduled at 2026-05-14 17:39:20.455530-03:00)
2026-05-14 17:39:20,506 - INFO - \U0001f552 Automação: Iniciando varredura agendada...
2026-05-14 17:39:52,283 - INFO - \u2705 Automação: Varredura concluída com sucesso.
2026-05-14 17:39:52,288 - INFO - Job "tarefa_scan_automatico (trigger: interval[0:05:00], next run at: 2026-05-14 17:44:20 -03)" executed successfully
2026-05-14 17:44:20,515 - INFO - Running job "tarefa_scan_automatico (trigger: interval[0:05:00], next run at: 2026-05-14 17:49:20 -03)" (scheduled at 2026-05-14 17:44:20.455530-03:00)
2026-05-14 17:44:20,541 - INFO - \U0001f552 Automação: Iniciando varredura agendada...
2026-05-14 17:44:52,811 - INFO - \u2705 Automação: Varredura concluída com sucesso.
2026-05-14 17:44:52,813 - INFO - Job "tarefa_scan_automatico (trigger: interval[0:05:00], next run at: 2026-05-14 17:49:20 -03)" executed successfully
2026-05-14 17:49:20,488 - INFO - Running job "tarefa_scan_automatico (trigger: interval[0:05:00], next run at: 2026-05-14 17:54:20 -03)" (scheduled at 2026-05-14 17:49:20.455530-03:00)
2026-05-14 17:49:20,502 - INFO - \U0001f552 Automação: Iniciando varredura agendada...
2026-05-14 17:49:52,885 - INFO - \u2705 Automação: Varredura concluída com sucesso.
2026-05-14 17:49:52,887 - INFO - Job "tarefa_scan_automatico (trigger: interval[0:05:00], next run at: 2026-05-14 17:54:20 -03)" executed successfully
2026-05-14 17:54:20,473 - INFO - Running job "tarefa_scan_automatico (trigger: interval[0:05:00], next run at: 2026-05-14 17:59:20 -03)" (scheduled at 2026-05-14 17:54:20.455530-03:00)
2026-05-14 17:54:20,474 - INFO - \U0001f552 Automação: Iniciando varredura agendada...
2026-05-14 17:54:52,571 - INFO - \u2705 Automação: Varredura concluída com sucesso.
2026-05-14 17:54:52,571 - INFO - Job "tarefa_scan_automatico (trigger: interval[0:05:00], next run at: 2026-05-14 17:59:20 -03)" executed successfully
2026-05-14 17:59:20,496 - INFO - Running job "tarefa_scan_automatico (trigger: interval[0:05:00], next run at: 2026-05-14 18:04:20 -03)" (scheduled at 2026-05-14 17:59:20.455530-03:00)
2026-05-14 17:59:20,521 - INFO - \U0001f552 Automação: Iniciando varredura agendada...
2026-05-14 17:59:52,981 - INFO - \u2705 Automação: Varredura concluída com sucesso.
2026-05-14 17:59:52,984 - INFO - Job "tarefa_scan_automatico (trigger: interval[0:05:00], next run at: 2026-05-14 18:04:20 -03)" executed successfully
2026-05-14 18:04:20,484 - INFO - Running job "tarefa_scan_automatico (trigger: interval[0:05:00], next run at: 2026-05-14 18:09:20 -03)" (scheduled at 2026-05-14 18:04:20.455530-03:00)
2026-05-14 18:04:20,486 - INFO - \U0001f552 Automação: Iniciando varredura agendada...
2026-05-14 18:04:52,553 - INFO - \u2705 Automação: Varredura concluída com sucesso.
2026-05-14 18:04:52,556 - INFO - Job "tarefa_scan_automatico (trigger: interval[0:05:00], next run at: 2026-05-14 18:09:20 -03)" executed successfully
2026-05-14 18:09:20,502 - INFO - Running job "tarefa_scan_automatico (trigger: interval[0:05:00], next run at: 2026-05-14 18:09:20 -03)" (scheduled at 2026-05-14 18:09:20.455530-03:00)
2026-05-14 18:09:20,522 - INFO - \U0001f552 Automação: Iniciando varredura agendada...
2026-05-14 18:09:52,466 - INFO - \u2705 Automação: Varredura concluída com sucesso.
2026-05-14 18:09:52,469 - INFO - Job "tarefa_scan_automatico (trigger: interval[0:05:00], next run at: 2026-05-14 18:14:20 -03)" executed successfully
2026-05-14 18:14:20,478 - INFO - Running job "tarefa_scan_automatico (trigger: interval[0:05:00], next run at: 2026-05-14 18:19:20 -03)" (scheduled at 2026-05-14 18:14:20.455530-03:00)
2026-05-14 18:14:20,478 - INFO - \U0001f552 Automação: Iniciando varredura agendada...
2026-05-14 18:14:52,234 - INFO - \u2705 Automação: Varredura concluída com sucesso.
2026-05-14 18:14:52,235 - INFO - Job "tarefa_scan_automatico (trigger: interval[0:05:00], next run at: 2026-05-14 18:19:20 -03)" executed successfully
2026-05-14 18:19:20,456 - INFO - Running job "tarefa_scan_automatico (trigger: interval[0:05:00], next run at: 2026-05-14 18:24:20 -03)" (scheduled at 2026-05-14 18:19:20.455530-03:00)
2026-05-14 18:19:20,456 - INFO - \U0001f552 Automação: Iniciando varredura agendada...
2026-05-14 18:19:52,243 - INFO - \u2705 Automação: Varredura concluída com sucesso.
2026-05-14 18:19:52,244 - INFO - Job "tarefa_scan_automatico (trigger: interval[0:05:00], next run at: 2026-05-14 18:24:20 -03)" executed successfully
2026-05-14 18:24:20,477 - INFO - Running job "tarefa_scan_automatico (trigger: interval[0:05:00], next run at: 2026-05-14 18:29:20 -03)" (scheduled at 2026-05-14 18:24:20.455530-03:00)
2026-05-14 18:24:20,477 - INFO - \U0001f552 Automação: Iniciando varredura agendada...
2026-05-14 18:24:52,176 - INFO - \u2705 Automação: Varredura concluída com sucesso.
2026-05-14 18:24:52,176 - INFO - Job "tarefa_scan_automatico (trigger: interval[0:05:00], next run at: 2026-05-14 18:29:20 -03)" executed successfully
2026-05-14 18:29:20,458 - INFO - Running job "tarefa_scan_automatico (trigger: interval[0:05:00], next run at: 2026-05-14 18:34:20 -03)" (scheduled at 2026-05-14 18:29:20.455530-03:00)
2026-05-14 18:29:20,459 - INFO - \U0001f552 Automação: Iniciando varredura agendada...
2026-05-14 18:29:52,142 - INFO - \u2705 Automação: Varredura concluída com sucesso.
2026-05-14 18:29:52,142 - INFO - Job "tarefa_scan_automatico (trigger: interval[0:05:00], next run at: 2026-05-14 18:34:20 -03)" executed successfully
2026-05-14 18:34:20,462 - INFO - Running job "tarefa_scan_automatico (trigger: interval[0:05:00], next run at: 2026-05-14 18:39:20 -03)" (scheduled at 2026-05-14 18:34:20.455530-03:00)
2026-05-14 18:34:20,463 - INFO - \U0001f552 Automação: Iniciando varredura agendada...
2026-05-14 18:34:52,112 - INFO - \u2705 Automação: Varredura concluída com sucesso.
2026-05-14 18:34:52,112 - INFO - Job "tarefa_scan_automatico (trigger: interval[0:05:00], next run at: 2026-05-14 18:39:20 -03)" executed successfully
2026-05-14 18:39:20,487 - INFO - Running job "tarefa_scan_automatico (trigger: interval[0:05:00], next run at: 2026-05-14 18:44:20 -03)" (scheduled at 2026-05-14 18:39:20.455530-03:00)
2026-05-14 18:39:20,489 - INFO - \U0001f552 Automação: Iniciando varredura agendada...
2026-05-14 18:39:53,639 - INFO - \u2705 Automação: Varredura concluída com sucesso.
2026-05-14 18:39:53,640 - INFO - Job "tarefa_scan_automatico (trigger: interval[0:05:00], next run at: 2026-05-14 18:44:20 -03)" executed successfully
2026-05-14 18:44:20,469 - INFO - Running job "tarefa_scan_automatico (trigger: interval[0:05:00], next run at: 2026-05-14 18:49:20 -03)" (scheduled at 2026-05-14 18:44:20.455530-03:00)
2026-05-14 18:44:20,471 - INFO - \U0001f552 Automação: Iniciando varredura agendada...
2026-05-14 18:44:52,159 - INFO - \u2705 Automação: Varredura concluída com sucesso.
2026-05-14 18:44:52,160 - INFO - Job "tarefa_scan_automatico (trigger: interval[0:05:00], next run at: 2026-05-14 18:49:20 -03)" executed successfully
2026-05-14 18:49:20,461 - INFO - Running job "tarefa_scan_automatico (trigger: interval[0:05:00], next run at: 2026-05-14 18:54:20 -03)" (scheduled at 2026-05-14 18:49:20.455530-03:00)
2026-05-14 18:49:20,464 - INFO - \U0001f552 Automação: Iniciando varredura agendada...
2026-05-14 18:49:52,272 - INFO - \u2705 Automação: Varredura concluída com sucesso.
2026-05-14 18:49:52,273 - INFO - Job "tarefa_scan_automatico (trigger: interval[0:05:00], next run at: 2026-05-14 18:54:20 -03)" executed successfully
2026-05-14 18:54:20,467 - INFO - Running job "tarefa_scan_automatico (trigger: interval[0:05:00], next run at: 2026-05-14 18:59:20 -03)" (scheduled at 2026-05-14 18:54:20.455530-03:00)
2026-05-14 18:54:20,494 - INFO - \U0001f552 Automação: Iniciando varredura agendada...
2026-05-14 18:54:52,326 - INFO - \u2705 Automação: Varredura concluída com sucesso.
2026-05-14 18:54:52,329 - INFO - Job "tarefa_scan_automatico (trigger: interval[0:05:00], next run at: 2026-05-14 18:59:20 -03)" executed successfully
2026-05-14 18:59:20,456 - INFO - Running job "tarefa_scan_automatico (trigger: interval[0:05:00], next run at: 2026-05-14 19:04:20 -03)" (scheduled at 2026-05-14 18:59:20.455530-03:00)
2026-05-14 18:59:20,457 - INFO - \U0001f552 Automação: Iniciando varredura agendada...
2026-05-14 18:59:52,332 - INFO - \u2705 Automação: Varredura concluída com sucesso.
2026-05-14 18:59:52,332 - INFO - Job "tarefa_scan_automatico (trigger: interval[0:05:00], next run at: 2026-05-14 19:04:20 -03)" executed successfully
2026-05-14 19:04:20,467 - INFO - Running job "tarefa_scan_automatico (trigger: interval[0:05:00], next run at: 2026-05-14 19:09:20 -03)" (scheduled at 2026-05-14 19:04:20.455530-03:00)
2026-05-14 19:04:20,468 - INFO - \U0001f552 Automação: Iniciando varredura agendada...
2026-05-14 19:04:52,236 - INFO - \u2705 Automação: Varredura concluída com sucesso.
2026-05-14 19:04:52,236 - INFO - Job "tarefa_scan_automatico (trigger: interval[0:05:00], next run at: 2026-05-14 19:09:20 -03)" executed successfully
2026-05-14 19:09:20,470 - INFO - Running job "tarefa_scan_automatico (trigger: interval[0:05:00], next run at: 2026-05-14 19:14:20 -03)" (scheduled at 2026-05-14 19:09:20.455530-03:00)
2026-05-14 19:09:20,471 - INFO - \U0001f552 Automação: Iniciando varredura agendada...
2026-05-14 19:09:52,062 - INFO - \u2705 Automação: Varredura concluída com sucesso.
2026-05-14 19:09:52,063 - INFO - Job "tarefa_scan_automatico (trigger: interval[0:05:00], next run at: 2026-05-14 19:14:20 -03)" executed successfully
2026-05-14 19:14:20,460 - INFO - Running job "tarefa_scan_automatico (trigger: interval[0:05:00], next run at: 2026-05-14 19:19:20 -03)" (scheduled at 2026-05-14 19:14:20.455530-03:00)
2026-05-14 19:14:20,461 - INFO - \U0001f552 Automação: Iniciando varredura agendada...
2026-05-14 19:14:53,368 - INFO - \u2705 Automação: Varredura concluída com sucesso.
2026-05-14 19:14:53,368 - INFO - Job "tarefa_scan_automatico (trigger: interval[0:05:00], next run at: 2026-05-14 19:19:20 -03)" executed successfully
2026-05-14 19:19:20,480 - INFO - Running job "tarefa_scan_automatico (trigger: interval[0:05:00], next run at: 2026-05-14 19:24:20 -03)" (scheduled at 2026-05-14 19:19:20.455530-03:00)
2026-05-14 19:19:20,482 - INFO - \U0001f552 Automação: Iniciando varredura agendada...
2026-05-14 19:19:52,287 - INFO - \u2705 Automação: Varredura concluída com sucesso.
2026-05-14 19:19:52,288 - INFO - Job "tarefa_scan_automatico (trigger: interval[0:05:00], next run at: 2026-05-14 19:24:20 -03)" executed successfully
2026-05-14 19:24:20,466 - INFO - Running job "tarefa_scan_automatico (trigger: interval[0:05:00], next run at: 2026-05-14 19:29:20 -03)" (scheduled at 2026-05-14 19:24:20.455530-03:00)
2026-05-14 19:24:20,467 - INFO - \U0001f552 Automação: Iniciando varredura agendada...
2026-05-14 19:24:52,205 - INFO - \u2705 Automação: Varredura concluída com sucesso.
2026-05-14 19:24:52,216 - INFO - Job "tarefa_scan_automatico (trigger: interval[0:05:00], next run at: 2026-05-14 19:29:20 -03)" executed successfully
2026-05-14 19:29:20,462 - INFO - Running job "tarefa_scan_automatico (trigger: interval[0:05:00], next run at: 2026-05-14 19:34:20 -03)" (scheduled at 2026-05-14 19:29:20.455530-03:00)
2026-05-14 19:29:20,464 - INFO - \U0001f552 Automação: Iniciando varredura agendada...
2026-05-14 19:29:52,119 - INFO - \u2705 Automação: Varredura concluída com sucesso.
2026-05-14 19:29:52,119 - INFO - Job "tarefa_scan_automatico (trigger: interval[0:05:00], next run at: 2026-05-14 19:34:20 -03)" executed successfully
2026-05-14 19:34:20,466 - INFO - Running job "tarefa_scan_automatico (trigger: interval[0:05:00], next run at: 2026-05-14 19:39:20 -03)" (scheduled at 2026-05-14 19:34:20.455530-03:00)
2026-05-14 19:34:20,467 - INFO - \U0001f552 Automação: Iniciando varredura agendada...
2026-05-14 19:34:52,200 - INFO - \u2705 Automação: Varredura concluída com sucesso.
2026-05-14 19:34:52,200 - INFO - Job "tarefa_scan_automatico (trigger: interval[0:05:00], next run at: 2026-05-14 19:39:20 -03)" executed successfully
2026-05-14 19:39:20,473 - INFO - Running job "tarefa_scan_automatico (trigger: interval[0:05:00], next run at: 2026-05-14 19:44:20 -03)" (scheduled at 2026-05-14 19:39:20.455530-03:00)
2026-05-14 19:39:20,477 - INFO - \U0001f552 Automação: Iniciando varredura agendada...
2026-05-14 19:39:52,167 - INFO - \u2705 Automação: Varredura concluída com sucesso.
2026-05-14 19:39:52,170 - INFO - Job "tarefa_scan_automatico (trigger: interval[0:05:00], next run at: 2026-05-14 19:44:20 -03)" executed successfully
2026-05-14 19:44:20,461 - INFO - Running job "tarefa_scan_automatico (trigger: interval[0:05:00], next run at: 2026-05-14 19:49:20 -03)" (scheduled at 2026-05-14 19:44:20.455530-03:00)
2026-05-14 19:44:20,462 - INFO - \U0001f552 Automação: Iniciando varredura agendada...
2026-05-14 19:44:52,123 - INFO - \u2705 Automação: Varredura concluída com sucesso.
2026-05-14 19:44:52,124 - INFO - Job "tarefa_scan_automatico (trigger: interval[0:05:00], next run at: 2026-05-14 19:49:20 -03)" executed successfully
2026-05-14 19:49:20,467 - INFO - Running job "tarefa_scan_automatico (trigger: interval[0:05:00], next run at: 2026-05-14 19:54:20 -03)" (scheduled at 2026-05-14 19:49:20.455530-03:00)
2026-05-14 19:49:20,475 - INFO - \U0001f552 Automação: Iniciando varredura agendada...
2026-05-14 19:49:52,380 - INFO - \u2705 Automação: Varredura concluída com sucesso.
2026-05-14 19:49:52,380 - INFO - Job "tarefa_scan_automatico (trigger: interval[0:05:00], next run at: 2026-05-14 19:54:20 -03)" executed successfully
2026-05-14 19:54:20,460 - INFO - Running job "tarefa_scan_automatico (trigger: interval[0:05:00], next run at: 2026-05-14 19:59:20 -03)" (scheduled at 2026-05-14 19:54:20.455530-03:00)
2026-05-14 19:54:20,468 - INFO - \U0001f552 Automação: Iniciando varredura agendada...
2026-05-14 19:54:52,109 - INFO - \u2705 Automação: Varredura concluída com sucesso.
2026-05-14 19:54:52,110 - INFO - Job "tarefa_scan_automatico (trigger: interval[0:05:00], next run at: 2026-05-14 19:59:20 -03)" executed successfully
2026-05-14 19:59:20,464 - INFO - Running job "tarefa_scan_automatico (trigger: interval[0:05:00], next run at: 2026-05-14 20:04:20 -03)" (scheduled at 2026-05-14 19:59:20.455530-03:00)
2026-05-14 19:59:20,465 - INFO - \U0001f552 Automação: Iniciando varredura agendada...
2026-05-14 19:59:52,320 - INFO - \u2705 Automação: Varredura concluída com sucesso.
2026-05-14 19:59:52,328 - INFO - Job "tarefa_scan_automatico (trigger: interval[0:05:00], next run at: 2026-05-14 20:04:20 -03)" executed successfully
2026-05-14 20:04:20,466 - INFO - Running job "tarefa_scan_automatico (trigger: interval[0:05:00], next run at: 2026-05-14 20:09:20 -03)" (scheduled at 2026-05-14 20:04:20.455530-03:00)
2026-05-14 20:04:20,467 - INFO - \U0001f552 Automação: Iniciando varredura agendada...
2026-05-14 20:04:52,231 - INFO - \u2705 Automação: Varredura concluída com sucesso.
2026-05-14 20:04:52,231 - INFO - Job "tarefa_scan_automatico (trigger: interval[0:05:00], next run at: 2026-05-14 20:09:20 -03)" executed successfully
2026-05-14 20:09:20,468 - INFO - Running job "tarefa_scan_automatico (trigger: interval[0:05:00], next run at: 2026-05-14 20:14:20 -03)" (scheduled at 2026-05-14 20:09:20.455530-03:00)
2026-05-14 20:09:20,469 - INFO - \U0001f552 Automação: Iniciando varredura agendada...
2026-05-14 20:09:52,138 - INFO - \u2705 Automação: Varredura concluída com sucesso.
2026-05-14 20:09:52,138 - INFO - Job "tarefa_scan_automatico (trigger: interval[0:05:00], next run at: 2026-05-14 20:14:20 -03)" executed successfully
2026-05-14 20:14:20,461 - INFO - Running job "tarefa_scan_automatico (trigger: interval[0:05:00], next run at: 2026-05-14 20:19:20 -03)" (scheduled at 2026-05-14 20:14:20.455530-03:00)
2026-05-14 20:14:20,461 - INFO - \U0001f552 Automação: Iniciando varredura agendada...
2026-05-14 20:14:52,140 - INFO - \u2705 Automação: Varredura concluída com sucesso.
2026-05-14 20:14:52,140 - INFO - Job "tarefa_scan_automatico (trigger: interval[0:05:00], next run at: 2026-05-14 20:19:20 -03)" executed successfully
2026-05-14 20:19:20,463 - INFO - Running job "tarefa_scan_automatico (trigger: interval[0:05:00], next run at: 2026-05-14 20:24:20 -03)" (scheduled at 2026-05-14 20:19:20.455530-03:00)
2026-05-14 20:19:20,466 - INFO - \U0001f552 Automação: Iniciando varredura agendada...
2026-05-14 20:19:52,402 - INFO - \u2705 Automação: Varredura concluída com sucesso.
2026-05-14 20:19:52,402 - INFO - Job "tarefa_scan_automatico (trigger: interval[0:05:00], next run at: 2026-05-14 20:24:20 -03)" executed successfully
2026-05-14 20:24:20,467 - INFO - Running job "tarefa_scan_automatico (trigger: interval[0:05:00], next run at: 2026-05-14 20:29:20 -03)" (scheduled at 2026-05-14 20:24:20.455530-03:00)
2026-05-14 20:24:20,468 - INFO - \U0001f552 Automação: Iniciando varredura agendada...
2026-05-14 20:24:52,273 - INFO - \u2705 Automação: Varredura concluída com sucesso.
2026-05-14 20:24:52,273 - INFO - Job "tarefa_scan_automatico (trigger: interval[0:05:00], next run at: 2026-05-14 20:29:20 -03)" executed successfully
2026-05-14 20:29:20,478 - INFO - Running job "tarefa_scan_automatico (trigger: interval[0:05:00], next run at: 2026-05-14 20:34:20 -03)" (scheduled at 2026-05-14 20:29:20.455530-03:00)
2026-05-14 20:29:20,479 - INFO - \U0001f552 Automação: Iniciando varredura agendada...
2026-05-14 20:29:52,234 - INFO - \u2705 Automação: Varredura concluída com sucesso.
2026-05-14 20:29:52,234 - INFO - Job "tarefa_scan_automatico (trigger: interval[0:05:00], next run at: 2026-05-14 20:34:20 -03)" executed successfully
2026-05-14 20:34:20,470 - INFO - Running job "tarefa_scan_automatico (trigger: interval[0:05:00], next run at: 2026-05-14 20:39:20 -03)" (scheduled at 2026-05-14 20:34:20.455530-03:00)
2026-05-14 20:34:20,471 - INFO - \U0001f552 Automação: Iniciando varredura agendada...
2026-05-14 20:34:52,172 - INFO - \u2705 Automação: Varredura concluída com sucesso.
2026-05-14 20:34:52,173 - INFO - Job "tarefa_scan_automatico (trigger: interval[0:05:00], next run at: 2026-05-14 20:39:20 -03)" executed successfully
2026-05-14 20:39:20,475 - INFO - Running job "tarefa_scan_automatico (trigger: interval[0:05:00], next run at: 2026-05-14 20:44:20 -03)" (scheduled at 2026-05-14 20:39:20.455530-03:00)
2026-05-14 20:39:20,478 - INFO - \U0001f552 Automação: Iniciando varredura agendada...
2026-05-14 20:39:52,175 - INFO - \u2705 Automação: Varredura concluída com sucesso.
2026-05-14 20:39:52,176 - INFO - Job "tarefa_scan_automatico (trigger: interval[0:05:00], next run at: 2026-05-14 20:44:20 -03)" executed successfully
2026-05-14 20:44:20,467 - INFO - Running job "tarefa_scan_automatico (trigger: interval[0:05:00], next run at: 2026-05-14 20:49:20 -03)" (scheduled at 2026-05-14 20:44:20.455530-03:00)
2026-05-14 20:44:20,468 - INFO - \U0001f552 Automação: Iniciando varredura agendada...
2026-05-14 20:44:53,801 - INFO - \u2705 Automação: Varredura concluída com sucesso.
2026-05-14 20:44:53,802 - INFO - Job "tarefa_scan_automatico (trigger: interval[0:05:00], next run at: 2026-05-14 20:49:20 -03)" executed successfully
2026-05-14 20:49:20,465 - INFO - Running job "tarefa_scan_automatico (trigger: interval[0:05:00], next run at: 2026-05-14 20:54:20 -03)" (scheduled at 2026-05-14 20:49:20.455530-03:00)
2026-05-14 20:49:20,468 - INFO - \U0001f552 Automação: Iniciando varredura agendada...
2026-05-14 20:49:52,265 - INFO - \u2705 Automação: Varredura concluída com sucesso.
2026-05-14 20:49:52,266 - INFO - Job "tarefa_scan_automatico (trigger: interval[0:05:00], next run at: 2026-05-14 20:54:20 -03)" executed successfully
2026-05-14 20:54:20,470 - INFO - Running job "tarefa_scan_automatico (trigger: interval[0:05:00], next run at: 2026-05-14 20:59:20 -03)" (scheduled at 2026-05-14 20:54:20.455530-03:00)
2026-05-14 20:54:20,470 - INFO - \U0001f552 Automação: Iniciando varredura agendada...
2026-05-14 20:54:52,168 - INFO - \u2705 Automação: Varredura concluída com sucesso.
2026-05-14 20:54:52,169 - INFO - Job "tarefa_scan_automatico (trigger: interval[0:05:00], next run at: 2026-05-14 20:59:20 -03)" executed successfully
2026-05-14 20:59:20,473 - INFO - Running job "tarefa_scan_automatico (trigger: interval[0:05:00], next run at: 2026-05-14 21:04:20 -03)" (scheduled at 2026-05-14 20:59:20.455530-03:00)
2026-05-14 20:59:20,474 - INFO - \U0001f552 Automação: Iniciando varredura agendada...
2026-05-14 20:59:52,242 - INFO - \u2705 Automação: Varredura concluída com sucesso.
2026-05-14 20:59:52,243 - INFO - Job "tarefa_scan_automatico (trigger: interval[0:05:00], next run at: 2026-05-14 21:04:20 -03)" executed successfully
2026-05-14 21:04:20,463 - INFO - Running job "tarefa_scan_automatico (trigger: interval[0:05:00], next run at: 2026-05-14 21:09:20 -03)" (scheduled at 2026-05-14 21:04:20.455530-03:00)
2026-05-14 21:04:20,464 - INFO - \U0001f552 Automação: Iniciando varredura agendada...
2026-05-14 21:04:52,123 - INFO - \u2705 Automação: Varredura concluída com sucesso.
2026-05-14 21:04:52,124 - INFO - Job "tarefa_scan_automatico (trigger: interval[0:05:00], next run at: 2026-05-14 21:09:20 -03)" executed successfully
2026-05-14 21:09:20,470 - INFO - Running job "tarefa_scan_automatico (trigger: interval[0:05:00], next run at: 2026-05-14 21:14:20 -03)" (scheduled at 2026-05-14 21:09:20.455530-03:00)
2026-05-14 21:09:20,471 - INFO - \U0001f552 Automação: Iniciando varredura agendada...
2026-05-14 21:09:52,256 - INFO - \u2705 Automação: Varredura concluída com sucesso.
2026-05-14 21:09:52,267 - INFO - Job "tarefa_scan_automatico (trigger: interval[0:05:00], next run at: 2026-05-14 21:14:20 -03)" executed successfully
2026-05-14 21:14:20,461 - INFO - Running job "tarefa_scan_automatico (trigger: interval[0:05:00], next run at: 2026-05-14 21:19:20 -03)" (scheduled at 2026-05-14 21:14:20.455530-03:00)
2026-05-14 21:14:20,462 - INFO - \U0001f552 Automação: Iniciando varredura agendada...
2026-05-14 21:14:52,200 - INFO - \u2705 Automação: Varredura concluída com sucesso.
2026-05-14 21:14:52,200 - INFO - Job "tarefa_scan_automatico (trigger: interval[0:05:00], next run at: 2026-05-14 21:19:20 -03)" executed successfully
2026-05-14 21:19:20,459 - INFO - Running job "tarefa_scan_automatico (trigger: interval[0:05:00], next run at: 2026-05-14 21:24:20 -03)" (scheduled at 2026-05-14 21:19:20.455530-03:00)
2026-05-14 21:19:20,460 - INFO - \U0001f552 Automação: Iniciando varredura agendada...
2026-05-14 21:19:53,593 - INFO - \u2705 Automação: Varredura concluída com sucesso.
2026-05-14 21:19:53,593 - INFO - Job "tarefa_scan_automatico (trigger: interval[0:05:00], next run at: 2026-05-14 21:24:20 -03)" executed successfully
2026-05-14 21:24:20,465 - INFO - Running job "tarefa_scan_automatico (trigger: interval[0:05:00], next run at: 2026-05-14 21:29:20 -03)" (scheduled at 2026-05-14 21:24:20.455530-03:00)
2026-05-14 21:24:20,468 - INFO - \U0001f552 Automação: Iniciando varredura agendada...
2026-05-14 21:24:52,118 - INFO - \u2705 Automação: Varredura concluída com sucesso.
2026-05-14 21:24:52,118 - INFO - Job "tarefa_scan_automatico (trigger: interval[0:05:00], next run at: 2026-05-14 21:29:20 -03)" executed successfully
2026-05-14 21:29:20,458 - INFO - Running job "tarefa_scan_automatico (trigger: interval[0:05:00], next run at: 2026-05-14 21:34:20 -03)" (scheduled at 2026-05-14 21:29:20.455530-03:00)
2026-05-14 21:29:20,461 - INFO - \U0001f552 Automação: Iniciando varredura agendada...
2026-05-14 21:29:52,251 - INFO - \u2705 Automação: Varredura concluída com sucesso.
2026-05-14 21:29:52,252 - INFO - Job "tarefa_scan_automatico (trigger: interval[0:05:00], next run at: 2026-05-14 21:34:20 -03)" executed successfully
2026-05-14 21:34:20,468 - INFO - Running job "tarefa_scan_automatico (trigger: interval[0:05:00], next run at: 2026-05-14 21:39:20 -03)" (scheduled at 2026-05-14 21:34:20.455530-03:00)
2026-05-14 21:34:20,470 - INFO - \U0001f552 Automação: Iniciando varredura agendada...
2026-05-14 21:34:52,100 - INFO - \u2705 Automação: Varredura concluída com sucesso.
2026-05-14 21:34:52,100 - INFO - Job "tarefa_scan_automatico (trigger: interval[0:05:00], next run at: 2026-05-14 21:39:20 -03)" executed successfully
2026-05-14 21:39:20,460 - INFO - Running job "tarefa_scan_automatico (trigger: interval[0:05:00], next run at: 2026-05-14 21:44:20 -03)" (scheduled at 2026-05-14 21:39:20.455530-03:00)
2026-05-14 21:39:20,461 - INFO - \U0001f552 Automação: Iniciando varredura agendada...
2026-05-14 21:39:52,247 - INFO - \u2705 Automação: Varredura concluída com sucesso.
2026-05-14 21:39:52,247 - INFO - Job "tarefa_scan_automatico (trigger: interval[0:05:00], next run at: 2026-05-14 21:44:20 -03)" executed successfully
2026-05-14 21:44:20,466 - INFO - Running job "tarefa_scan_automatico (trigger: interval[0:05:00], next run at: 2026-05-14 21:49:20 -03)" (scheduled at 2026-05-14 21:44:20.455530-03:00)
2026-05-14 21:44:20,466 - INFO - \U0001f552 Automação: Iniciando varredura agendada...
2026-05-14 21:44:52,158 - INFO - \u2705 Automação: Varredura concluída com sucesso.
2026-05-14 21:44:52,158 - INFO - Job "tarefa_scan_automatico (trigger: interval[0:05:00], next run at: 2026-05-14 21:49:20 -03)" executed successfully
2026-05-14 21:49:20,469 - INFO - Running job "tarefa_scan_automatico (trigger: interval[0:05:00], next run at: 2026-05-14 21:54:20 -03)" (scheduled at 2026-05-14 21:49:20.455530-03:00)
2026-05-14 21:49:20,470 - INFO - \U0001f552 Automação: Iniciando varredura agendada...
2026-05-14 21:49:52,220 - INFO - \u2705 Automação: Varredura concluída com sucesso.
2026-05-14 21:49:52,220 - INFO - Job "tarefa_scan_automatico (trigger: interval[0:05:00], next run at: 2026-05-14 21:54:20 -03)" executed successfully
2026-05-14 21:54:20,468 - INFO - Running job "tarefa_scan_automatico (trigger: interval[0:05:00], next run at: 2026-05-14 21:59:20 -03)" (scheduled at 2026-05-14 21:54:20.455530-03:00)
2026-05-14 21:54:20,468 - INFO - \U0001f552 Automação: Iniciando varredura agendada...
2026-05-14 21:54:52,070 - INFO - \u2705 Automação: Varredura concluída com sucesso.
2026-05-14 21:54:52,071 - INFO - Job "tarefa_scan_automatico (trigger: interval[0:05:00], next run at: 2026-05-14 21:59:20 -03)" executed successfully
2026-05-14 21:59:20,465 - INFO - Running job "tarefa_scan_automatico (trigger: interval[0:05:00], next run at: 2026-05-14 22:04:20 -03)" (scheduled at 2026-05-14 21:59:20.455530-03:00)
2026-05-14 21:59:20,466 - INFO - \U0001f552 Automação: Iniciando varredura agendada...
2026-05-14 21:59:52,103 - INFO - \u2705 Automação: Varredura concluída com sucesso.
2026-05-14 21:59:52,105 - INFO - Job "tarefa_scan_automatico (trigger: interval[0:05:00], next run at: 2026-05-14 22:04:20 -03)" executed successfully
2026-05-14 22:04:20,464 - INFO - Running job "tarefa_scan_automatico (trigger: interval[0:05:00], next run at: 2026-05-14 22:09:20 -03)" (scheduled at 2026-05-14 22:04:20.455530-03:00)
2026-05-14 22:04:20,465 - INFO - \U0001f552 Automação: Iniciando varredura agendada...
2026-05-14 22:04:52,134 - INFO - \u2705 Automação: Varredura concluída com sucesso.
2026-05-14 22:04:52,142 - INFO - Job "tarefa_scan_automatico (trigger: interval[0:05:00], next run at: 2026-05-14 22:09:20 -03)" executed successfully
2026-05-14 22:09:20,467 - INFO - Running job "tarefa_scan_automatico (trigger: interval[0:05:00], next run at: 2026-05-14 22:14:20 -03)" (scheduled at 2026-05-14 22:09:20.455530-03:00)
2026-05-14 22:09:20,468 - INFO - \U0001f552 Automação: Iniciando varredura agendada...
2026-05-14 22:09:52,259 - INFO - \u2705 Automação: Varredura concluída com sucesso.
2026-05-14 22:09:52,259 - INFO - Job "tarefa_scan_automatico (trigger: interval[0:05:00], next run at: 2026-05-14 22:14:20 -03)" executed successfully
2026-05-14 22:14:20,462 - INFO - Running job "tarefa_scan_automatico (trigger: interval[0:05:00], next run at: 2026-05-14 22:19:20 -03)" (scheduled at 2026-05-14 22:14:20.455530-03:00)
2026-05-14 22:14:20,463 - INFO - \U0001f552 Automação: Iniciando varredura agendada...
2026-05-14 22:14:52,258 - INFO - \u2705 Automação: Varredura concluída com sucesso.
2026-05-14 22:14:52,258 - INFO - Job "tarefa_scan_automatico (trigger: interval[0:05:00], next run at: 2026-05-14 22:19:20 -03)" executed successfully
2026-05-14 22:19:20,471 - INFO - Running job "tarefa_scan_automatico (trigger: interval[0:05:00], next run at: 2026-05-14 22:24:20 -03)" (scheduled at 2026-05-14 22:19:20.455530-03:00)
2026-05-14 22:19:20,471 - INFO - \U0001f552 Automação: Iniciando varredura agendada...
2026-05-14 22:19:52,227 - INFO - \u2705 Automação: Varredura concluída com sucesso.
2026-05-14 22:19:52,228 - INFO - Job "tarefa_scan_automatico (trigger: interval[0:05:00], next run at: 2026-05-14 22:24:20 -03)" executed successfully
2026-05-14 22:24:20,465 - INFO - Running job "tarefa_scan_automatico (trigger: interval[0:05:00], next run at: 2026-05-14 22:29:20 -03)" (scheduled at 2026-05-14 22:24:20.455530-03:00)
2026-05-14 22:24:20,465 - INFO - \U0001f552 Automação: Iniciando varredura agendada...
2026-05-14 22:24:52,250 - INFO - \u2705 Automação: Varredura concluída com sucesso.
2026-05-14 22:24:52,251 - INFO - Job "tarefa_scan_automatico (trigger: interval[0:05:00], next run at: 2026-05-14 22:29:20 -03)" executed successfully
2026-05-14 22:29:20,469 - INFO - Running job "tarefa_scan_automatico (trigger: interval[0:05:00], next run at: 2026-05-14 22:34:20 -03)" (scheduled at 2026-05-14 22:29:20.455530-03:00)
2026-05-14 22:29:20,470 - INFO - \U0001f552 Automação: Iniciando varredura agendada...
2026-05-14 22:29:52,088 - INFO - \u2705 Automação: Varredura concluída com sucesso.
2026-05-14 22:29:52,088 - INFO - Job "tarefa_scan_automatico (trigger: interval[0:05:00], next run at: 2026-05-14 22:34:20 -03)" executed successfully
2026-05-14 22:34:20,473 - INFO - Running job "tarefa_scan_automatico (trigger: interval[0:05:00], next run at: 2026-05-14 22:39:20 -03)" (scheduled at 2026-05-14 22:34:20.455530-03:00)
2026-05-14 22:34:20,476 - INFO - \U0001f552 Automação: Iniciando varredura agendada...
2026-05-14 22:34:52,333 - INFO - \u2705 Automação: Varredura concluída com sucesso.
2026-05-14 22:34:52,333 - INFO - Job "tarefa_scan_automatico (trigger: interval[0:05:00], next run at: 2026-05-14 22:39:20 -03)" executed successfully
2026-05-14 22:39:20,498 - INFO - Running job "tarefa_scan_automatico (trigger: interval[0:05:00], next run at: 2026-05-14 22:44:20 -03)" (scheduled at 2026-05-14 22:39:20.455530-03:00)
2026-05-14 22:39:20,519 - INFO - \U0001f552 Automação: Iniciando varredura agendada...
2026-05-14 22:39:52,494 - INFO - \u2705 Automação: Varredura concluída com sucesso.
2026-05-14 22:39:52,496 - INFO - Job "tarefa_scan_automatico (trigger: interval[0:05:00], next run at: 2026-05-14 22:44:20 -03)" executed successfully
2026-05-14 22:44:20,461 - INFO - Running job "tarefa_scan_automatico (trigger: interval[0:05:00], next run at: 2026-05-14 22:49:20 -03)" (scheduled at 2026-05-14 22:44:20.455530-03:00)
2026-05-14 22:44:20,464 - INFO - \U0001f552 Automação: Iniciando varredura agendada...
2026-05-14 22:44:52,381 - INFO - \u2705 Automação: Varredura concluída com sucesso.
2026-05-14 22:44:52,383 - INFO - Job "tarefa_scan_automatico (trigger: interval[0:05:00], next run at: 2026-05-14 22:49:20 -03)" executed successfully
2026-05-14 22:49:20,474 - INFO - Running job "tarefa_scan_automatico (trigger: interval[0:05:00], next run at: 2026-05-14 22:54:20 -03)" (scheduled at 2026-05-14 22:49:20.455530-03:00)
2026-05-14 22:49:20,474 - INFO - \U0001f552 Automação: Iniciando varredura agendada...
2026-05-14 22:49:54,138 - INFO - \u2705 Automação: Varredura concluída com sucesso.
2026-05-14 22:49:54,138 - INFO - Job "tarefa_scan_automatico (trigger: interval[0:05:00], next run at: 2026-05-14 22:54:20 -03)" executed successfully
2026-05-14 22:54:20,467 - INFO - Running job "tarefa_scan_automatico (trigger: interval[0:05:00], next run at: 2026-05-14 22:59:20 -03)" (scheduled at 2026-05-14 22:54:20.455530-03:00)
2026-05-14 22:54:20,468 - INFO - \U0001f552 Automação: Iniciando varredura agendada...
2026-05-14 22:54:52,205 - INFO - \u2705 Automação: Varredura concluída com sucesso.
2026-05-14 22:54:52,205 - INFO - Job "tarefa_scan_automatico (trigger: interval[0:05:00], next run at: 2026-05-14 22:59:20 -03)" executed successfully
2026-05-14 22:59:20,476 - INFO - Running job "tarefa_scan_automatico (trigger: interval[0:05:00], next run at: 2026-05-14 23:04:20 -03)" (scheduled at 2026-05-14 22:59:20.455530-03:00)
2026-05-14 22:59:20,484 - INFO - \U0001f552 Automação: Iniciando varredura agendada...
2026-05-14 22:59:52,283 - INFO - \u2705 Automação: Varredura concluída com sucesso.
2026-05-14 22:59:52,285 - INFO - Job "tarefa_scan_automatico (trigger: interval[0:05:00], next run at: 2026-05-14 23:04:20 -03)" executed successfully
2026-05-14 23:04:20,463 - INFO - Running job "tarefa_scan_automatico (trigger: interval[0:05:00], next run at: 2026-05-14 23:09:20 -03)" (scheduled at 2026-05-14 23:04:20.455530-03:00)
2026-05-14 23:04:20,463 - INFO - \U0001f552 Automação: Iniciando varredura agendada...
2026-05-14 23:04:52,214 - INFO - \u2705 Automação: Varredura concluída com sucesso.
2026-05-14 23:04:52,215 - INFO - Job "tarefa_scan_automatico (trigger: interval[0:05:00], next run at: 2026-05-14 23:09:20 -03)" executed successfully
2026-05-14 23:09:20,471 - INFO - Running job "tarefa_scan_automatico (trigger: interval[0:05:00], next run at: 2026-05-14 23:14:20 -03)" (scheduled at 2026-05-14 23:09:20.455530-03:00)
2026-05-14 23:09:20,471 - INFO - \U0001f552 Automação: Iniciando varredura agendada...
2026-05-14 23:09:52,355 - INFO - \u2705 Automação: Varredura concluída com sucesso.
2026-05-14 23:09:52,355 - INFO - Job "tarefa_scan_automatico (trigger: interval[0:05:00], next run at: 2026-05-14 23:14:20 -03)" executed successfully
2026-05-14 23:14:20,475 - INFO - Running job "tarefa_scan_automatico (trigger: interval[0:05:00], next run at: 2026-05-14 23:19:20 -03)" (scheduled at 2026-05-14 23:14:20.455530-03:00)
2026-05-14 23:14:20,476 - INFO - \U0001f552 Automação: Iniciando varredura agendada...
2026-05-14 23:14:52,226 - INFO - \u2705 Automação: Varredura concluída com sucesso.
2026-05-14 23:14:52,226 - INFO - Job "tarefa_scan_automatico (trigger: interval[0:05:00], next run at: 2026-05-14 23:19:20 -03)" executed successfully
2026-05-14 23:19:20,471 - INFO - Running job "tarefa_scan_automatico (trigger: interval[0:05:00], next run at: 2026-05-14 23:24:20 -03)" (scheduled at 2026-05-14 23:19:20.455530-03:00)
2026-05-14 23:19:20,472 - INFO - \U0001f552 Automação: Iniciando varredura agendada...
2026-05-14 23:19:53,036 - INFO - \u2705 Automação: Varredura concluída com sucesso.
2026-05-14 23:19:53,036 - INFO - Job "tarefa_scan_automatico (trigger: interval[0:05:00], next run at: 2026-05-14 23:24:20 -03)" executed successfully
2026-05-14 23:24:20,458 - INFO - Running job "tarefa_scan_automatico (trigger: interval[0:05:00], next run at: 2026-05-14 23:29:20 -03)" (scheduled at 2026-05-14 23:24:20.455530-03:00)
2026-05-14 23:24:20,458 - INFO - \U0001f552 Automação: Iniciando varredura agendada...
2026-05-14 23:24:52,172 - INFO - \u2705 Automação: Varredura concluída com sucesso.
2026-05-14 23:24:52,176 - INFO - Job "tarefa_scan_automatico (trigger: interval[0:05:00], next run at: 2026-05-14 23:29:20 -03)" executed successfully
2026-05-14 23:29:20,468 - INFO - Running job "tarefa_scan_automatico (trigger: interval[0:05:00], next run at: 2026-05-14 23:34:20 -03)" (scheduled at 2026-05-14 23:29:20.455530-03:00)
2026-05-14 23:29:20,469 - INFO - \U0001f552 Automação: Iniciando varredura agendada...
2026-05-14 23:29:52,147 - INFO - \u2705 Automação: Varredura concluída com sucesso.
2026-05-14 23:29:52,147 - INFO - Job "tarefa_scan_automatico (trigger: interval[0:05:00], next run at: 2026-05-14 23:34:20 -03)" executed successfully
2026-05-14 23:34:20,471 - INFO - Running job "tarefa_scan_automatico (trigger: interval[0:05:00], next run at: 2026-05-14 23:39:20 -03)" (scheduled at 2026-05-14 23:34:20.455530-03:00)
2026-05-14 23:34:20,472 - INFO - \U0001f552 Automação: Iniciando varredura agendada...
2026-05-14 23:34:54,896 - INFO - \u2705 Automação: Varredura concluída com sucesso.
2026-05-14 23:34:54,897 - INFO - Job "tarefa_scan_automatico (trigger: interval[0:05:00], next run at: 2026-05-14 23:39:20 -03)" executed successfully
2026-05-14 23:39:20,464 - INFO - Running job "tarefa_scan_automatico (trigger: interval[0:05:00], next run at: 2026-05-14 23:44:20 -03)" (scheduled at 2026-05-14 23:39:20.455530-03:00)
2026-05-14 23:39:20,466 - INFO - \U0001f552 Automação: Iniciando varredura agendada...
2026-05-14 23:39:52,397 - INFO - \u2705 Automação: Varredura concluída com sucesso.
2026-05-14 23:39:52,398 - INFO - Job "tarefa_scan_automatico (trigger: interval[0:05:00], next run at: 2026-05-14 23:44:20 -03)" executed successfully
2026-05-14 23:44:20,468 - INFO - Running job "tarefa_scan_automatico (trigger: interval[0:05:00], next run at: 2026-05-14 23:49:20 -03)" (scheduled at 2026-05-14 23:44:20.455530-03:00)
2026-05-14 23:44:20,474 - INFO - \U0001f552 Automação: Iniciando varredura agendada...
2026-05-14 23:44:52,149 - INFO - \u2705 Automação: Varredura concluída com sucesso.
2026-05-14 23:44:52,151 - INFO - Job "tarefa_scan_automatico (trigger: interval[0:05:00], next run at: 2026-05-14 23:49:20 -03)" executed successfully
2026-05-14 23:49:20,468 - INFO - Running job "tarefa_scan_automatico (trigger: interval[0:05:00], next run at: 2026-05-14 23:54:20 -03)" (scheduled at 2026-05-14 23:49:20.455530-03:00)
2026-05-14 23:49:20,469 - INFO - \U0001f552 Automação: Iniciando varredura agendada...
2026-05-14 23:49:52,060 - INFO - \u2705 Automação: Varredura concluída com sucesso.
2026-05-14 23:49:52,061 - INFO - Job "tarefa_scan_automatico (trigger: interval[0:05:00], next run at: 2026-05-14 23:54:20 -03)" executed successfully
2026-05-14 23:54:20,466 - INFO - Running job "tarefa_scan_automatico (trigger: interval[0:05:00], next run at: 2026-05-14 23:59:20 -03)" (scheduled at 2026-05-14 23:54:20.455530-03:00)
2026-05-14 23:54:20,467 - INFO - \U0001f552 Automação: Iniciando varredura agendada...
2026-05-14 23:54:52,064 - INFO - \u2705 Automação: Varredura concluída com sucesso.
2026-05-14 23:54:52,065 - INFO - Job "tarefa_scan_automatico (trigger: interval[0:05:00], next run at: 2026-05-14 23:59:20 -03)" executed successfully
2026-05-14 23:59:20,468 - INFO - Running job "tarefa_scan_automatico (trigger: interval[0:05:00], next run at: 2026-05-15 00:04:20 -03)" (scheduled at 2026-05-14 23:59:20.455530-03:00)
2026-05-14 23:59:20,469 - INFO - \U0001f552 Automação: Iniciando varredura agendada...
2026-05-14 23:59:52,147 - INFO - \u2705 Automação: Varredura concluída com sucesso.
2026-05-14 23:59:52,147 - INFO - Job "tarefa_scan_automatico (trigger: interval[0:05:00], next run at: 2026-05-15 00:04:20 -03)" executed successfully
2026-05-15 00:04:20,476 - INFO - Running job "tarefa_scan_automatico (trigger: interval[0:05:00], next run at: 2026-05-15 00:09:20 -03)" (scheduled at 2026-05-15 00:04:20.455530-03:00)
2026-05-15 00:04:20,477 - INFO - \U0001f552 Automação: Iniciando varredura agendada...
2026-05-15 00:04:52,254 - INFO - \u2705 Automação: Varredura concluída com sucesso.
2026-05-15 00:04:52,255 - INFO - Job "tarefa_scan_automatico (trigger: interval[0:05:00], next run at: 2026-05-15 00:09:20 -03)" executed successfully
2026-05-15 00:09:20,463 - INFO - Running job "tarefa_scan_automatico (trigger: interval[0:05:00], next run at: 2026-05-15 00:14:20 -03)" (scheduled at 2026-05-15 00:09:20.455530-03:00)
2026-05-15 00:09:20,466 - INFO - \U0001f552 Automação: Iniciando varredura agendada...
2026-05-15 00:09:52,215 - INFO - \u2705 Automação: Varredura concluída com sucesso.
2026-05-15 00:09:52,217 - INFO - Job "tarefa_scan_automatico (trigger: interval[0:05:00], next run at: 2026-05-15 00:14:20 -03)" executed successfully
2026-05-15 00:14:20,460 - INFO - Running job "tarefa_scan_automatico (trigger: interval[0:05:00], next run at: 2026-05-15 00:19:20 -03)" (scheduled at 2026-05-15 00:14:20.455530-03:00)
2026-05-15 00:14:20,469 - INFO - \U0001f552 Automação: Iniciando varredura agendada...
2026-05-15 00:14:54,822 - INFO - \u2705 Automação: Varredura concluída com sucesso.
2026-05-15 00:14:54,822 - INFO - Job "tarefa_scan_automatico (trigger: interval[0:05:00], next run at: 2026-05-15 00:19:20 -03)" executed successfully
2026-05-15 00:19:20,471 - INFO - Running job "tarefa_scan_automatico (trigger: interval[0:05:00], next run at: 2026-05-15 00:24:20 -03)" (scheduled at 2026-05-15 00:19:20.455530-03:00)
2026-05-15 00:19:20,480 - INFO - \U0001f552 Automação: Iniciando varredura agendada...
2026-05-15 00:19:52,168 - INFO - \u2705 Automação: Varredura concluída com sucesso.
2026-05-15 00:19:52,169 - INFO - Job "tarefa_scan_automatico (trigger: interval[0:05:00], next run at: 2026-05-15 00:24:20 -03)" executed successfully
2026-05-15 00:24:20,468 - INFO - Running job "tarefa_scan_automatico (trigger: interval[0:05:00], next run at: 2026-05-15 00:29:20 -03)" (scheduled at 2026-05-15 00:24:20.455530-03:00)
2026-05-15 00:24:20,469 - INFO - \U0001f552 Automação: Iniciando varredura agendada...
2026-05-15 00:24:52,188 - INFO - \u2705 Automação: Varredura concluída com sucesso.
2026-05-15 00:24:52,188 - INFO - Job "tarefa_scan_automatico (trigger: interval[0:05:00], next run at: 2026-05-15 00:29:20 -03)" executed successfully
2026-05-15 00:29:20,478 - INFO - Running job "tarefa_scan_automatico (trigger: interval[0:05:00], next run at: 2026-05-15 00:34:20 -03)" (scheduled at 2026-05-15 00:29:20.455530-03:00)
2026-05-15 00:29:20,479 - INFO - \U0001f552 Automação: Iniciando varredura agendada...
2026-05-15 00:29:52,193 - INFO - \u2705 Automação: Varredura concluída com sucesso.
2026-05-15 00:29:52,193 - INFO - Job "tarefa_scan_automatico (trigger: interval[0:05:00], next run at: 2026-05-15 00:34:20 -03)" executed successfully
2026-05-15 00:34:20,459 - INFO - Running job "tarefa_scan_automatico (trigger: interval[0:05:00], next run at: 2026-05-15 00:39:20 -03)" (scheduled at 2026-05-15 00:34:20.455530-03:00)
2026-05-15 00:34:20,462 - INFO - \U0001f552 Automação: Iniciando varredura agendada...
2026-05-15 00:34:52,095 - INFO - \u2705 Automação: Varredura concluída com sucesso.
2026-05-15 00:34:52,095 - INFO - Job "tarefa_scan_automatico (trigger: interval[0:05:00], next run at: 2026-05-15 00:39:20 -03)" executed successfully
2026-05-15 00:39:20,469 - INFO - Running job "tarefa_scan_automatico (trigger: interval[0:05:00], next run at: 2026-05-15 00:44:20 -03)" (scheduled at 2026-05-15 00:39:20.455530-03:00)
2026-05-15 00:39:20,470 - INFO - \U0001f552 Automação: Iniciando varredura agendada...
2026-05-15 00:39:52,186 - INFO - \u2705 Automação: Varredura concluída com sucesso.
2026-05-15 00:39:52,186 - INFO - Job "tarefa_scan_automatico (trigger: interval[0:05:00], next run at: 2026-05-15 00:44:20 -03)" executed successfully
2026-05-15 00:44:20,458 - INFO - Running job "tarefa_scan_automatico (trigger: interval[0:05:00], next run at: 2026-05-15 00:49:20 -03)" (scheduled at 2026-05-15 00:44:20.455530-03:00)
2026-05-15 00:44:20,459 - INFO - \U0001f552 Automação: Iniciando varredura agendada...
2026-05-15 00:44:52,122 - INFO - \u2705 Automação: Varredura concluída com sucesso.
2026-05-15 00:44:52,124 - INFO - Job "tarefa_scan_automatico (trigger: interval[0:05:00], next run at: 2026-05-15 00:49:20 -03)" executed successfully
2026-05-15 00:49:20,463 - INFO - Running job "tarefa_scan_automatico (trigger: interval[0:05:00], next run at: 2026-05-15 00:54:20 -03)" (scheduled at 2026-05-15 00:49:20.455530-03:00)
2026-05-15 00:49:20,463 - INFO - \U0001f552 Automação: Iniciando varredura agendada...
2026-05-15 00:49:52,146 - INFO - \u2705 Automação: Varredura concluída com sucesso.
2026-05-15 00:49:52,147 - INFO - Job "tarefa_scan_automatico (trigger: interval[0:05:00], next run at: 2026-05-15 00:54:20 -03)" executed successfully
2026-05-15 00:54:20,458 - INFO - Running job "tarefa_scan_automatico (trigger: interval[0:05:00], next run at: 2026-05-15 00:59:20 -03)" (scheduled at 2026-05-15 00:54:20.455530-03:00)
2026-05-15 00:54:20,459 - INFO - \U0001f552 Automação: Iniciando varredura agendada...
2026-05-15 00:54:52,157 - INFO - \u2705 Automação: Varredura concluída com sucesso.
2026-05-15 00:54:52,157 - INFO - Job "tarefa_scan_automatico (trigger: interval[0:05:00], next run at: 2026-05-15 00:59:20 -03)" executed successfully
2026-05-15 00:59:20,471 - INFO - Running job "tarefa_scan_automatico (trigger: interval[0:05:00], next run at: 2026-05-15 01:04:20 -03)" (scheduled at 2026-05-15 00:59:20.455530-03:00)
2026-05-15 00:59:20,472 - INFO - \U0001f552 Automação: Iniciando varredura agendada...
2026-05-15 00:59:52,066 - INFO - \u2705 Automação: Varredura concluída com sucesso.
2026-05-15 00:59:52,066 - INFO - Job "tarefa_scan_automatico (trigger: interval[0:05:00], next run at: 2026-05-15 01:04:20 -03)" executed successfully
2026-05-15 01:04:20,460 - INFO - Running job "tarefa_scan_automatico (trigger: interval[0:05:00], next run at: 2026-05-15 01:09:20 -03)" (scheduled at 2026-05-15 01:04:20.455530-03:00)
2026-05-15 01:04:20,461 - INFO - \U0001f552 Automação: Iniciando varredura agendada...
2026-05-15 01:04:52,171 - INFO - \u2705 Automação: Varredura concluída com sucesso.
2026-05-15 01:04:52,171 - INFO - Job "tarefa_scan_automatico (trigger: interval[0:05:00], next run at: 2026-05-15 01:09:20 -03)" executed successfully
2026-05-15 01:09:20,466 - INFO - Running job "tarefa_scan_automatico (trigger: interval[0:05:00], next run at: 2026-05-15 01:14:20 -03)" (scheduled at 2026-05-15 01:09:20.455530-03:00)
2026-05-15 01:09:20,469 - INFO - \U0001f552 Automação: Iniciando varredura agendada...
2026-05-15 01:09:52,153 - INFO - \u2705 Automação: Varredura concluída com sucesso.
2026-05-15 01:09:52,154 - INFO - Job "tarefa_scan_automatico (trigger: interval[0:05:00], next run at: 2026-05-15 01:14:20 -03)" executed successfully
2026-05-15 01:14:20,476 - INFO - Running job "tarefa_scan_automatico (trigger: interval[0:05:00], next run at: 2026-05-15 01:19:20 -03)" (scheduled at 2026-05-15 01:14:20.455530-03:00)
2026-05-15 01:14:20,476 - INFO - \U0001f552 Automação: Iniciando varredura agendada...
2026-05-15 01:14:52,070 - INFO - \u2705 Automação: Varredura concluída com sucesso.
2026-05-15 01:14:52,071 - INFO - Job "tarefa_scan_automatico (trigger: interval[0:05:00], next run at: 2026-05-15 01:19:20 -03)" executed successfully
2026-05-15 01:19:20,463 - INFO - Running job "tarefa_scan_automatico (trigger: interval[0:05:00], next run at: 2026-05-15 01:24:20 -03)" (scheduled at 2026-05-15 01:19:20.455530-03:00)
2026-05-15 01:19:20,473 - INFO - \U0001f552 Automação: Iniciando varredura agendada...
2026-05-15 01:19:54,014 - INFO - \u2705 Automação: Varredura concluída com sucesso.
2026-05-15 01:19:54,014 - INFO - Job "tarefa_scan_automatico (trigger: interval[0:05:00], next run at: 2026-05-15 01:24:20 -03)" executed successfully
2026-05-15 01:24:20,463 - INFO - Running job "tarefa_scan_automatico (trigger: interval[0:05:00], next run at: 2026-05-15 01:29:20 -03)" (scheduled at 2026-05-15 01:24:20.455530-03:00)
2026-05-15 01:24:20,464 - INFO - \U0001f552 Automação: Iniciando varredura agendada...
2026-05-15 01:24:52,193 - INFO - \u2705 Automação: Varredura concluída com sucesso.
2026-05-15 01:24:52,222 - INFO - Job "tarefa_scan_automatico (trigger: interval[0:05:00], next run at: 2026-05-15 01:29:20 -03)" executed successfully
2026-05-15 01:29:20,464 - INFO - Running job "tarefa_scan_automatico (trigger: interval[0:05:00], next run at: 2026-05-15 01:34:20 -03)" (scheduled at 2026-05-15 01:29:20.455530-03:00)
2026-05-15 01:29:20,464 - INFO - \U0001f552 Automação: Iniciando varredura agendada...
2026-05-15 01:29:52,193 - INFO - \u2705 Automação: Varredura concluída com sucesso.
2026-05-15 01:29:52,194 - INFO - Job "tarefa_scan_automatico (trigger: interval[0:05:00], next run at: 2026-05-15 01:34:20 -03)" executed successfully
2026-05-15 01:34:20,471 - INFO - Running job "tarefa_scan_automatico (trigger: interval[0:05:00], next run at: 2026-05-15 01:39:20 -03)" (scheduled at 2026-05-15 01:34:20.455530-03:00)
2026-05-15 01:34:20,471 - INFO - \U0001f552 Automação: Iniciando varredura agendada...
2026-05-15 01:34:52,154 - INFO - \u2705 Automação: Varredura concluída com sucesso.
2026-05-15 01:34:52,154 - INFO - Job "tarefa_scan_automatico (trigger: interval[0:05:00], next run at: 2026-05-15 01:39:20 -03)" executed successfully
2026-05-15 01:39:20,463 - INFO - Running job "tarefa_scan_automatico (trigger: interval[0:05:00], next run at: 2026-05-15 01:44:20 -03)" (scheduled at 2026-05-15 01:39:20.455530-03:00)
2026-05-15 01:39:20,466 - INFO - \U0001f552 Automação: Iniciando varredura agendada...
2026-05-15 01:39:52,137 - INFO - \u2705 Automação: Varredura concluída com sucesso.
2026-05-15 01:39:52,137 - INFO - Job "tarefa_scan_automatico (trigger: interval[0:05:00], next run at: 2026-05-15 01:44:20 -03)" executed successfully
2026-05-15 01:44:20,461 - INFO - Running job "tarefa_scan_automatico (trigger: interval[0:05:00], next run at: 2026-05-15 01:49:20 -03)" (scheduled at 2026-05-15 01:44:20.455530-03:00)
2026-05-15 01:44:20,462 - INFO - \U0001f552 Automação: Iniciando varredura agendada...
2026-05-15 01:44:52,257 - INFO - \u2705 Automação: Varredura concluída com sucesso.
2026-05-15 01:44:52,258 - INFO - Job "tarefa_scan_automatico (trigger: interval[0:05:00], next run at: 2026-05-15 01:49:20 -03)" executed successfully
2026-05-15 01:49:20,473 - INFO - Running job "tarefa_scan_automatico (trigger: interval[0:05:00], next run at: 2026-05-15 01:54:20 -03)" (scheduled at 2026-05-15 01:49:20.455530-03:00)
2026-05-15 01:49:20,474 - INFO - \U0001f552 Automação: Iniciando varredura agendada...
2026-05-15 01:49:52,161 - INFO - \u2705 Automação: Varredura concluída com sucesso.
2026-05-15 01:49:52,161 - INFO - Job "tarefa_scan_automatico (trigger: interval[0:05:00], next run at: 2026-05-15 01:54:20 -03)" executed successfully
2026-05-15 01:54:20,470 - INFO - Running job "tarefa_scan_automatico (trigger: interval[0:05:00], next run at: 2026-05-15 01:59:20 -03)" (scheduled at 2026-05-15 01:54:20.455530-03:00)
2026-05-15 01:54:20,471 - INFO - \U0001f552 Automação: Iniciando varredura agendada...
2026-05-15 01:54:52,072 - INFO - \u2705 Automação: Varredura concluída com sucesso.
2026-05-15 01:54:52,072 - INFO - Job "tarefa_scan_automatico (trigger: interval[0:05:00], next run at: 2026-05-15 01:59:20 -03)" executed successfully
2026-05-15 01:59:20,462 - INFO - Running job "tarefa_scan_automatico (trigger: interval[0:05:00], next run at: 2026-05-15 02:04:20 -03)" (scheduled at 2026-05-15 01:59:20.455530-03:00)
2026-05-15 01:59:20,463 - INFO - \U0001f552 Automação: Iniciando varredura agendada...
2026-05-15 01:59:52,178 - INFO - \u2705 Automação: Varredura concluída com sucesso.
2026-05-15 01:59:52,178 - INFO - Job "tarefa_scan_automatico (trigger: interval[0:05:00], next run at: 2026-05-15 02:04:20 -03)" executed successfully
2026-05-15 02:04:20,463 - INFO - Running job "tarefa_scan_automatico (trigger: interval[0:05:00], next run at: 2026-05-15 02:09:20 -03)" (scheduled at 2026-05-15 02:04:20.455530-03:00)
2026-05-15 02:04:20,464 - INFO - \U0001f552 Automação: Iniciando varredura agendada...
2026-05-15 02:04:52,087 - INFO - \u2705 Automação: Varredura concluída com sucesso.
2026-05-15 02:04:52,088 - INFO - Job "tarefa_scan_automatico (trigger: interval[0:05:00], next run at: 2026-05-15 02:09:20 -03)" executed successfully
2026-05-15 02:09:20,462 - INFO - Running job "tarefa_scan_automatico (trigger: interval[0:05:00], next run at: 2026-05-15 02:14:20 -03)" (scheduled at 2026-05-15 02:09:20.455530-03:00)
2026-05-15 02:09:20,463 - INFO - \U0001f552 Automação: Iniciando varredura agendada...
2026-05-15 02:09:52,084 - INFO - \u2705 Automação: Varredura concluída com sucesso.
2026-05-15 02:09:52,084 - INFO - Job "tarefa_scan_automatico (trigger: interval[0:05:00], next run at: 2026-05-15 02:14:20 -03)" executed successfully
2026-05-15 02:14:20,467 - INFO - Running job "tarefa_scan_automatico (trigger: interval[0:05:00], next run at: 2026-05-15 02:19:20 -03)" (scheduled at 2026-05-15 02:14:20.455530-03:00)
2026-05-15 02:14:20,468 - INFO - \U0001f552 Automação: Iniciando varredura agendada...
2026-05-15 02:14:52,143 - INFO - \u2705 Automação: Varredura concluída com sucesso.
2026-05-15 02:14:52,143 - INFO - Job "tarefa_scan_automatico (trigger: interval[0:05:00], next run at: 2026-05-15 02:19:20 -03)" executed successfully
2026-05-15 02:19:20,459 - INFO - Running job "tarefa_scan_automatico (trigger: interval[0:05:00], next run at: 2026-05-15 02:24:20 -03)" (scheduled at 2026-05-15 02:19:20.455530-03:00)
2026-05-15 02:19:20,459 - INFO - \U0001f552 Automação: Iniciando varredura agendada...
2026-05-15 02:19:52,248 - INFO - \u2705 Automação: Varredura concluída com sucesso.
2026-05-15 02:19:52,250 - INFO - Job "tarefa_scan_automatico (trigger: interval[0:05:00], next run at: 2026-05-15 02:24:20 -03)" executed successfully
2026-05-15 02:24:20,460 - INFO - Running job "tarefa_scan_automatico (trigger: interval[0:05:00], next run at: 2026-05-15 02:29:20 -03)" (scheduled at 2026-05-15 02:24:20.455530-03:00)
2026-05-15 02:24:20,461 - INFO - \U0001f552 Automação: Iniciando varredura agendada...
2026-05-15 02:24:52,155 - INFO - \u2705 Automação: Varredura concluída com sucesso.
2026-05-15 02:24:52,156 - INFO - Job "tarefa_scan_automatico (trigger: interval[0:05:00], next run at: 2026-05-15 02:29:20 -03)" executed successfully
2026-05-15 02:29:20,459 - INFO - Running job "tarefa_scan_automatico (trigger: interval[0:05:00], next run at: 2026-05-15 02:34:20 -03)" (scheduled at 2026-05-15 02:29:20.455530-03:00)
2026-05-15 02:29:20,460 - INFO - \U0001f552 Automação: Iniciando varredura agendada...
2026-05-15 02:29:52,160 - INFO - \u2705 Automação: Varredura concluída com sucesso.
2026-05-15 02:29:52,160 - INFO - Job "tarefa_scan_automatico (trigger: interval[0:05:00], next run at: 2026-05-15 02:34:20 -03)" executed successfully
2026-05-15 02:34:20,460 - INFO - Running job "tarefa_scan_automatico (trigger: interval[0:05:00], next run at: 2026-05-15 02:39:20 -03)" (scheduled at 2026-05-15 02:34:20.455530-03:00)
2026-05-15 02:34:20,460 - INFO - \U0001f552 Automação: Iniciando varredura agendada...
2026-05-15 02:34:52,107 - INFO - \u2705 Automação: Varredura concluída com sucesso.
2026-05-15 02:34:52,107 - INFO - Job "tarefa_scan_automatico (trigger: interval[0:05:00], next run at: 2026-05-15 02:39:20 -03)" executed successfully
2026-05-15 02:39:20,468 - INFO - Running job "tarefa_scan_automatico (trigger: interval[0:05:00], next run at: 2026-05-15 02:44:20 -03)" (scheduled at 2026-05-15 02:39:20.455530-03:00)
2026-05-15 02:39:20,469 - INFO - \U0001f552 Automação: Iniciando varredura agendada...
2026-05-15 02:39:52,155 - INFO - \u2705 Automação: Varredura concluída com sucesso.
2026-05-15 02:39:52,155 - INFO - Job "tarefa_scan_automatico (trigger: interval[0:05:00], next run at: 2026-05-15 02:44:20 -03)" executed successfully
2026-05-15 02:44:20,461 - INFO - Running job "tarefa_scan_automatico (trigger: interval[0:05:00], next run at: 2026-05-15 02:49:20 -03)" (scheduled at 2026-05-15 02:44:20.455530-03:00)
2026-05-15 02:44:20,462 - INFO - \U0001f552 Automação: Iniciando varredura agendada...
2026-05-15 02:44:52,130 - INFO - \u2705 Automação: Varredura concluída com sucesso.
2026-05-15 02:44:52,130 - INFO - Job "tarefa_scan_automatico (trigger: interval[0:05:00], next run at: 2026-05-15 02:49:20 -03)" executed successfully
2026-05-15 02:49:20,462 - INFO - Running job "tarefa_scan_automatico (trigger: interval[0:05:00], next run at: 2026-05-15 02:54:20 -03)" (scheduled at 2026-05-15 02:49:20.455530-03:00)
2026-05-15 02:49:20,463 - INFO - \U0001f552 Automação: Iniciando varredura agendada...
2026-05-15 02:49:52,181 - INFO - \u2705 Automação: Varredura concluída com sucesso.
2026-05-15 02:49:52,182 - INFO - Job "tarefa_scan_automatico (trigger: interval[0:05:00], next run at: 2026-05-15 02:54:20 -03)" executed successfully
2026-05-15 02:54:20,468 - INFO - Running job "tarefa_scan_automatico (trigger: interval[0:05:00], next run at: 2026-05-15 02:59:20 -03)" (scheduled at 2026-05-15 02:54:20.455530-03:00)
2026-05-15 02:54:20,468 - INFO - \U0001f552 Automação: Iniciando varredura agendada...
2026-05-15 02:54:52,137 - INFO - \u2705 Automação: Varredura concluída com sucesso.
2026-05-15 02:54:52,137 - INFO - Job "tarefa_scan_automatico (trigger: interval[0:05:00], next run at: 2026-05-15 02:59:20 -03)" executed successfully
2026-05-15 02:59:20,469 - INFO - Running job "tarefa_scan_automatico (trigger: interval[0:05:00], next run at: 2026-05-15 03:04:20 -03)" (scheduled at 2026-05-15 02:59:20.455530-03:00)
2026-05-15 02:59:20,470 - INFO - \U0001f552 Automação: Iniciando varredura agendada...
2026-05-15 02:59:52,254 - INFO - \u2705 Automação: Varredura concluída com sucesso.
2026-05-15 02:59:52,254 - INFO - Job "tarefa_scan_automatico (trigger: interval[0:05:00], next run at: 2026-05-15 03:04:20 -03)" executed successfully
2026-05-15 03:04:20,465 - INFO - Running job "tarefa_scan_automatico (trigger: interval[0:05:00], next run at: 2026-05-15 03:09:20 -03)" (scheduled at 2026-05-15 03:04:20.455530-03:00)
2026-05-15 03:04:20,465 - INFO - \U0001f552 Automação: Iniciando varredura agendada...
2026-05-15 03:04:52,058 - INFO - \u2705 Automação: Varredura concluída com sucesso.
2026-05-15 03:04:52,059 - INFO - Job "tarefa_scan_automatico (trigger: interval[0:05:00], next run at: 2026-05-15 03:09:20 -03)" executed successfully
2026-05-15 03:09:20,470 - INFO - Running job "tarefa_scan_automatico (trigger: interval[0:05:00], next run at: 2026-05-15 03:14:20 -03)" (scheduled at 2026-05-15 03:09:20.455530-03:00)
2026-05-15 03:09:20,471 - INFO - \U0001f552 Automação: Iniciando varredura agendada...
2026-05-15 03:09:52,193 - INFO - \u2705 Automação: Varredura concluída com sucesso.
2026-05-15 03:09:52,194 - INFO - Job "tarefa_scan_automatico (trigger: interval[0:05:00], next run at: 2026-05-15 03:14:20 -03)" executed successfully
2026-05-15 03:14:20,467 - INFO - Running job "tarefa_scan_automatico (trigger: interval[0:05:00], next run at: 2026-05-15 03:19:20 -03)" (scheduled at 2026-05-15 03:14:20.455530-03:00)
2026-05-15 03:14:20,468 - INFO - \U0001f552 Automação: Iniciando varredura agendada...
2026-05-15 03:14:52,184 - INFO - \u2705 Automação: Varredura concluída com sucesso.
2026-05-15 03:14:52,185 - INFO - Job "tarefa_scan_automatico (trigger: interval[0:05:00], next run at: 2026-05-15 03:19:20 -03)" executed successfully
2026-05-15 03:19:20,468 - INFO - Running job "tarefa_scan_automatico (trigger: interval[0:05:00], next run at: 2026-05-15 03:24:20 -03)" (scheduled at 2026-05-15 03:19:20.455530-03:00)
2026-05-15 03:19:20,470 - INFO - \U0001f552 Automação: Iniciando varredura agendada...
2026-05-15 03:19:52,263 - INFO - \u2705 Automação: Varredura concluída com sucesso.
2026-05-15 03:19:52,266 - INFO - Job "tarefa_scan_automatico (trigger: interval[0:05:00], next run at: 2026-05-15 03:24:20 -03)" executed successfully
2026-05-15 03:24:20,469 - INFO - Running job "tarefa_scan_automatico (trigger: interval[0:05:00], next run at: 2026-05-15 03:29:20 -03)" (scheduled at 2026-05-15 03:24:20.455530-03:00)
2026-05-15 03:24:20,470 - INFO - \U0001f552 Automação: Iniciando varredura agendada...
2026-05-15 03:24:53,401 - INFO - \u2705 Automação: Varredura concluída com sucesso.
2026-05-15 03:24:53,402 - INFO - Job "tarefa_scan_automatico (trigger: interval[0:05:00], next run at: 2026-05-15 03:29:20 -03)" executed successfully
2026-05-15 03:29:20,460 - INFO - Running job "tarefa_scan_automatico (trigger: interval[0:05:00], next run at: 2026-05-15 03:34:20 -03)" (scheduled at 2026-05-15 03:29:20.455530-03:00)
2026-05-15 03:29:20,461 - INFO - \U0001f552 Automação: Iniciando varredura agendada...
2026-05-15 03:29:52,240 - INFO - \u2705 Automação: Varredura concluída com sucesso.
2026-05-15 03:29:52,241 - INFO - Job "tarefa_scan_automatico (trigger: interval[0:05:00], next run at: 2026-05-15 03:34:20 -03)" executed successfully
2026-05-15 03:34:20,469 - INFO - Running job "tarefa_scan_automatico (trigger: interval[0:05:00], next run at: 2026-05-15 03:39:20 -03)" (scheduled at 2026-05-15 03:34:20.455530-03:00)
2026-05-15 03:34:20,477 - INFO - \U0001f552 Automação: Iniciando varredura agendada...
2026-05-15 03:34:52,180 - INFO - \u2705 Automação: Varredura concluída com sucesso.
2026-05-15 03:34:52,180 - INFO - Job "tarefa_scan_automatico (trigger: interval[0:05:00], next run at: 2026-05-15 03:39:20 -03)" executed successfully
2026-05-15 03:39:20,466 - INFO - Running job "tarefa_scan_automatico (trigger: interval[0:05:00], next run at: 2026-05-15 03:44:20 -03)" (scheduled at 2026-05-15 03:39:20.455530-03:00)
2026-05-15 03:39:20,475 - INFO - \U0001f552 Automação: Iniciando varredura agendada...
2026-05-15 03:39:52,142 - INFO - \u2705 Automação: Varredura concluída com sucesso.
2026-05-15 03:39:52,142 - INFO - Job "tarefa_scan_automatico (trigger: interval[0:05:00], next run at: 2026-05-15 03:44:20 -03)" executed successfully
2026-05-15 03:44:20,464 - INFO - Running job "tarefa_scan_automatico (trigger: interval[0:05:00], next run at: 2026-05-15 03:49:20 -03)" (scheduled at 2026-05-15 03:44:20.455530-03:00)
2026-05-15 03:44:20,464 - INFO - \U0001f552 Automação: Iniciando varredura agendada...
2026-05-15 03:44:52,179 - INFO - \u2705 Automação: Varredura concluída com sucesso.
2026-05-15 03:44:52,180 - INFO - Job "tarefa_scan_automatico (trigger: interval[0:05:00], next run at: 2026-05-15 03:49:20 -03)" executed successfully
2026-05-15 03:49:20,460 - INFO - Running job "tarefa_scan_automatico (trigger: interval[0:05:00], next run at: 2026-05-15 03:54:20 -03)" (scheduled at 2026-05-15 03:49:20.455530-03:00)
2026-05-15 03:49:20,460 - INFO - \U0001f552 Automação: Iniciando varredura agendada...
2026-05-15 03:49:52,102 - INFO - \u2705 Automação: Varredura concluída com sucesso.
2026-05-15 03:49:52,103 - INFO - Job "tarefa_scan_automatico (trigger: interval[0:05:00], next run at: 2026-05-15 03:54:20 -03)" executed successfully
2026-05-15 03:54:20,468 - INFO - Running job "tarefa_scan_automatico (trigger: interval[0:05:00], next run at: 2026-05-15 03:59:20 -03)" (scheduled at 2026-05-15 03:54:20.455530-03:00)
2026-05-15 03:54:20,469 - INFO - \U0001f552 Automação: Iniciando varredura agendada...
2026-05-15 03:54:52,103 - INFO - \u2705 Automação: Varredura concluída com sucesso.
2026-05-15 03:54:52,112 - INFO - Job "tarefa_scan_automatico (trigger: interval[0:05:00], next run at: 2026-05-15 03:59:20 -03)" executed successfully
2026-05-15 03:59:20,467 - INFO - Running job "tarefa_scan_automatico (trigger: interval[0:05:00], next run at: 2026-05-15 04:04:20 -03)" (scheduled at 2026-05-15 03:59:20.455530-03:00)
2026-05-15 03:59:20,468 - INFO - \U0001f552 Automação: Iniciando varredura agendada...
2026-05-15 03:59:52,039 - INFO - \u2705 Automação: Varredura concluída com sucesso.
2026-05-15 03:59:52,039 - INFO - Job "tarefa_scan_automatico (trigger: interval[0:05:00], next run at: 2026-05-15 04:04:20 -03)" executed successfully
2026-05-15 04:04:20,468 - INFO - Running job "tarefa_scan_automatico (trigger: interval[0:05:00], next run at: 2026-05-15 04:09:20 -03)" (scheduled at 2026-05-15 04:04:20.455530-03:00)
2026-05-15 04:04:20,469 - INFO - \U0001f552 Automação: Iniciando varredura agendada...
2026-05-15 04:04:52,085 - INFO - \u2705 Automação: Varredura concluída com sucesso.
2026-05-15 04:04:52,085 - INFO - Job "tarefa_scan_automatico (trigger: interval[0:05:00], next run at: 2026-05-15 04:09:20 -03)" executed successfully
2026-05-15 04:09:20,465 - INFO - Running job "tarefa_scan_automatico (trigger: interval[0:05:00], next run at: 2026-05-15 04:14:20 -03)" (scheduled at 2026-05-15 04:09:20.455530-03:00)
2026-05-15 04:09:20,466 - INFO - \U0001f552 Automação: Iniciando varredura agendada...
2026-05-15 04:09:52,119 - INFO - \u2705 Automação: Varredura concluída com sucesso.
2026-05-15 04:09:52,119 - INFO - Job "tarefa_scan_automatico (trigger: interval[0:05:00], next run at: 2026-05-15 04:14:20 -03)" executed successfully
2026-05-15 04:14:20,465 - INFO - Running job "tarefa_scan_automatico (trigger: interval[0:05:00], next run at: 2026-05-15 04:19:20 -03)" (scheduled at 2026-05-15 04:14:20.455530-03:00)
2026-05-15 04:14:20,466 - INFO - \U0001f552 Automação: Iniciando varredura agendada...
2026-05-15 04:14:52,094 - INFO - \u2705 Automação: Varredura concluída com sucesso.
2026-05-15 04:14:52,095 - INFO - Job "tarefa_scan_automatico (trigger: interval[0:05:00], next run at: 2026-05-15 04:19:20 -03)" executed successfully
2026-05-15 04:19:20,468 - INFO - Running job "tarefa_scan_automatico (trigger: interval[0:05:00], next run at: 2026-05-15 04:24:20 -03)" (scheduled at 2026-05-15 04:19:20.455530-03:00)
2026-05-15 04:19:20,469 - INFO - \U0001f552 Automação: Iniciando varredura agendada...
2026-05-15 04:19:53,528 - INFO - \u2705 Automação: Varredura concluída com sucesso.
2026-05-15 04:19:53,529 - INFO - Job "tarefa_scan_automatico (trigger: interval[0:05:00], next run at: 2026-05-15 04:24:20 -03)" executed successfully
2026-05-15 04:24:20,460 - INFO - Running job "tarefa_scan_automatico (trigger: interval[0:05:00], next run at: 2026-05-15 04:29:20 -03)" (scheduled at 2026-05-15 04:24:20.455530-03:00)
2026-05-15 04:24:20,460 - INFO - \U0001f552 Automação: Iniciando varredura agendada...
2026-05-15 04:24:52,158 - INFO - \u2705 Automação: Varredura concluída com sucesso.
2026-05-15 04:24:52,159 - INFO - Job "tarefa_scan_automatico (trigger: interval[0:05:00], next run at: 2026-05-15 04:29:20 -03)" executed successfully
2026-05-15 04:29:20,465 - INFO - Running job "tarefa_scan_automatico (trigger: interval[0:05:00], next run at: 2026-05-15 04:34:20 -03)" (scheduled at 2026-05-15 04:29:20.455530-03:00)
2026-05-15 04:29:20,465 - INFO - \U0001f552 Automação: Iniciando varredura agendada...
2026-05-15 04:29:52,163 - INFO - \u2705 Automação: Varredura concluída com sucesso.
2026-05-15 04:29:52,163 - INFO - Job "tarefa_scan_automatico (trigger: interval[0:05:00], next run at: 2026-05-15 04:34:20 -03)" executed successfully
2026-05-15 04:34:20,463 - INFO - Running job "tarefa_scan_automatico (trigger: interval[0:05:00], next run at: 2026-05-15 04:39:20 -03)" (scheduled at 2026-05-15 04:34:20.455530-03:00)
2026-05-15 04:34:20,464 - INFO - \U0001f552 Automação: Iniciando varredura agendada...
2026-05-15 04:34:52,051 - INFO - \u2705 Automação: Varredura concluída com sucesso.
2026-05-15 04:34:52,051 - INFO - Job "tarefa_scan_automatico (trigger: interval[0:05:00], next run at: 2026-05-15 04:39:20 -03)" executed successfully
2026-05-15 04:39:20,475 - INFO - Running job "tarefa_scan_automatico (trigger: interval[0:05:00], next run at: 2026-05-15 04:44:20 -03)" (scheduled at 2026-05-15 04:39:20.455530-03:00)
2026-05-15 04:39:20,478 - INFO - \U0001f552 Automação: Iniciando varredura agendada...
2026-05-15 04:39:52,122 - INFO - \u2705 Automação: Varredura concluída com sucesso.
2026-05-15 04:39:52,122 - INFO - Job "tarefa_scan_automatico (trigger: interval[0:05:00], next run at: 2026-05-15 04:44:20 -03)" executed successfully
2026-05-15 04:44:20,457 - INFO - Running job "tarefa_scan_automatico (trigger: interval[0:05:00], next run at: 2026-05-15 04:49:20 -03)" (scheduled at 2026-05-15 04:44:20.455530-03:00)
2026-05-15 04:44:20,460 - INFO - \U0001f552 Automação: Iniciando varredura agendada...
2026-05-15 04:44:52,110 - INFO - \u2705 Automação: Varredura concluída com sucesso.
2026-05-15 04:44:52,111 - INFO - Job "tarefa_scan_automatico (trigger: interval[0:05:00], next run at: 2026-05-15 04:49:20 -03)" executed successfully
2026-05-15 04:49:20,481 - INFO - Running job "tarefa_scan_automatico (trigger: interval[0:05:00], next run at: 2026-05-15 04:54:20 -03)" (scheduled at 2026-05-15 04:49:20.455530-03:00)
2026-05-15 04:49:20,500 - INFO - \U0001f552 Automação: Iniciando varredura agendada...
2026-05-15 04:49:52,433 - INFO - \u2705 Automação: Varredura concluída com sucesso.
2026-05-15 04:49:52,435 - INFO - Job "tarefa_scan_automatico (trigger: interval[0:05:00], next run at: 2026-05-15 04:54:20 -03)" executed successfully
2026-05-15 04:54:20,472 - INFO - Running job "tarefa_scan_automatico (trigger: interval[0:05:00], next run at: 2026-05-15 04:59:20 -03)" (scheduled at 2026-05-15 04:54:20.455530-03:00)
2026-05-15 04:54:20,473 - INFO - \U0001f552 Automação: Iniciando varredura agendada...
2026-05-15 04:54:52,147 - INFO - \u2705 Automação: Varredura concluída com sucesso.
2026-05-15 04:54:52,147 - INFO - Job "tarefa_scan_automatico (trigger: interval[0:05:00], next run at: 2026-05-15 04:59:20 -03)" executed successfully
2026-05-15 04:59:20,463 - INFO - Running job "tarefa_scan_automatico (trigger: interval[0:05:00], next run at: 2026-05-15 05:04:20 -03)" (scheduled at 2026-05-15 04:59:20.455530-03:00)
2026-05-15 04:59:20,464 - INFO - \U0001f552 Automação: Iniciando varredura agendada...
2026-05-15 04:59:52,200 - INFO - \u2705 Automação: Varredura concluída com sucesso.
2026-05-15 04:59:52,208 - INFO - Job "tarefa_scan_automatico (trigger: interval[0:05:00], next run at: 2026-05-15 05:04:20 -03)" executed successfully
2026-05-15 05:04:20,470 - INFO - Running job "tarefa_scan_automatico (trigger: interval[0:05:00], next run at: 2026-05-15 05:09:20 -03)" (scheduled at 2026-05-15 05:04:20.455530-03:00)
2026-05-15 05:04:20,470 - INFO - \U0001f552 Automação: Iniciando varredura agendada...
2026-05-15 05:04:52,209 - INFO - \u2705 Automação: Varredura concluída com sucesso.
2026-05-15 05:04:52,210 - INFO - Job "tarefa_scan_automatico (trigger: interval[0:05:00], next run at: 2026-05-15 05:09:20 -03)" executed successfully
2026-05-15 05:09:20,471 - INFO - Running job "tarefa_scan_automatico (trigger: interval[0:05:00], next run at: 2026-05-15 05:14:20 -03)" (scheduled at 2026-05-15 05:09:20.455530-03:00)
2026-05-15 05:09:20,472 - INFO - \U0001f552 Automação: Iniciando varredura agendada...
2026-05-15 05:09:52,242 - INFO - \u2705 Automação: Varredura concluída com sucesso.
2026-05-15 05:09:52,242 - INFO - Job "tarefa_scan_automatico (trigger: interval[0:05:00], next run at: 2026-05-15 05:14:20 -03)" executed successfully
2026-05-15 05:14:20,457 - INFO - Running job "tarefa_scan_automatico (trigger: interval[0:05:00], next run at: 2026-05-15 05:19:20 -03)" (scheduled at 2026-05-15 05:14:20.455530-03:00)
2026-05-15 05:14:20,457 - INFO - \U0001f552 Automação: Iniciando varredura agendada...
2026-05-15 05:14:52,217 - INFO - \u2705 Automação: Varredura concluída com sucesso.
2026-05-15 05:14:52,218 - INFO - Job "tarefa_scan_automatico (trigger: interval[0:05:00], next run at: 2026-05-15 05:19:20 -03)" executed successfully
2026-05-15 05:19:20,470 - INFO - Running job "tarefa_scan_automatico (trigger: interval[0:05:00], next run at: 2026-05-15 05:24:20 -03)" (scheduled at 2026-05-15 05:19:20.455530-03:00)
2026-05-15 05:19:20,472 - INFO - \U0001f552 Automação: Iniciando varredura agendada...
2026-05-15 05:19:52,134 - INFO - \u2705 Automação: Varredura concluída com sucesso.
2026-05-15 05:19:52,142 - INFO - Job "tarefa_scan_automatico (trigger: interval[0:05:00], next run at: 2026-05-15 05:24:20 -03)" executed successfully
2026-05-15 05:24:20,466 - INFO - Running job "tarefa_scan_automatico (trigger: interval[0:05:00], next run at: 2026-05-15 05:29:20 -03)" (scheduled at 2026-05-15 05:24:20.455530-03:00)
2026-05-15 05:24:20,466 - INFO - \U0001f552 Automação: Iniciando varredura agendada...
2026-05-15 05:24:53,095 - INFO - \u2705 Automação: Varredura concluída com sucesso.
2026-05-15 05:24:53,096 - INFO - Job "tarefa_scan_automatico (trigger: interval[0:05:00], next run at: 2026-05-15 05:29:20 -03)" executed successfully
2026-05-15 05:29:20,464 - INFO - Running job "tarefa_scan_automatico (trigger: interval[0:05:00], next run at: 2026-05-15 05:34:20 -03)" (scheduled at 2026-05-15 05:29:20.455530-03:00)
2026-05-15 05:29:20,465 - INFO - \U0001f552 Automação: Iniciando varredura agendada...
2026-05-15 05:29:52,309 - INFO - \u2705 Automação: Varredura concluída com sucesso.
2026-05-15 05:29:52,310 - INFO - Job "tarefa_scan_automatico (trigger: interval[0:05:00], next run at: 2026-05-15 05:34:20 -03)" executed successfully
2026-05-15 05:34:20,458 - INFO - Running job "tarefa_scan_automatico (trigger: interval[0:05:00], next run at: 2026-05-15 05:39:20 -03)" (scheduled at 2026-05-15 05:34:20.455530-03:00)
2026-05-15 05:34:20,459 - INFO - \U0001f552 Automação: Iniciando varredura agendada...
2026-05-15 05:34:52,109 - INFO - \u2705 Automação: Varredura concluída com sucesso.
2026-05-15 05:34:52,114 - INFO - Job "tarefa_scan_automatico (trigger: interval[0:05:00], next run at: 2026-05-15 05:39:20 -03)" executed successfully
2026-05-15 05:39:20,483 - INFO - Running job "tarefa_scan_automatico (trigger: interval[0:05:00], next run at: 2026-05-15 05:44:20 -03)" (scheduled at 2026-05-15 05:39:20.455530-03:00)
2026-05-15 05:39:20,483 - INFO - \U0001f552 Automação: Iniciando varredura agendada...
2026-05-15 05:39:52,242 - INFO - \u2705 Automação: Varredura concluída com sucesso.
2026-05-15 05:39:52,242 - INFO - Job "tarefa_scan_automatico (trigger: interval[0:05:00], next run at: 2026-05-15 05:44:20 -03)" executed successfully
2026-05-15 05:44:20,464 - INFO - Running job "tarefa_scan_automatico (trigger: interval[0:05:00], next run at: 2026-05-15 05:49:20 -03)" (scheduled at 2026-05-15 05:44:20.455530-03:00)
2026-05-15 05:44:20,465 - INFO - \U0001f552 Automação: Iniciando varredura agendada...
2026-05-15 05:44:52,024 - INFO - \u2705 Automação: Varredura concluída com sucesso.
2026-05-15 05:44:52,025 - INFO - Job "tarefa_scan_automatico (trigger: interval[0:05:00], next run at: 2026-05-15 05:49:20 -03)" executed successfully
2026-05-15 05:49:20,462 - INFO - Running job "tarefa_scan_automatico (trigger: interval[0:05:00], next run at: 2026-05-15 05:54:20 -03)" (scheduled at 2026-05-15 05:49:20.455530-03:00)
2026-05-15 05:49:20,462 - INFO - \U0001f552 Automação: Iniciando varredura agendada...
2026-05-15 05:49:52,375 - INFO - \u2705 Automação: Varredura concluída com sucesso.
2026-05-15 05:49:52,376 - INFO - Job "tarefa_scan_automatico (trigger: interval[0:05:00], next run at: 2026-05-15 05:54:20 -03)" executed successfully
2026-05-15 05:54:20,475 - INFO - Running job "tarefa_scan_automatico (trigger: interval[0:05:00], next run at: 2026-05-15 05:59:20 -03)" (scheduled at 2026-05-15 05:54:20.455530-03:00)
2026-05-15 05:54:20,475 - INFO - \U0001f552 Automação: Iniciando varredura agendada...
2026-05-15 05:54:52,116 - INFO - \u2705 Automação: Varredura concluída com sucesso.
2026-05-15 05:54:52,116 - INFO - Job "tarefa_scan_automatico (trigger: interval[0:05:00], next run at: 2026-05-15 05:59:20 -03)" executed successfully
2026-05-15 05:59:20,466 - INFO - Running job "tarefa_scan_automatico (trigger: interval[0:05:00], next run at: 2026-05-15 06:04:20 -03)" (scheduled at 2026-05-15 05:59:20.455530-03:00)
2026-05-15 05:59:20,467 - INFO - \U0001f552 Automação: Iniciando varredura agendada...
2026-05-15 05:59:52,105 - INFO - \u2705 Automação: Varredura concluída com sucesso.
2026-05-15 05:59:52,105 - INFO - Job "tarefa_scan_automatico (trigger: interval[0:05:00], next run at: 2026-05-15 06:04:20 -03)" executed successfully
2026-05-15 06:04:20,469 - INFO - Running job "tarefa_scan_automatico (trigger: interval[0:05:00], next run at: 2026-05-15 06:09:20 -03)" (scheduled at 2026-05-15 06:04:20.455530-03:00)
2026-05-15 06:04:20,469 - INFO - \U0001f552 Automação: Iniciando varredura agendada...
2026-05-15 06:04:52,127 - INFO - \u2705 Automação: Varredura concluída com sucesso.
2026-05-15 06:04:52,127 - INFO - Job "tarefa_scan_automatico (trigger: interval[0:05:00], next run at: 2026-05-15 06:09:20 -03)" executed successfully
2026-05-15 06:09:20,466 - INFO - Running job "tarefa_scan_automatico (trigger: interval[0:05:00], next run at: 2026-05-15 06:14:20 -03)" (scheduled at 2026-05-15 06:09:20.455530-03:00)
2026-05-15 06:09:20,467 - INFO - \U0001f552 Automação: Iniciando varredura agendada...
2026-05-15 06:09:52,171 - INFO - \u2705 Automação: Varredura concluída com sucesso.
2026-05-15 06:09:52,173 - INFO - Job "tarefa_scan_automatico (trigger: interval[0:05:00], next run at: 2026-05-15 06:14:20 -03)" executed successfully
2026-05-15 06:14:20,473 - INFO - Running job "tarefa_scan_automatico (trigger: interval[0:05:00], next run at: 2026-05-15 06:19:20 -03)" (scheduled at 2026-05-15 06:14:20.455530-03:00)
2026-05-15 06:14:20,473 - INFO - \U0001f552 Automação: Iniciando varredura agendada...
2026-05-15 06:14:52,178 - INFO - \u2705 Automação: Varredura concluída com sucesso.
2026-05-15 06:14:52,178 - INFO - Job "tarefa_scan_automatico (trigger: interval[0:05:00], next run at: 2026-05-15 06:19:20 -03)" executed successfully
2026-05-15 06:19:20,464 - INFO - Running job "tarefa_scan_automatico (trigger: interval[0:05:00], next run at: 2026-05-15 06:24:20 -03)" (scheduled at 2026-05-15 06:19:20.455530-03:00)
2026-05-15 06:19:20,466 - INFO - \U0001f552 Automação: Iniciando varredura agendada...
2026-05-15 06:19:52,208 - INFO - \u2705 Automação: Varredura concluída com sucesso.
2026-05-15 06:19:52,208 - INFO - Job "tarefa_scan_automatico (trigger: interval[0:05:00], next run at: 2026-05-15 06:24:20 -03)" executed successfully
2026-05-15 06:24:20,463 - INFO - Running job "tarefa_scan_automatico (trigger: interval[0:05:00], next run at: 2026-05-15 06:29:20 -03)" (scheduled at 2026-05-15 06:24:20.455530-03:00)
2026-05-15 06:24:20,463 - INFO - \U0001f552 Automação: Iniciando varredura agendada...
2026-05-15 06:24:52,148 - INFO - \u2705 Automação: Varredura concluída com sucesso.
2026-05-15 06:24:52,148 - INFO - Job "tarefa_scan_automatico (trigger: interval[0:05:00], next run at: 2026-05-15 06:29:20 -03)" executed successfully
2026-05-15 06:29:20,459 - INFO - Running job "tarefa_scan_automatico (trigger: interval[0:05:00], next run at: 2026-05-15 06:34:20 -03)" (scheduled at 2026-05-15 06:29:20.455530-03:00)
2026-05-15 06:29:20,460 - INFO - \U0001f552 Automação: Iniciando varredura agendada...
2026-05-15 06:29:53,581 - INFO - \u2705 Automação: Varredura concluída com sucesso.
2026-05-15 06:29:53,582 - INFO - Job "tarefa_scan_automatico (trigger: interval[0:05:00], next run at: 2026-05-15 06:34:20 -03)" executed successfully
2026-05-15 06:34:20,458 - INFO - Running job "tarefa_scan_automatico (trigger: interval[0:05:00], next run at: 2026-05-15 06:39:20 -03)" (scheduled at 2026-05-15 06:34:20.455530-03:00)
2026-05-15 06:34:20,459 - INFO - \U0001f552 Automação: Iniciando varredura agendada...
2026-05-15 06:34:52,175 - INFO - \u2705 Automação: Varredura concluída com sucesso.
2026-05-15 06:34:52,175 - INFO - Job "tarefa_scan_automatico (trigger: interval[0:05:00], next run at: 2026-05-15 06:39:20 -03)" executed successfully
2026-05-15 06:39:20,467 - INFO - Running job "tarefa_scan_automatico (trigger: interval[0:05:00], next run at: 2026-05-15 06:44:20 -03)" (scheduled at 2026-05-15 06:39:20.455530-03:00)
2026-05-15 06:39:20,469 - INFO - \U0001f552 Automação: Iniciando varredura agendada...
2026-05-15 06:39:52,159 - INFO - \u2705 Automação: Varredura concluída com sucesso.
2026-05-15 06:39:52,159 - INFO - Job "tarefa_scan_automatico (trigger: interval[0:05:00], next run at: 2026-05-15 06:44:20 -03)" executed successfully
2026-05-15 06:44:20,466 - INFO - Running job "tarefa_scan_automatico (trigger: interval[0:05:00], next run at: 2026-05-15 06:49:20 -03)" (scheduled at 2026-05-15 06:44:20.455530-03:00)
2026-05-15 06:44:20,467 - INFO - \U0001f552 Automação: Iniciando varredura agendada...
2026-05-15 06:44:52,171 - INFO - \u2705 Automação: Varredura concluída com sucesso.
2026-05-15 06:44:52,172 - INFO - Job "tarefa_scan_automatico (trigger: interval[0:05:00], next run at: 2026-05-15 06:49:20 -03)" executed successfully
2026-05-15 06:49:20,466 - INFO - Running job "tarefa_scan_automatico (trigger: interval[0:05:00], next run at: 2026-05-15 06:54:20 -03)" (scheduled at 2026-05-15 06:49:20.455530-03:00)
2026-05-15 06:49:20,466 - INFO - \U0001f552 Automação: Iniciando varredura agendada...
2026-05-15 06:49:52,302 - INFO - \u2705 Automação: Varredura concluída com sucesso.
2026-05-15 06:49:52,303 - INFO - Job "tarefa_scan_automatico (trigger: interval[0:05:00], next run at: 2026-05-15 06:54:20 -03)" executed successfully
2026-05-15 06:54:20,468 - INFO - Running job "tarefa_scan_automatico (trigger: interval[0:05:00], next run at: 2026-05-15 06:59:20 -03)" (scheduled at 2026-05-15 06:54:20.455530-03:00)
2026-05-15 06:54:20,468 - INFO - \U0001f552 Automação: Iniciando varredura agendada...
2026-05-15 06:54:52,136 - INFO - \u2705 Automação: Varredura concluída com sucesso.
2026-05-15 06:54:52,146 - INFO - Job "tarefa_scan_automatico (trigger: interval[0:05:00], next run at: 2026-05-15 06:59:20 -03)" executed successfully
2026-05-15 06:59:20,466 - INFO - Running job "tarefa_scan_automatico (trigger: interval[0:05:00], next run at: 2026-05-15 07:04:20 -03)" (scheduled at 2026-05-15 06:59:20.455530-03:00)
2026-05-15 06:59:20,474 - INFO - \U0001f552 Automação: Iniciando varredura agendada...
2026-05-15 06:59:52,160 - INFO - \u2705 Automação: Varredura concluída com sucesso.
2026-05-15 06:59:52,160 - INFO - Job "tarefa_scan_automatico (trigger: interval[0:05:00], next run at: 2026-05-15 07:04:20 -03)" executed successfully
2026-05-15 07:04:20,460 - INFO - Running job "tarefa_scan_automatico (trigger: interval[0:05:00], next run at: 2026-05-15 07:09:20 -03)" (scheduled at 2026-05-15 07:04:20.455530-03:00)
2026-05-15 07:04:20,461 - INFO - \U0001f552 Automação: Iniciando varredura agendada...
2026-05-15 07:04:52,153 - INFO - \u2705 Automação: Varredura concluída com sucesso.
2026-05-15 07:04:52,154 - INFO - Job "tarefa_scan_automatico (trigger: interval[0:05:00], next run at: 2026-05-15 07:09:20 -03)" executed successfully
2026-05-15 07:09:20,461 - INFO - Running job "tarefa_scan_automatico (trigger: interval[0:05:00], next run at: 2026-05-15 07:14:20 -03)" (scheduled at 2026-05-15 07:09:20.455530-03:00)
2026-05-15 07:09:20,469 - INFO - \U0001f552 Automação: Iniciando varredura agendada...
2026-05-15 07:09:52,137 - INFO - \u2705 Automação: Varredura concluída com sucesso.
2026-05-15 07:09:52,137 - INFO - Job "tarefa_scan_automatico (trigger: interval[0:05:00], next run at: 2026-05-15 07:14:20 -03)" executed successfully
2026-05-15 07:14:20,470 - INFO - Running job "tarefa_scan_automatico (trigger: interval[0:05:00], next run at: 2026-05-15 07:19:20 -03)" (scheduled at 2026-05-15 07:14:20.455530-03:00)
2026-05-15 07:14:20,472 - INFO - \U0001f552 Automação: Iniciando varredura agendada...
2026-05-15 07:14:52,139 - INFO - \u2705 Automação: Varredura concluída com sucesso.
2026-05-15 07:14:52,139 - INFO - Job "tarefa_scan_automatico (trigger: interval[0:05:00], next run at: 2026-05-15 07:19:20 -03)" executed successfully
2026-05-15 07:19:20,463 - INFO - Running job "tarefa_scan_automatico (trigger: interval[0:05:00], next run at: 2026-05-15 07:24:20 -03)" (scheduled at 2026-05-15 07:19:20.455530-03:00)
2026-05-15 07:19:20,466 - INFO - \U0001f552 Automação: Iniciando varredura agendada...
2026-05-15 07:19:52,269 - INFO - \u2705 Automação: Varredura concluída com sucesso.
2026-05-15 07:19:52,270 - INFO - Job "tarefa_scan_automatico (trigger: interval[0:05:00], next run at: 2026-05-15 07:24:20 -03)" executed successfully
2026-05-15 07:24:20,462 - INFO - Running job "tarefa_scan_automatico (trigger: interval[0:05:00], next run at: 2026-05-15 07:29:20 -03)" (scheduled at 2026-05-15 07:24:20.455530-03:00)
2026-05-15 07:24:20,464 - INFO - \U0001f552 Automação: Iniciando varredura agendada...
2026-05-15 07:24:52,172 - INFO - \u2705 Automação: Varredura concluída com sucesso.
2026-05-15 07:24:52,172 - INFO - Job "tarefa_scan_automatico (trigger: interval[0:05:00], next run at: 2026-05-15 07:29:20 -03)" executed successfully
2026-05-15 07:29:20,459 - INFO - Running job "tarefa_scan_automatico (trigger: interval[0:05:00], next run at: 2026-05-15 07:34:20 -03)" (scheduled at 2026-05-15 07:29:20.455530-03:00)
2026-05-15 07:29:20,459 - INFO - \U0001f552 Automação: Iniciando varredura agendada...
2026-05-15 07:29:53,315 - INFO - \u2705 Automação: Varredura concluída com sucesso.
2026-05-15 07:29:53,315 - INFO - Job "tarefa_scan_automatico (trigger: interval[0:05:00], next run at: 2026-05-15 07:34:20 -03)" executed successfully
2026-05-15 07:34:20,459 - INFO - Running job "tarefa_scan_automatico (trigger: interval[0:05:00], next run at: 2026-05-15 07:39:20 -03)" (scheduled at 2026-05-15 07:34:20.455530-03:00)
2026-05-15 07:34:20,460 - INFO - \U0001f552 Automação: Iniciando varredura agendada...
2026-05-15 07:34:52,119 - INFO - \u2705 Automação: Varredura concluída com sucesso.
2026-05-15 07:34:52,119 - INFO - Job "tarefa_scan_automatico (trigger: interval[0:05:00], next run at: 2026-05-15 07:39:20 -03)" executed successfully
2026-05-15 07:39:20,491 - INFO - Running job "tarefa_scan_automatico (trigger: interval[0:05:00], next run at: 2026-05-15 07:44:20 -03)" (scheduled at 2026-05-15 07:39:20.455530-03:00)
2026-05-15 07:39:20,493 - INFO - \U0001f552 Automação: Iniciando varredura agendada...
2026-05-15 07:39:52,252 - INFO - \u2705 Automação: Varredura concluída com sucesso.
2026-05-15 07:39:52,252 - INFO - Job "tarefa_scan_automatico (trigger: interval[0:05:00], next run at: 2026-05-15 07:44:20 -03)" executed successfully
2026-05-15 07:44:20,483 - INFO - Running job "tarefa_scan_automatico (trigger: interval[0:05:00], next run at: 2026-05-15 07:49:20 -03)" (scheduled at 2026-05-15 07:44:20.455530-03:00)
2026-05-15 07:44:20,490 - INFO - \U0001f552 Automação: Iniciando varredura agendada...
2026-05-15 07:44:52,468 - INFO - \u2705 Automação: Varredura concluída com sucesso.
2026-05-15 07:44:52,470 - INFO - Job "tarefa_scan_automatico (trigger: interval[0:05:00], next run at: 2026-05-15 07:49:20 -03)" executed successfully
2026-05-15 07:49:20,461 - INFO - Running job "tarefa_scan_automatico (trigger: interval[0:05:00], next run at: 2026-05-15 07:54:20 -03)" (scheduled at 2026-05-15 07:49:20.455530-03:00)
2026-05-15 07:49:20,462 - INFO - \U0001f552 Automação: Iniciando varredura agendada...
2026-05-15 07:49:52,064 - INFO - \u2705 Automação: Varredura concluída com sucesso.
2026-05-15 07:49:52,065 - INFO - Job "tarefa_scan_automatico (trigger: interval[0:05:00], next run at: 2026-05-15 07:54:20 -03)" executed successfully
2026-05-15 07:54:20,466 - INFO - Running job "tarefa_scan_automatico (trigger: interval[0:05:00], next run at: 2026-05-15 07:59:20 -03)" (scheduled at 2026-05-15 07:54:20.455530-03:00)
2026-05-15 07:54:20,467 - INFO - \U0001f552 Automação: Iniciando varredura agendada...
2026-05-15 07:54:52,117 - INFO - \u2705 Automação: Varredura concluída com sucesso.
2026-05-15 07:54:52,120 - INFO - Job "tarefa_scan_automatico (trigger: interval[0:05:00], next run at: 2026-05-15 07:59:20 -03)" executed successfully
2026-05-15 07:59:20,475 - INFO - Running job "tarefa_scan_automatico (trigger: interval[0:05:00], next run at: 2026-05-15 08:04:20 -03)" (scheduled at 2026-05-15 07:59:20.455530-03:00)
2026-05-15 07:59:20,476 - INFO - \U0001f552 Automação: Iniciando varredura agendada...
2026-05-15 07:59:52,149 - INFO - \u2705 Automação: Varredura concluída com sucesso.
2026-05-15 07:59:52,150 - INFO - Job "tarefa_scan_automatico (trigger: interval[0:05:00], next run at: 2026-05-15 08:04:20 -03)" executed successfully
2026-05-15 08:04:20,461 - INFO - Running job "tarefa_scan_automatico (trigger: interval[0:05:00], next run at: 2026-05-15 08:09:20 -03)" (scheduled at 2026-05-15 08:04:20.455530-03:00)
2026-05-15 08:04:20,462 - INFO - \U0001f552 Automação: Iniciando varredura agendada...
2026-05-15 08:04:52,187 - INFO - \u2705 Automação: Varredura concluída com sucesso.
2026-05-15 08:04:52,187 - INFO - Job "tarefa_scan_automatico (trigger: interval[0:05:00], next run at: 2026-05-15 08:09:20 -03)" executed successfully
2026-05-15 08:09:20,467 - INFO - Running job "tarefa_scan_automatico (trigger: interval[0:05:00], next run at: 2026-05-15 08:14:20 -03)" (scheduled at 2026-05-15 08:09:20.455530-03:00)
2026-05-15 08:09:20,468 - INFO - \U0001f552 Automação: Iniciando varredura agendada...
2026-05-15 08:09:52,232 - INFO - \u2705 Automação: Varredura concluída com sucesso.
2026-05-15 08:09:52,235 - INFO - Job "tarefa_scan_automatico (trigger: interval[0:05:00], next run at: 2026-05-15 08:14:20 -03)" executed successfully
2026-05-15 08:14:20,470 - INFO - Running job "tarefa_scan_automatico (trigger: interval[0:05:00], next run at: 2026-05-15 08:19:20 -03)" (scheduled at 2026-05-15 08:14:20.455530-03:00)
2026-05-15 08:14:20,471 - INFO - \U0001f552 Automação: Iniciando varredura agendada...
2026-05-15 08:14:52,169 - INFO - \u2705 Automação: Varredura concluída com sucesso.
2026-05-15 08:14:52,169 - INFO - Job "tarefa_scan_automatico (trigger: interval[0:05:00], next run at: 2026-05-15 08:19:20 -03)" executed successfully
2026-05-15 08:19:20,464 - INFO - Running job "tarefa_scan_automatico (trigger: interval[0:05:00], next run at: 2026-05-15 08:24:20 -03)" (scheduled at 2026-05-15 08:19:20.455530-03:00)
2026-05-15 08:19:20,466 - INFO - \U0001f552 Automação: Iniciando varredura agendada...
2026-05-15 08:19:52,281 - INFO - \u2705 Automação: Varredura concluída com sucesso.
2026-05-15 08:19:52,282 - INFO - Job "tarefa_scan_automatico (trigger: interval[0:05:00], next run at: 2026-05-15 08:24:20 -03)" executed successfully
2026-05-15 08:24:20,474 - INFO - Running job "tarefa_scan_automatico (trigger: interval[0:05:00], next run at: 2026-05-15 08:29:20 -03)" (scheduled at 2026-05-15 08:24:20.455530-03:00)
2026-05-15 08:24:20,475 - INFO - \U0001f552 Automação: Iniciando varredura agendada...
2026-05-15 08:24:52,238 - INFO - \u2705 Automação: Varredura concluída com sucesso.
2026-05-15 08:24:52,238 - INFO - Job "tarefa_scan_automatico (trigger: interval[0:05:00], next run at: 2026-05-15 08:29:20 -03)" executed successfully
2026-05-15 08:29:20,511 - INFO - Running job "tarefa_scan_automatico (trigger: interval[0:05:00], next run at: 2026-05-15 08:34:20 -03)" (scheduled at 2026-05-15 08:29:20.455530-03:00)
2026-05-15 08:29:20,529 - INFO - \U0001f552 Automação: Iniciando varredura agendada...
2026-05-15 08:29:55,520 - INFO - \u2705 Automação: Varredura concluída com sucesso.
2026-05-15 08:29:55,530 - INFO - Job "tarefa_scan_automatico (trigger: interval[0:05:00], next run at: 2026-05-15 08:34:20 -03)" executed successfully
2026-05-15 08:34:20,500 - INFO - Running job "tarefa_scan_automatico (trigger: interval[0:05:00], next run at: 2026-05-15 08:34:20 -03)" (scheduled at 2026-05-15 08:34:20.455530-03:00)
2026-05-15 08:34:20,521 - INFO - \U0001f552 Automação: Iniciando varredura agendada...
2026-05-15 08:34:59,724 - INFO - \u2705 Automação: Varredura concluída com sucesso.
2026-05-15 08:34:59,727 - INFO - Job "tarefa_scan_automatico (trigger: interval[0:05:00], next run at: 2026-05-15 08:39:20 -03)" executed successfully
2026-05-15 08:39:20,515 - INFO - Running job "tarefa_scan_automatico (trigger: interval[0:05:00], next run at: 2026-05-15 08:44:20 -03)" (scheduled at 2026-05-15 08:39:20.455530-03:00)
2026-05-15 08:39:20,546 - INFO - \U0001f552 Automação: Iniciando varredura agendada...
2026-05-15 08:39:55,391 - INFO - \u2705 Automação: Varredura concluída com sucesso.
2026-05-15 08:39:55,402 - INFO - Job "tarefa_scan_automatico (trigger: interval[0:05:00], next run at: 2026-05-15 08:44:20 -03)" executed successfully
2026-05-15 08:44:20,537 - INFO - Running job "tarefa_scan_automatico (trigger: interval[0:05:00], next run at: 2026-05-15 08:49:20 -03)" (scheduled at 2026-05-15 08:44:20.455530-03:00)
2026-05-15 08:44:20,569 - INFO - \U0001f552 Automação: Iniciando varredura agendada...
2026-05-15 08:44:57,307 - INFO - \u2705 Automação: Varredura concluída com sucesso.
2026-05-15 08:44:57,310 - INFO - Job "tarefa_scan_automatico (trigger: interval[0:05:00], next run at: 2026-05-15 08:49:20 -03)" executed successfully
2026-05-15 08:49:20,516 - INFO - Running job "tarefa_scan_automatico (trigger: interval[0:05:00], next run at: 2026-05-15 08:54:20 -03)" (scheduled at 2026-05-15 08:49:20.455530-03:00)
2026-05-15 08:49:20,540 - INFO - \U0001f552 Automação: Iniciando varredura agendada...
2026-05-15 08:49:56,035 - INFO - \u2705 Automação: Varredura concluída com sucesso.
2026-05-15 08:49:56,037 - INFO - Job "tarefa_scan_automatico (trigger: interval[0:05:00], next run at: 2026-05-15 08:54:20 -03)" executed successfully
2026-05-15 08:54:20,499 - INFO - Running job "tarefa_scan_automatico (trigger: interval[0:05:00], next run at: 2026-05-15 08:59:20 -03)" (scheduled at 2026-05-15 08:54:20.455530-03:00)
2026-05-15 08:54:20,522 - INFO - \U0001f552 Automação: Iniciando varredura agendada...
2026-05-15 08:54:56,464 - INFO - \u2705 Automação: Varredura concluída com sucesso.
2026-05-15 08:54:56,470 - INFO - Job "tarefa_scan_automatico (trigger: interval[0:05:00], next run at: 2026-05-15 08:59:20 -03)" executed successfully
2026-05-15 08:59:20,519 - INFO - Running job "tarefa_scan_automatico (trigger: interval[0:05:00], next run at: 2026-05-15 09:04:20 -03)" (scheduled at 2026-05-15 08:59:20.455530-03:00)
2026-05-15 08:59:20,546 - INFO - \U0001f552 Automação: Iniciando varredura agendada...
2026-05-15 08:59:57,253 - INFO - \u2705 Automação: Varredura concluída com sucesso.
2026-05-15 08:59:57,265 - INFO - Job "tarefa_scan_automatico (trigger: interval[0:05:00], next run at: 2026-05-15 09:04:20 -03)" executed successfully
2026-05-15 09:04:20,584 - INFO - Running job "tarefa_scan_automatico (trigger: interval[0:05:00], next run at: 2026-05-15 09:09:20 -03)" (scheduled at 2026-05-15 09:04:20.455530-03:00)
2026-05-15 09:04:20,624 - INFO - \U0001f552 Automação: Iniciando varredura agendada...
2026-05-15 09:04:57,751 - INFO - \u2705 Automação: Varredura concluída com sucesso.
2026-05-15 09:04:57,754 - INFO - Job "tarefa_scan_automatico (trigger: interval[0:05:00], next run at: 2026-05-15 09:09:20 -03)" executed successfully
2026-05-15 09:09:20,512 - INFO - Running job "tarefa_scan_automatico (trigger: interval[0:05:00], next run at: 2026-05-15 09:14:20 -03)" (scheduled at 2026-05-15 09:09:20.455530-03:00)
2026-05-15 09:09:20,544 - INFO - \U0001f552 Automação: Iniciando varredura agendada...
2026-05-15 09:09:53,126 - INFO - \u2705 Automação: Varredura concluída com sucesso.
2026-05-15 09:09:53,135 - INFO - Job "tarefa_scan_automatico (trigger: interval[0:05:00], next run at: 2026-05-15 09:14:20 -03)" executed successfully
2026-05-15 09:14:20,539 - INFO - Running job "tarefa_scan_automatico (trigger: interval[0:05:00], next run at: 2026-05-15 09:19:20 -03)" (scheduled at 2026-05-15 09:14:20.455530-03:00)
2026-05-15 09:14:20,568 - INFO - \U0001f552 Automação: Iniciando varredura agendada...
2026-05-15 09:14:52,880 - INFO - \u2705 Automação: Varredura concluída com sucesso.
2026-05-15 09:14:52,883 - INFO - Job "tarefa_scan_automatico (trigger: interval[0:05:00], next run at: 2026-05-15 09:19:20 -03)" executed successfully
2026-05-15 09:19:20,533 - INFO - Running job "tarefa_scan_automatico (trigger: interval[0:05:00], next run at: 2026-05-15 09:24:20 -03)" (scheduled at 2026-05-15 09:19:20.455530-03:00)
2026-05-15 09:19:20,572 - INFO - \U0001f552 Automação: Iniciando varredura agendada...
2026-05-15 09:19:52,783 - INFO - \u2705 Automação: Varredura concluída com sucesso.
2026-05-15 09:19:52,787 - INFO - Job "tarefa_scan_automatico (trigger: interval[0:05:00], next run at: 2026-05-15 09:24:20 -03)" executed successfully
2026-05-15 09:24:20,541 - INFO - Running job "tarefa_scan_automatico (trigger: interval[0:05:00], next run at: 2026-05-15 09:29:20 -03)" (scheduled at 2026-05-15 09:24:20.455530-03:00)
2026-05-15 09:24:20,588 - INFO - \U0001f552 Automação: Iniciando varredura agendada...
2026-05-15 09:24:53,006 - INFO - \u2705 Automação: Varredura concluída com sucesso.
2026-05-15 09:24:53,012 - INFO - Job "tarefa_scan_automatico (trigger: interval[0:05:00], next run at: 2026-05-15 09:29:20 -03)" executed successfully
2026-05-15 09:29:20,534 - INFO - Running job "tarefa_scan_automatico (trigger: interval[0:05:00], next run at: 2026-05-15 09:34:20 -03)" (scheduled at 2026-05-15 09:29:20.455530-03:00)
2026-05-15 09:29:20,558 - INFO - \U0001f552 Automação: Iniciando varredura agendada...
2026-05-15 09:29:55,298 - INFO - \u2705 Automação: Varredura concluída com sucesso.
2026-05-15 09:29:55,321 - INFO - Job "tarefa_scan_automatico (trigger: interval[0:05:00], next run at: 2026-05-15 09:34:20 -03)" executed successfully
2026-05-15 09:34:20,561 - INFO - Running job "tarefa_scan_automatico (trigger: interval[0:05:00], next run at: 2026-05-15 09:34:20 -03)" (scheduled at 2026-05-15 09:34:20.455530-03:00)
2026-05-15 09:34:20,602 - INFO - \U0001f552 Automação: Iniciando varredura agendada...
2026-05-15 09:34:53,203 - INFO - \u2705 Automação: Varredura concluída com sucesso.
2026-05-15 09:34:53,206 - INFO - Job "tarefa_scan_automatico (trigger: interval[0:05:00], next run at: 2026-05-15 09:39:20 -03)" executed successfully
2026-05-15 09:39:20,545 - INFO - Running job "tarefa_scan_automatico (trigger: interval[0:05:00], next run at: 2026-05-15 09:44:20 -03)" (scheduled at 2026-05-15 09:39:20.455530-03:00)
2026-05-15 09:39:20,594 - INFO - \U0001f552 Automação: Iniciando varredura agendada...
2026-05-15 09:39:53,575 - INFO - \u2705 Automação: Varredura concluída com sucesso.
2026-05-15 09:39:53,634 - INFO - Job "tarefa_scan_automatico (trigger: interval[0:05:00], next run at: 2026-05-15 09:44:20 -03)" executed successfully
2026-05-15 09:44:20,587 - INFO - Running job "tarefa_scan_automatico (trigger: interval[0:05:00], next run at: 2026-05-15 09:49:20 -03)" (scheduled at 2026-05-15 09:44:20.455530-03:00)
2026-05-15 09:44:20,616 - INFO - \U0001f552 Automação: Iniciando varredura agendada...
2026-05-15 09:44:53,609 - INFO - \u2705 Automação: Varredura concluída com sucesso.
2026-05-15 09:44:53,613 - INFO - Job "tarefa_scan_automatico (trigger: interval[0:05:00], next run at: 2026-05-15 09:49:20 -03)" executed successfully
2026-05-15 09:49:20,625 - INFO - Running job "tarefa_scan_automatico (trigger: interval[0:05:00], next run at: 2026-05-15 09:54:20 -03)" (scheduled at 2026-05-15 09:49:20.455530-03:00)
2026-05-15 09:49:20,698 - INFO - \U0001f552 Automação: Iniciando varredura agendada...
2026-05-15 09:49:55,683 - INFO - \u2705 Automação: Varredura concluída com sucesso.
2026-05-15 09:49:55,691 - INFO - Job "tarefa_scan_automatico (trigger: interval[0:05:00], next run at: 2026-05-15 09:54:20 -03)" executed successfully
2026-05-15 09:54:20,575 - INFO - Running job "tarefa_scan_automatico (trigger: interval[0:05:00], next run at: 2026-05-15 09:59:20 -03)" (scheduled at 2026-05-15 09:54:20.455530-03:00)
2026-05-15 09:54:20,603 - INFO - \U0001f552 Automação: Iniciando varredura agendada...
2026-05-15 09:54:54,496 - INFO - \u2705 Automação: Varredura concluída com sucesso.
2026-05-15 09:54:54,520 - INFO - Job "tarefa_scan_automatico (trigger: interval[0:05:00], next run at: 2026-05-15 09:59:20 -03)" executed successfully
2026-05-15 09:59:20,551 - INFO - Running job "tarefa_scan_automatico (trigger: interval[0:05:00], next run at: 2026-05-15 10:04:20 -03)" (scheduled at 2026-05-15 09:59:20.455530-03:00)
2026-05-15 09:59:20,599 - INFO - \U0001f552 Automação: Iniciando varredura agendada...
2026-05-15 09:59:53,368 - INFO - \u2705 Automação: Varredura concluída com sucesso.
2026-05-15 09:59:53,373 - INFO - Job "tarefa_scan_automatico (trigger: interval[0:05:00], next run at: 2026-05-15 10:04:20 -03)" executed successfully
2026-05-15 10:04:20,539 - INFO - Running job "tarefa_scan_automatico (trigger: interval[0:05:00], next run at: 2026-05-15 10:09:20 -03)" (scheduled at 2026-05-15 10:04:20.455530-03:00)
2026-05-15 10:04:20,577 - INFO - \U0001f552 Automação: Iniciando varredura agendada...
2026-05-15 10:04:53,647 - INFO - \u2705 Automação: Varredura concluída com sucesso.
2026-05-15 10:04:53,654 - INFO - Job "tarefa_scan_automatico (trigger: interval[0:05:00], next run at: 2026-05-15 10:09:20 -03)" executed successfully
2026-05-15 10:09:20,531 - INFO - Running job "tarefa_scan_automatico (trigger: interval[0:05:00], next run at: 2026-05-15 10:14:20 -03)" (scheduled at 2026-05-15 10:09:20.455530-03:00)
2026-05-15 10:09:20,563 - INFO - \U0001f552 Automação: Iniciando varredura agendada...
2026-05-15 10:09:52,961 - INFO - \u2705 Automação: Varredura concluída com sucesso.
2026-05-15 10:09:52,966 - INFO - Job "tarefa_scan_automatico (trigger: interval[0:05:00], next run at: 2026-05-15 10:14:20 -03)" executed successfully
2026-05-15 10:14:20,533 - INFO - Running job "tarefa_scan_automatico (trigger: interval[0:05:00], next run at: 2026-05-15 10:19:20 -03)" (scheduled at 2026-05-15 10:14:20.455530-03:00)
2026-05-15 10:14:20,571 - INFO - \U0001f552 Automação: Iniciando varredura agendada...
2026-05-15 10:14:53,477 - INFO - \u2705 Automação: Varredura concluída com sucesso.
2026-05-15 10:14:53,481 - INFO - Job "tarefa_scan_automatico (trigger: interval[0:05:00], next run at: 2026-05-15 10:19:20 -03)" executed successfully
2026-05-15 10:19:20,540 - INFO - Running job "tarefa_scan_automatico (trigger: interval[0:05:00], next run at: 2026-05-15 10:24:20 -03)" (scheduled at 2026-05-15 10:19:20.455530-03:00)
2026-05-15 10:19:20,603 - INFO - \U0001f552 Automação: Iniciando varredura agendada...
2026-05-15 10:19:54,419 - INFO - \u2705 Automação: Varredura concluída com sucesso.
2026-05-15 10:19:54,422 - INFO - Job "tarefa_scan_automatico (trigger: interval[0:05:00], next run at: 2026-05-15 10:24:20 -03)" executed successfully
2026-05-15 10:24:20,604 - INFO - Running job "tarefa_scan_automatico (trigger: interval[0:05:00], next run at: 2026-05-15 10:29:20 -03)" (scheduled at 2026-05-15 10:24:20.455530-03:00)
2026-05-15 10:24:20,650 - INFO - \U0001f552 Automação: Iniciando varredura agendada...
2026-05-15 10:24:54,497 - INFO - \u2705 Automação: Varredura concluída com sucesso.
2026-05-15 10:24:54,501 - INFO - Job "tarefa_scan_automatico (trigger: interval[0:05:00], next run at: 2026-05-15 10:29:20 -03)" executed successfully
2026-05-15 10:29:20,533 - INFO - Running job "tarefa_scan_automatico (trigger: interval[0:05:00], next run at: 2026-05-15 10:34:20 -03)" (scheduled at 2026-05-15 10:29:20.455530-03:00)
2026-05-15 10:29:20,577 - INFO - \U0001f552 Automação: Iniciando varredura agendada...
2026-05-15 10:29:53,290 - INFO - \u2705 Automação: Varredura concluída com sucesso.
2026-05-15 10:29:53,293 - INFO - Job "tarefa_scan_automatico (trigger: interval[0:05:00], next run at: 2026-05-15 10:34:20 -03)" executed successfully
2026-05-15 10:34:20,576 - INFO - Running job "tarefa_scan_automatico (trigger: interval[0:05:00], next run at: 2026-05-15 10:39:20 -03)" (scheduled at 2026-05-15 10:34:20.455530-03:00)
2026-05-15 10:34:20,658 - INFO - \U0001f552 Automação: Iniciando varredura agendada...
2026-05-15 10:34:55,610 - INFO - \u2705 Automação: Varredura concluída com sucesso.
2026-05-15 10:34:55,648 - INFO - Job "tarefa_scan_automatico (trigger: interval[0:05:00], next run at: 2026-05-15 10:39:20 -03)" executed successfully
2026-05-15 10:39:20,710 - INFO - Running job "tarefa_scan_automatico (trigger: interval[0:05:00], next run at: 2026-05-15 10:44:20 -03)" (scheduled at 2026-05-15 10:39:20.455530-03:00)
2026-05-15 10:39:20,847 - INFO - \U0001f552 Automação: Iniciando varredura agendada...
2026-05-15 10:39:58,051 - INFO - \u2705 Automação: Varredura concluída com sucesso.
2026-05-15 10:39:58,055 - INFO - Job "tarefa_scan_automatico (trigger: interval[0:05:00], next run at: 2026-05-15 10:44:20 -03)" executed successfully
2026-05-15 10:44:20,591 - INFO - Running job "tarefa_scan_automatico (trigger: interval[0:05:00], next run at: 2026-05-15 10:49:20 -03)" (scheduled at 2026-05-15 10:44:20.455530-03:00)
2026-05-15 10:44:20,628 - INFO - \U0001f552 Automação: Iniciando varredura agendada...
2026-05-15 10:44:53,999 - INFO - \u2705 Automação: Varredura concluída com sucesso.
2026-05-15 10:44:54,003 - INFO - Job "tarefa_scan_automatico (trigger: interval[0:05:00], next run at: 2026-05-15 10:49:20 -03)" executed successfully
2026-05-15 10:49:20,555 - INFO - Running job "tarefa_scan_automatico (trigger: interval[0:05:00], next run at: 2026-05-15 10:54:20 -03)" (scheduled at 2026-05-15 10:49:20.455530-03:00)
2026-05-15 10:49:20,610 - INFO - \U0001f552 Automação: Iniciando varredura agendada...
2026-05-15 10:49:53,644 - INFO - \u2705 Automação: Varredura concluída com sucesso.
2026-05-15 10:49:53,650 - INFO - Job "tarefa_scan_automatico (trigger: interval[0:05:00], next run at: 2026-05-15 10:54:20 -03)" executed successfully
2026-05-15 10:54:20,560 - INFO - Running job "tarefa_scan_automatico (trigger: interval[0:05:00], next run at: 2026-05-15 10:54:20 -03)" (scheduled at 2026-05-15 10:54:20.455530-03:00)
2026-05-15 10:54:20,617 - INFO - \U0001f552 Automação: Iniciando varredura agendada...
2026-05-15 10:54:53,606 - INFO - \u2705 Automação: Varredura concluída com sucesso.
2026-05-15 10:54:53,612 - INFO - Job "tarefa_scan_automatico (trigger: interval[0:05:00], next run at: 2026-05-15 10:59:20 -03)" executed successfully
2026-05-15 10:59:20,478 - INFO - Running job "tarefa_scan_automatico (trigger: interval[0:05:00], next run at: 2026-05-15 11:04:20 -03)" (scheduled at 2026-05-15 10:59:20.455530-03:00)
2026-05-15 10:59:20,482 - INFO - \U0001f552 Automação: Iniciando varredura agendada...
2026-05-15 10:59:52,657 - INFO - \u2705 Automação: Varredura concluída com sucesso.
2026-05-15 10:59:52,657 - INFO - Job "tarefa_scan_automatico (trigger: interval[0:05:00], next run at: 2026-05-15 11:04:20 -03)" executed successfully
2026-05-15 11:04:20,460 - INFO - Running job "tarefa_scan_automatico (trigger: interval[0:05:00], next run at: 2026-05-15 11:09:20 -03)" (scheduled at 2026-05-15 11:04:20.455530-03:00)
2026-05-15 11:04:20,462 - INFO - \U0001f552 Automação: Iniciando varredura agendada...
2026-05-15 11:04:52,562 - INFO - \u2705 Automação: Varredura concluída com sucesso.
2026-05-15 11:04:52,563 - INFO - Job "tarefa_scan_automatico (trigger: interval[0:05:00], next run at: 2026-05-15 11:09:20 -03)" executed successfully
2026-05-15 11:09:20,491 - INFO - Running job "tarefa_scan_automatico (trigger: interval[0:05:00], next run at: 2026-05-15 11:14:20 -03)" (scheduled at 2026-05-15 11:09:20.455530-03:00)
2026-05-15 11:09:20,504 - INFO - \U0001f552 Automação: Iniciando varredura agendada...
2026-05-15 11:09:52,741 - INFO - \u2705 Automação: Varredura concluída com sucesso.
2026-05-15 11:09:52,743 - INFO - Job "tarefa_scan_automatico (trigger: interval[0:05:00], next run at: 2026-05-15 11:14:20 -03)" executed successfully
2026-05-15 11:14:20,514 - INFO - Running job "tarefa_scan_automatico (trigger: interval[0:05:00], next run at: 2026-05-15 11:14:20 -03)" (scheduled at 2026-05-15 11:14:20.455530-03:00)
2026-05-15 11:14:20,552 - INFO - \U0001f552 Automação: Iniciando varredura agendada...
2026-05-15 11:14:53,213 - INFO - \u2705 Automação: Varredura concluída com sucesso.
2026-05-15 11:14:53,217 - INFO - Job "tarefa_scan_automatico (trigger: interval[0:05:00], next run at: 2026-05-15 11:19:20 -03)" executed successfully
2026-05-15 11:19:20,521 - INFO - Running job "tarefa_scan_automatico (trigger: interval[0:05:00], next run at: 2026-05-15 11:19:20 -03)" (scheduled at 2026-05-15 11:19:20.455530-03:00)
2026-05-15 11:19:20,567 - INFO - \U0001f552 Automação: Iniciando varredura agendada...
2026-05-15 11:19:53,241 - INFO - \u2705 Automação: Varredura concluída com sucesso.
2026-05-15 11:19:53,244 - INFO - Job "tarefa_scan_automatico (trigger: interval[0:05:00], next run at: 2026-05-15 11:24:20 -03)" executed successfully
2026-05-15 11:24:20,470 - INFO - Running job "tarefa_scan_automatico (trigger: interval[0:05:00], next run at: 2026-05-15 11:29:20 -03)" (scheduled at 2026-05-15 11:24:20.455530-03:00)
2026-05-15 11:24:20,474 - INFO - \U0001f552 Automação: Iniciando varredura agendada...
2026-05-15 11:24:52,568 - INFO - \u2705 Automação: Varredura concluída com sucesso.
2026-05-15 11:24:52,569 - INFO - Job "tarefa_scan_automatico (trigger: interval[0:05:00], next run at: 2026-05-15 11:29:20 -03)" executed successfully
2026-05-15 11:29:20,506 - INFO - Running job "tarefa_scan_automatico (trigger: interval[0:05:00], next run at: 2026-05-15 11:29:20 -03)" (scheduled at 2026-05-15 11:29:20.455530-03:00)
2026-05-15 11:29:20,523 - INFO - \U0001f552 Automação: Iniciando varredura agendada...
2026-05-15 11:29:52,689 - INFO - \u2705 Automação: Varredura concluída com sucesso.
2026-05-15 11:29:52,692 - INFO - Job "tarefa_scan_automatico (trigger: interval[0:05:00], next run at: 2026-05-15 11:34:20 -03)" executed successfully
2026-05-15 11:34:20,528 - INFO - Running job "tarefa_scan_automatico (trigger: interval[0:05:00], next run at: 2026-05-15 11:39:20 -03)" (scheduled at 2026-05-15 11:34:20.455530-03:00)
2026-05-15 11:34:20,559 - INFO - \U0001f552 Automação: Iniciando varredura agendada...
2026-05-15 11:34:55,473 - INFO - \u2705 Automação: Varredura concluída com sucesso.
2026-05-15 11:34:55,477 - INFO - Job "tarefa_scan_automatico (trigger: interval[0:05:00], next run at: 2026-05-15 11:39:20 -03)" executed successfully
2026-05-15 11:39:20,550 - INFO - Running job "tarefa_scan_automatico (trigger: interval[0:05:00], next run at: 2026-05-15 11:44:20 -03)" (scheduled at 2026-05-15 11:39:20.455530-03:00)
2026-05-15 11:39:20,579 - INFO - \U0001f552 Automação: Iniciando varredura agendada...
2026-05-15 11:39:53,207 - INFO - \u2705 Automação: Varredura concluída com sucesso.
2026-05-15 11:39:53,211 - INFO - Job "tarefa_scan_automatico (trigger: interval[0:05:00], next run at: 2026-05-15 11:44:20 -03)" executed successfully
2026-05-15 11:44:20,544 - INFO - Running job "tarefa_scan_automatico (trigger: interval[0:05:00], next run at: 2026-05-15 11:49:20 -03)" (scheduled at 2026-05-15 11:44:20.455530-03:00)
2026-05-15 11:44:20,575 - INFO - \U0001f552 Automação: Iniciando varredura agendada...
2026-05-15 11:44:53,567 - INFO - \u2705 Automação: Varredura concluída com sucesso.
2026-05-15 11:44:53,574 - INFO - Job "tarefa_scan_automatico (trigger: interval[0:05:00], next run at: 2026-05-15 11:49:20 -03)" executed successfully
2026-05-15 11:49:20,536 - INFO - Running job "tarefa_scan_automatico (trigger: interval[0:05:00], next run at: 2026-05-15 11:54:20 -03)" (scheduled at 2026-05-15 11:49:20.455530-03:00)
2026-05-15 11:49:20,572 - INFO - \U0001f552 Automação: Iniciando varredura agendada...
2026-05-15 11:49:52,997 - INFO - \u2705 Automação: Varredura concluída com sucesso.
2026-05-15 11:49:53,000 - INFO - Job "tarefa_scan_automatico (trigger: interval[0:05:00], next run at: 2026-05-15 11:54:20 -03)" executed successfully
2026-05-15 11:54:20,531 - INFO - Running job "tarefa_scan_automatico (trigger: interval[0:05:00], next run at: 2026-05-15 11:54:20 -03)" (scheduled at 2026-05-15 11:54:20.455530-03:00)
2026-05-15 11:54:20,576 - INFO - \U0001f552 Automação: Iniciando varredura agendada...
2026-05-15 11:54:53,520 - INFO - \u2705 Automação: Varredura concluída com sucesso.
2026-05-15 11:54:53,523 - INFO - Job "tarefa_scan_automatico (trigger: interval[0:05:00], next run at: 2026-05-15 11:59:20 -03)" executed successfully
2026-05-15 11:59:20,481 - INFO - Running job "tarefa_scan_automatico (trigger: interval[0:05:00], next run at: 2026-05-15 12:04:20 -03)" (scheduled at 2026-05-15 11:59:20.455530-03:00)
2026-05-15 11:59:20,490 - INFO - \U0001f552 Automação: Iniciando varredura agendada...
2026-05-15 11:59:53,138 - INFO - \u2705 Automação: Varredura concluída com sucesso.
2026-05-15 11:59:53,139 - INFO - Job "tarefa_scan_automatico (trigger: interval[0:05:00], next run at: 2026-05-15 12:04:20 -03)" executed successfully
2026-05-15 12:04:20,537 - INFO - Running job "tarefa_scan_automatico (trigger: interval[0:05:00], next run at: 2026-05-15 12:09:20 -03)" (scheduled at 2026-05-15 12:04:20.455530-03:00)
2026-05-15 12:04:20,581 - INFO - \U0001f552 Automação: Iniciando varredura agendada...
2026-05-15 12:04:53,831 - INFO - \u2705 Automação: Varredura concluída com sucesso.
2026-05-15 12:04:53,837 - INFO - Job "tarefa_scan_automatico (trigger: interval[0:05:00], next run at: 2026-05-15 12:09:20 -03)" executed successfully
2026-05-15 12:09:20,533 - INFO - Running job "tarefa_scan_automatico (trigger: interval[0:05:00], next run at: 2026-05-15 12:14:20 -03)" (scheduled at 2026-05-15 12:09:20.455530-03:00)
2026-05-15 12:09:20,567 - INFO - \U0001f552 Automação: Iniciando varredura agendada...
2026-05-15 12:09:53,666 - INFO - \u2705 Automação: Varredura concluída com sucesso.
2026-05-15 12:09:53,671 - INFO - Job "tarefa_scan_automatico (trigger: interval[0:05:00], next run at: 2026-05-15 12:14:20 -03)" executed successfully
2026-05-15 12:14:20,810 - INFO - Running job "tarefa_scan_automatico (trigger: interval[0:05:00], next run at: 2026-05-15 12:19:20 -03)" (scheduled at 2026-05-15 12:14:20.455530-03:00)
2026-05-15 12:14:21,006 - INFO - \U0001f552 Automação: Iniciando varredura agendada...
2026-05-15 12:14:55,568 - INFO - \u2705 Automação: Varredura concluída com sucesso.
2026-05-15 12:14:55,592 - INFO - Job "tarefa_scan_automatico (trigger: interval[0:05:00], next run at: 2026-05-15 12:19:20 -03)" executed successfully
2026-05-15 12:19:20,565 - INFO - Running job "tarefa_scan_automatico (trigger: interval[0:05:00], next run at: 2026-05-15 12:24:20 -03)" (scheduled at 2026-05-15 12:19:20.455530-03:00)
2026-05-15 12:19:20,614 - INFO - \U0001f552 Automação: Iniciando varredura agendada...
2026-05-15 12:19:55,705 - INFO - \u2705 Automação: Varredura concluída com sucesso.
2026-05-15 12:19:55,712 - INFO - Job "tarefa_scan_automatico (trigger: interval[0:05:00], next run at: 2026-05-15 12:24:20 -03)" executed successfully
2026-05-15 12:24:20,605 - INFO - Running job "tarefa_scan_automatico (trigger: interval[0:05:00], next run at: 2026-05-15 12:29:20 -03)" (scheduled at 2026-05-15 12:24:20.455530-03:00)
2026-05-15 12:24:20,668 - INFO - \U0001f552 Automação: Iniciando varredura agendada...
2026-05-15 12:24:56,055 - INFO - \u2705 Automação: Varredura concluída com sucesso.
2026-05-15 12:24:56,071 - INFO - Job "tarefa_scan_automatico (trigger: interval[0:05:00], next run at: 2026-05-15 12:29:20 -03)" executed successfully
2026-05-15 12:29:20,533 - INFO - Running job "tarefa_scan_automatico (trigger: interval[0:05:00], next run at: 2026-05-15 12:34:20 -03)" (scheduled at 2026-05-15 12:29:20.455530-03:00)
2026-05-15 12:29:20,567 - INFO - \U0001f552 Automação: Iniciando varredura agendada...
2026-05-15 12:29:53,439 - INFO - \u2705 Automação: Varredura concluída com sucesso.
2026-05-15 12:29:53,444 - INFO - Job "tarefa_scan_automatico (trigger: interval[0:05:00], next run at: 2026-05-15 12:34:20 -03)" executed successfully
2026-05-15 12:34:20,535 - INFO - Running job "tarefa_scan_automatico (trigger: interval[0:05:00], next run at: 2026-05-15 12:39:20 -03)" (scheduled at 2026-05-15 12:34:20.455530-03:00)
2026-05-15 12:34:20,574 - INFO - \U0001f552 Automação: Iniciando varredura agendada...
2026-05-15 12:34:54,217 - INFO - \u2705 Automação: Varredura concluída com sucesso.
2026-05-15 12:34:54,221 - INFO - Job "tarefa_scan_automatico (trigger: interval[0:05:00], next run at: 2026-05-15 12:39:20 -03)" executed successfully
2026-05-15 12:39:20,525 - INFO - Running job "tarefa_scan_automatico (trigger: interval[0:05:00], next run at: 2026-05-15 12:44:20 -03)" (scheduled at 2026-05-15 12:39:20.455530-03:00)
2026-05-15 12:39:20,565 - INFO - \U0001f552 Automação: Iniciando varredura agendada...
2026-05-15 12:39:53,065 - INFO - \u2705 Automação: Varredura concluída com sucesso.
2026-05-15 12:39:53,068 - INFO - Job "tarefa_scan_automatico (trigger: interval[0:05:00], next run at: 2026-05-15 12:44:20 -03)" executed successfully
2026-05-15 12:44:20,526 - INFO - Running job "tarefa_scan_automatico (trigger: interval[0:05:00], next run at: 2026-05-15 12:49:20 -03)" (scheduled at 2026-05-15 12:44:20.455530-03:00)
2026-05-15 12:44:20,561 - INFO - \U0001f552 Automação: Iniciando varredura agendada...
2026-05-15 12:44:55,519 - INFO - \u2705 Automação: Varredura concluída com sucesso.
2026-05-15 12:44:55,522 - INFO - Job "tarefa_scan_automatico (trigger: interval[0:05:00], next run at: 2026-05-15 12:49:20 -03)" executed successfully
2026-05-15 12:49:20,558 - INFO - Running job "tarefa_scan_automatico (trigger: interval[0:05:00], next run at: 2026-05-15 12:54:20 -03)" (scheduled at 2026-05-15 12:49:20.455530-03:00)
2026-05-15 12:49:20,613 - INFO - \U0001f552 Automação: Iniciando varredura agendada...
2026-05-15 12:49:53,713 - INFO - \u2705 Automação: Varredura concluída com sucesso.
2026-05-15 12:49:53,721 - INFO - Job "tarefa_scan_automatico (trigger: interval[0:05:00], next run at: 2026-05-15 12:54:20 -03)" executed successfully
2026-05-15 12:54:20,516 - INFO - Running job "tarefa_scan_automatico (trigger: interval[0:05:00], next run at: 2026-05-15 12:59:20 -03)" (scheduled at 2026-05-15 12:54:20.455530-03:00)
2026-05-15 12:54:20,558 - INFO - \U0001f552 Automação: Iniciando varredura agendada...
2026-05-15 12:54:54,169 - INFO - \u2705 Automação: Varredura concluída com sucesso.
2026-05-15 12:54:54,174 - INFO - Job "tarefa_scan_automatico (trigger: interval[0:05:00], next run at: 2026-05-15 12:59:20 -03)" executed successfully
2026-05-15 12:59:20,531 - INFO - Running job "tarefa_scan_automatico (trigger: interval[0:05:00], next run at: 2026-05-15 13:04:20 -03)" (scheduled at 2026-05-15 12:59:20.455530-03:00)
2026-05-15 12:59:20,576 - INFO - \U0001f552 Automação: Iniciando varredura agendada...
2026-05-15 12:59:53,832 - INFO - \u2705 Automação: Varredura concluída com sucesso.
2026-05-15 12:59:53,838 - INFO - Job "tarefa_scan_automatico (trigger: interval[0:05:00], next run at: 2026-05-15 13:04:20 -03)" executed successfully
2026-05-15 13:04:20,613 - INFO - Running job "tarefa_scan_automatico (trigger: interval[0:05:00], next run at: 2026-05-15 13:09:20 -03)" (scheduled at 2026-05-15 13:04:20.455530-03:00)
2026-05-15 13:04:20,700 - INFO - \U0001f552 Automação: Iniciando varredura agendada...
2026-05-15 13:04:58,556 - INFO - \u2705 Automação: Varredura concluída com sucesso.
2026-05-15 13:04:58,591 - INFO - Job "tarefa_scan_automatico (trigger: interval[0:05:00], next run at: 2026-05-15 13:09:20 -03)" executed successfully
2026-05-15 13:09:20,543 - INFO - Running job "tarefa_scan_automatico (trigger: interval[0:05:00], next run at: 2026-05-15 13:14:20 -03)" (scheduled at 2026-05-15 13:09:20.455530-03:00)
2026-05-15 13:09:20,595 - INFO - \U0001f552 Automação: Iniciando varredura agendada...
2026-05-15 13:09:57,678 - INFO - \u2705 Automação: Varredura concluída com sucesso.
2026-05-15 13:09:57,696 - INFO - Job "tarefa_scan_automatico (trigger: interval[0:05:00], next run at: 2026-05-15 13:14:20 -03)" executed successfully
2026-05-15 13:14:20,524 - INFO - Running job "tarefa_scan_automatico (trigger: interval[0:05:00], next run at: 2026-05-15 13:19:20 -03)" (scheduled at 2026-05-15 13:14:20.455530-03:00)
2026-05-15 13:14:20,572 - INFO - \U0001f552 Automação: Iniciando varredura agendada...
2026-05-15 13:14:53,130 - INFO - \u2705 Automação: Varredura concluída com sucesso.
2026-05-15 13:14:53,149 - INFO - Job "tarefa_scan_automatico (trigger: interval[0:05:00], next run at: 2026-05-15 13:19:20 -03)" executed successfully
2026-05-15 13:19:20,540 - INFO - Running job "tarefa_scan_automatico (trigger: interval[0:05:00], next run at: 2026-05-15 13:24:20 -03)" (scheduled at 2026-05-15 13:19:20.455530-03:00)
2026-05-15 13:19:20,570 - INFO - \U0001f552 Automação: Iniciando varredura agendada...
2026-05-15 13:19:53,154 - INFO - \u2705 Automação: Varredura concluída com sucesso.
2026-05-15 13:19:53,158 - INFO - Job "tarefa_scan_automatico (trigger: interval[0:05:00], next run at: 2026-05-15 13:24:20 -03)" executed successfully
2026-05-15 13:24:20,463 - INFO - Running job "tarefa_scan_automatico (trigger: interval[0:05:00], next run at: 2026-05-15 13:29:20 -03)" (scheduled at 2026-05-15 13:24:20.455530-03:00)
2026-05-15 13:24:20,467 - INFO - \U0001f552 Automação: Iniciando varredura agendada...
2026-05-15 13:24:52,506 - INFO - \u2705 Automação: Varredura concluída com sucesso.
2026-05-15 13:24:52,506 - INFO - Job "tarefa_scan_automatico (trigger: interval[0:05:00], next run at: 2026-05-15 13:29:20 -03)" executed successfully
2026-05-15 13:29:20,506 - INFO - Running job "tarefa_scan_automatico (trigger: interval[0:05:00], next run at: 2026-05-15 13:34:20 -03)" (scheduled at 2026-05-15 13:29:20.455530-03:00)
2026-05-15 13:29:20,538 - INFO - \U0001f552 Automação: Iniciando varredura agendada...
2026-05-15 13:29:52,921 - INFO - \u2705 Automação: Varredura concluída com sucesso.
2026-05-15 13:29:52,924 - INFO - Job "tarefa_scan_automatico (trigger: interval[0:05:00], next run at: 2026-05-15 13:34:20 -03)" executed successfully
2026-05-15 13:34:20,511 - INFO - Running job "tarefa_scan_automatico (trigger: interval[0:05:00], next run at: 2026-05-15 13:39:20 -03)" (scheduled at 2026-05-15 13:34:20.455530-03:00)
2026-05-15 13:34:20,529 - INFO - \U0001f552 Automação: Iniciando varredura agendada...
2026-05-15 13:34:54,361 - INFO - \u2705 Automação: Varredura concluída com sucesso.
2026-05-15 13:34:54,368 - INFO - Job "tarefa_scan_automatico (trigger: interval[0:05:00], next run at: 2026-05-15 13:39:20 -03)" executed successfully
2026-05-15 13:39:20,511 - INFO - Running job "tarefa_scan_automatico (trigger: interval[0:05:00], next run at: 2026-05-15 13:44:20 -03)" (scheduled at 2026-05-15 13:39:20.455530-03:00)
2026-05-15 13:39:20,531 - INFO - \U0001f552 Automação: Iniciando varredura agendada...
2026-05-15 13:39:53,029 - INFO - \u2705 Automação: Varredura concluída com sucesso.
2026-05-15 13:39:53,031 - INFO - Job "tarefa_scan_automatico (trigger: interval[0:05:00], next run at: 2026-05-15 13:44:20 -03)" executed successfully
2026-05-15 13:44:20,508 - INFO - Running job "tarefa_scan_automatico (trigger: interval[0:05:00], next run at: 2026-05-15 13:49:20 -03)" (scheduled at 2026-05-15 13:44:20.455530-03:00)
2026-05-15 13:44:20,527 - INFO - \U0001f552 Automação: Iniciando varredura agendada...
2026-05-15 13:44:53,027 - INFO - \u2705 Automação: Varredura concluída com sucesso.
2026-05-15 13:44:53,029 - INFO - Job "tarefa_scan_automatico (trigger: interval[0:05:00], next run at: 2026-05-15 13:49:20 -03)" executed successfully
2026-05-15 13:49:20,525 - INFO - Running job "tarefa_scan_automatico (trigger: interval[0:05:00], next run at: 2026-05-15 13:54:20 -03)" (scheduled at 2026-05-15 13:49:20.455530-03:00)
2026-05-15 13:49:20,558 - INFO - \U0001f552 Automação: Iniciando varredura agendada...
2026-05-15 13:49:53,047 - INFO - \u2705 Automação: Varredura concluída com sucesso.
2026-05-15 13:49:53,053 - INFO - Job "tarefa_scan_automatico (trigger: interval[0:05:00], next run at: 2026-05-15 13:54:20 -03)" executed successfully
2026-05-15 13:54:20,506 - INFO - Running job "tarefa_scan_automatico (trigger: interval[0:05:00], next run at: 2026-05-15 13:59:20 -03)" (scheduled at 2026-05-15 13:54:20.455530-03:00)
2026-05-15 13:54:20,523 - INFO - \U0001f552 Automação: Iniciando varredura agendada...
2026-05-15 13:54:52,810 - INFO - \u2705 Automação: Varredura concluída com sucesso.
2026-05-15 13:54:52,813 - INFO - Job "tarefa_scan_automatico (trigger: interval[0:05:00], next run at: 2026-05-15 13:59:20 -03)" executed successfully
2026-05-15 13:59:20,521 - INFO - Running job "tarefa_scan_automatico (trigger: interval[0:05:00], next run at: 2026-05-15 14:04:20 -03)" (scheduled at 2026-05-15 13:59:20.455530-03:00)
2026-05-15 13:59:20,557 - INFO - \U0001f552 Automação: Iniciando varredura agendada...
2026-05-15 13:59:52,845 - INFO - \u2705 Automação: Varredura concluída com sucesso.
2026-05-15 13:59:52,848 - INFO - Job "tarefa_scan_automatico (trigger: interval[0:05:00], next run at: 2026-05-15 14:04:20 -03)" executed successfully
2026-05-15 14:04:20,522 - INFO - Running job "tarefa_scan_automatico (trigger: interval[0:05:00], next run at: 2026-05-15 14:09:20 -03)" (scheduled at 2026-05-15 14:04:20.455530-03:00)
2026-05-15 14:04:20,550 - INFO - \U0001f552 Automação: Iniciando varredura agendada...
2026-05-15 14:04:52,960 - INFO - \u2705 Automação: Varredura concluída com sucesso.
2026-05-15 14:04:52,965 - INFO - Job "tarefa_scan_automatico (trigger: interval[0:05:00], next run at: 2026-05-15 14:09:20 -03)" executed successfully
2026-05-15 14:09:20,504 - INFO - Running job "tarefa_scan_automatico (trigger: interval[0:05:00], next run at: 2026-05-15 14:14:20 -03)" (scheduled at 2026-05-15 14:09:20.455530-03:00)
2026-05-15 14:09:20,523 - INFO - \U0001f552 Automação: Iniciando varredura agendada...
2026-05-15 14:09:52,890 - INFO - \u2705 Automação: Varredura concluída com sucesso.
2026-05-15 14:09:52,893 - INFO - Job "tarefa_scan_automatico (trigger: interval[0:05:00], next run at: 2026-05-15 14:14:20 -03)" executed successfully
2026-05-15 14:14:20,513 - INFO - Running job "tarefa_scan_automatico (trigger: interval[0:05:00], next run at: 2026-05-15 14:19:20 -03)" (scheduled at 2026-05-15 14:14:20.455530-03:00)
2026-05-15 14:14:20,540 - INFO - \U0001f552 Automação: Iniciando varredura agendada...
2026-05-15 14:14:52,869 - INFO - \u2705 Automação: Varredura concluída com sucesso.
2026-05-15 14:14:52,873 - INFO - Job "tarefa_scan_automatico (trigger: interval[0:05:00], next run at: 2026-05-15 14:19:20 -03)" executed successfully
2026-05-15 14:19:20,535 - INFO - Running job "tarefa_scan_automatico (trigger: interval[0:05:00], next run at: 2026-05-15 14:24:20 -03)" (scheduled at 2026-05-15 14:19:20.455530-03:00)
2026-05-15 14:19:20,568 - INFO - \U0001f552 Automação: Iniciando varredura agendada...
2026-05-15 14:19:53,270 - INFO - \u2705 Automação: Varredura concluída com sucesso.
2026-05-15 14:19:53,274 - INFO - Job "tarefa_scan_automatico (trigger: interval[0:05:00], next run at: 2026-05-15 14:24:20 -03)" executed successfully
2026-05-15 14:24:20,484 - INFO - Running job "tarefa_scan_automatico (trigger: interval[0:05:00], next run at: 2026-05-15 14:29:20 -03)" (scheduled at 2026-05-15 14:24:20.455530-03:00)
2026-05-15 14:24:20,501 - INFO - \U0001f552 Automação: Iniciando varredura agendada...
2026-05-15 14:24:53,080 - INFO - \u2705 Automação: Varredura concluída com sucesso.
2026-05-15 14:24:53,087 - INFO - Job "tarefa_scan_automatico (trigger: interval[0:05:00], next run at: 2026-05-15 14:29:20 -03)" executed successfully
2026-05-15 14:29:20,552 - INFO - Running job "tarefa_scan_automatico (trigger: interval[0:05:00], next run at: 2026-05-15 14:34:20 -03)" (scheduled at 2026-05-15 14:29:20.455530-03:00)
2026-05-15 14:29:20,658 - INFO - \U0001f552 Automação: Iniciando varredura agendada...
2026-05-15 14:29:58,295 - INFO - \u2705 Automação: Varredura concluída com sucesso.
2026-05-15 14:29:58,372 - INFO - Job "tarefa_scan_automatico (trigger: interval[0:05:00], next run at: 2026-05-15 14:34:20 -03)" executed successfully
2026-05-15 14:34:20,651 - INFO - Running job "tarefa_scan_automatico (trigger: interval[0:05:00], next run at: 2026-05-15 14:39:20 -03)" (scheduled at 2026-05-15 14:34:20.455530-03:00)
2026-05-15 14:34:20,769 - INFO - \U0001f552 Automação: Iniciando varredura agendada...
2026-05-15 14:34:55,437 - INFO - \u2705 Automação: Varredura concluída com sucesso.
2026-05-15 14:34:55,442 - INFO - Job "tarefa_scan_automatico (trigger: interval[0:05:00], next run at: 2026-05-15 14:39:20 -03)" executed successfully
2026-05-15 14:39:20,564 - INFO - Running job "tarefa_scan_automatico (trigger: interval[0:05:00], next run at: 2026-05-15 14:44:20 -03)" (scheduled at 2026-05-15 14:39:20.455530-03:00)
2026-05-15 14:39:20,613 - INFO - \U0001f552 Automação: Iniciando varredura agendada...
2026-05-15 14:39:56,440 - INFO - \u2705 Automação: Varredura concluída com sucesso.
2026-05-15 14:39:56,518 - INFO - Job "tarefa_scan_automatico (trigger: interval[0:05:00], next run at: 2026-05-15 14:44:20 -03)" executed successfully
2026-05-15 14:44:20,563 - INFO - Running job "tarefa_scan_automatico (trigger: interval[0:05:00], next run at: 2026-05-15 14:49:20 -03)" (scheduled at 2026-05-15 14:44:20.455530-03:00)
2026-05-15 14:44:20,631 - INFO - \U0001f552 Automação: Iniciando varredura agendada...
2026-05-15 14:44:57,732 - INFO - \u2705 Automação: Varredura concluída com sucesso.
2026-05-15 14:44:57,843 - INFO - Job "tarefa_scan_automatico (trigger: interval[0:05:00], next run at: 2026-05-15 14:49:20 -03)" executed successfully
2026-05-15 14:49:20,771 - INFO - Running job "tarefa_scan_automatico (trigger: interval[0:05:00], next run at: 2026-05-15 14:54:20 -03)" (scheduled at 2026-05-15 14:49:20.455530-03:00)
2026-05-15 14:49:20,846 - INFO - \U0001f552 Automação: Iniciando varredura agendada...
2026-05-15 14:50:00,265 - INFO - \u2705 Automação: Varredura concluída com sucesso.
2026-05-15 14:50:00,336 - INFO - Job "tarefa_scan_automatico (trigger: interval[0:05:00], next run at: 2026-05-15 14:54:20 -03)" executed successfully
2026-05-15 14:54:21,027 - INFO - Running job "tarefa_scan_automatico (trigger: interval[0:05:00], next run at: 2026-05-15 14:59:20 -03)" (scheduled at 2026-05-15 14:54:20.455530-03:00)
2026-05-15 14:54:21,235 - INFO - \U0001f552 Automação: Iniciando varredura agendada...
2026-05-15 14:54:56,207 - INFO - \u2705 Automação: Varredura concluída com sucesso.
2026-05-15 14:54:56,252 - INFO - Job "tarefa_scan_automatico (trigger: interval[0:05:00], next run at: 2026-05-15 14:59:20 -03)" executed successfully
2026-05-15 14:57:41,566 - INFO - Scheduler has been shut down
2026-05-15 14:57:41,605 - INFO - \U0001f6d1 Servidor e Agendador desligados.
2026-05-18 11:37:09,777 - INFO - Adding job tentatively -- it will be properly scheduled when the scheduler starts
2026-05-18 11:37:09,778 - INFO - Added job "tarefa_scan_automatico" to job store "default"
2026-05-18 11:37:09,778 - INFO - Scheduler started
2026-05-18 11:37:09,779 - INFO - \U0001f680 Servidor e Agendador (5min) iniciados.
2026-05-18 11:42:09,852 - INFO - Running job "tarefa_scan_automatico (trigger: interval[0:05:00], next run at: 2026-05-18 11:42:09 -03)" (scheduled at 2026-05-18 11:42:09.776758-03:00)
2026-05-18 11:42:09,878 - INFO - \U0001f552 Automação: Iniciando varredura agendada...
2026-05-18 11:42:46,109 - INFO - \u2705 Automação: Varredura concluída com sucesso.
2026-05-18 11:42:46,112 - INFO - Job "tarefa_scan_automatico (trigger: interval[0:05:00], next run at: 2026-05-18 11:47:09 -03)" executed successfully
2026-05-18 11:47:09,847 - INFO - Running job "tarefa_scan_automatico (trigger: interval[0:05:00], next run at: 2026-05-18 11:52:09 -03)" (scheduled at 2026-05-18 11:47:09.776758-03:00)
2026-05-18 11:47:09,860 - INFO - \U0001f552 Automação: Iniciando varredura agendada...
2026-05-18 11:47:41,865 - INFO - \u2705 Automação: Varredura concluída com sucesso.
2026-05-18 11:47:41,867 - INFO - Job "tarefa_scan_automatico (trigger: interval[0:05:00], next run at: 2026-05-18 11:52:09 -03)" executed successfully
2026-05-18 11:52:09,802 - INFO - Running job "tarefa_scan_automatico (trigger: interval[0:05:00], next run at: 2026-05-18 11:57:09 -03)" (scheduled at 2026-05-18 11:52:09.776758-03:00)
2026-05-18 11:52:09,818 - INFO - \U0001f552 Automação: Iniciando varredura agendada...
2026-05-18 11:52:10,824 - INFO - \u2705 Automação: Varredura concluída com sucesso.
2026-05-18 11:52:10,826 - INFO - Job "tarefa_scan_automatico (trigger: interval[0:05:00], next run at: 2026-05-18 11:57:09 -03)" executed successfully
2026-05-18 11:57:09,954 - INFO - Running job "tarefa_scan_automatico (trigger: interval[0:05:00], next run at: 2026-05-18 12:02:09 -03)" (scheduled at 2026-05-18 11:57:09.776758-03:00)
2026-05-18 11:57:10,015 - INFO - \U0001f552 Automação: Iniciando varredura agendada...
2026-05-18 11:57:44,341 - INFO - \u2705 Automação: Varredura concluída com sucesso.
2026-05-18 11:57:44,343 - INFO - Job "tarefa_scan_automatico (trigger: interval[0:05:00], next run at: 2026-05-18 12:02:09 -03)" executed successfully
2026-05-18 12:02:09,841 - INFO - Running job "tarefa_scan_automatico (trigger: interval[0:05:00], next run at: 2026-05-18 12:07:09 -03)" (scheduled at 2026-05-18 12:02:09.776758-03:00)
2026-05-18 12:02:09,857 - INFO - \U0001f552 Automação: Iniciando varredura agendada...
2026-05-18 12:02:42,091 - INFO - \u2705 Automação: Varredura concluída com sucesso.
2026-05-18 12:02:42,092 - INFO - Job "tarefa_scan_automatico (trigger: interval[0:05:00], next run at: 2026-05-18 12:07:09 -03)" executed successfully
2026-05-19 11:00:50,093 - INFO - Adding job tentatively -- it will be properly scheduled when the scheduler starts
2026-05-19 11:00:50,096 - INFO - Added job "tarefa_scan_automatico" to job store "default"
2026-05-19 11:00:50,096 - INFO - Scheduler started
2026-05-19 11:00:50,100 - INFO - \U0001f680 Servidor e Agendador (5min) iniciados.
2026-05-19 11:05:50,109 - INFO - Running job "tarefa_scan_automatico (trigger: interval[0:05:00], next run at: 2026-05-19 11:05:50 -03)" (scheduled at 2026-05-19 11:05:50.092199-03:00)
2026-05-19 11:05:50,116 - INFO - \U0001f552 Automação: Iniciando varredura agendada...
2026-05-19 11:06:25,531 - INFO - \u2705 Automação: Varredura concluída com sucesso.
2026-05-19 11:06:25,532 - INFO - Job "tarefa_scan_automatico (trigger: interval[0:05:00], next run at: 2026-05-19 11:10:50 -03)" executed successfully
2026-05-27 14:49:19,582 - INFO - Adding job tentatively -- it will be properly scheduled when the scheduler starts
2026-05-27 14:49:19,583 - INFO - Added job "tarefa_scan_automatico" to job store "default"
2026-05-27 14:49:19,584 - INFO - Scheduler started
2026-05-27 14:49:19,586 - INFO - \U0001f680 Servidor e Agendador (5min) iniciados.
2026-05-27 14:54:19,718 - INFO - Running job "tarefa_scan_automatico (trigger: interval[0:05:00], next run at: 2026-05-27 14:59:19 -03)" (scheduled at 2026-05-27 14:54:19.582461-03:00)
2026-05-27 14:54:19,771 - INFO - \U0001f552 Automação: Iniciando varredura agendada...
2026-05-27 14:54:56,906 - INFO - \u2705 Automação: Varredura concluída com sucesso.
2026-05-27 14:54:56,907 - INFO - Job "tarefa_scan_automatico (trigger: interval[0:05:00], next run at: 2026-05-27 14:59:19 -03)" executed successfully
2026-05-27 14:59:19,613 - INFO - Running job "tarefa_scan_automatico (trigger: interval[0:05:00], next run at: 2026-05-27 15:04:19 -03)" (scheduled at 2026-05-27 14:59:19.582461-03:00)
2026-05-27 14:59:19,615 - INFO - \U0001f552 Automação: Iniciando varredura agendada...
2026-05-27 14:59:50,717 - INFO - \u2705 Automação: Varredura concluída com sucesso.
2026-05-27 14:59:50,718 - INFO - Job "tarefa_scan_automatico (trigger: interval[0:05:00], next run at: 2026-05-27 15:04:19 -03)" executed successfully
2026-05-27 15:04:19,631 - INFO - Running job "tarefa_scan_automatico (trigger: interval[0:05:00], next run at: 2026-05-27 15:09:19 -03)" (scheduled at 2026-05-27 15:04:19.582461-03:00)
2026-05-27 15:04:19,647 - INFO - \U0001f552 Automação: Iniciando varredura agendada...
2026-05-27 15:04:50,584 - INFO - \u2705 Automação: Varredura concluída com sucesso.
2026-05-27 15:04:50,588 - INFO - Job "tarefa_scan_automatico (trigger: interval[0:05:00], next run at: 2026-05-27 15:09:19 -03)" executed successfully
2026-05-27 15:09:19,647 - INFO - Running job "tarefa_scan_automatico (trigger: interval[0:05:00], next run at: 2026-05-27 15:14:19 -03)" (scheduled at 2026-05-27 15:09:19.582461-03:00)
2026-05-27 15:09:19,675 - INFO - \U0001f552 Automação: Iniciando varredura agendada...
2026-05-27 15:09:24,623 - INFO - \U0001f4be Salvo: 60:C7:27:2C:0F:04 como 'GC-CWB-63'
2026-05-27 15:09:51,284 - INFO - \u2705 Automação: Varredura concluída com sucesso.
2026-05-27 15:09:51,288 - INFO - Job "tarefa_scan_automatico (trigger: interval[0:05:00], next run at: 2026-05-27 15:14:19 -03)" executed successfully
2026-05-27 15:10:01,811 - INFO - \U0001f4be Salvo: 60:C7:27:2C:88:42 como 'GC-CWB-64'
2026-05-27 15:14:19,635 - INFO - Running job "tarefa_scan_automatico (trigger: interval[0:05:00], next run at: 2026-05-27 15:19:19 -03)" (scheduled at 2026-05-27 15:14:19.582461-03:00)
2026-05-27 15:14:19,661 - INFO - \U0001f552 Automação: Iniciando varredura agendada...
2026-05-27 15:14:51,042 - INFO - \u2705 Automação: Varredura concluída com sucesso.
2026-05-27 15:14:51,043 - INFO - Job "tarefa_scan_automatico (trigger: interval[0:05:00], next run at: 2026-05-27 15:19:19 -03)" executed successfully
2026-05-27 15:19:19,673 - INFO - Running job "tarefa_scan_automatico (trigger: interval[0:05:00], next run at: 2026-05-27 15:24:19 -03)" (scheduled at 2026-05-27 15:19:19.582461-03:00)
2026-05-27 15:19:19,704 - INFO - \U0001f552 Automação: Iniciando varredura agendada...
2026-05-27 16:28:18,397 - INFO - Adding job tentatively -- it will be properly scheduled when the scheduler starts
2026-05-27 16:28:18,398 - INFO - Added job "tarefa_scan_automatico" to job store "default"
2026-05-27 16:28:18,398 - INFO - Scheduler started
2026-05-27 16:28:18,400 - INFO - \U0001f680 Servidor e Agendador (5min) iniciados.
2026-05-27 16:30:15,705 - INFO - \U0001f4be Salvo: 60:C7:27:2C:0E:F8 como 'GC-CWB-66'
2026-05-27 16:30:36,547 - INFO - \U0001f4be Salvo: 60:C7:27:30:DF:11 como 'GC-CWB-67'
2026-05-27 16:30:48,458 - INFO - \U0001f4be Salvo: 60:C7:27:2C:4A:62 como 'GC-CWB-68'
2026-05-27 16:33:18,506 - INFO - Running job "tarefa_scan_automatico (trigger: interval[0:05:00], next run at: 2026-05-27 16:33:18 -03)" (scheduled at 2026-05-27 16:33:18.396886-03:00)
2026-05-27 16:33:18,532 - INFO - \U0001f552 Automação: Iniciando varredura agendada...
2026-05-27 16:33:50,049 - INFO - \u2705 Automação: Varredura concluída com sucesso.
2026-05-27 16:33:50,052 - INFO - Job "tarefa_scan_automatico (trigger: interval[0:05:00], next run at: 2026-05-27 16:38:18 -03)" executed successfully
2026-05-27 16:38:18,458 - INFO - Running job "tarefa_scan_automatico (trigger: interval[0:05:00], next run at: 2026-05-27 16:43:18 -03)" (scheduled at 2026-05-27 16:38:18.396886-03:00)
2026-05-27 16:38:18,475 - INFO - \U0001f552 Automação: Iniciando varredura agendada...
2026-05-27 16:38:49,819 - INFO - \u2705 Automação: Varredura concluída com sucesso.
2026-05-27 16:38:49,822 - INFO - Job "tarefa_scan_automatico (trigger: interval[0:05:00], next run at: 2026-05-27 16:43:18 -03)" executed successfully
2026-05-27 16:43:18,467 - INFO - Running job "tarefa_scan_automatico (trigger: interval[0:05:00], next run at: 2026-05-27 16:48:18 -03)" (scheduled at 2026-05-27 16:43:18.396886-03:00)
2026-05-27 16:43:18,483 - INFO - \U0001f552 Automação: Iniciando varredura agendada...
2026-05-27 16:43:49,699 - INFO - \u2705 Automação: Varredura concluída com sucesso.
2026-05-27 16:43:49,701 - INFO - Job "tarefa_scan_automatico (trigger: interval[0:05:00], next run at: 2026-05-27 16:48:18 -03)" executed successfully
2026-05-27 16:48:18,410 - INFO - Running job "tarefa_scan_automatico (trigger: interval[0:05:00], next run at: 2026-05-27 16:53:18 -03)" (scheduled at 2026-05-27 16:48:18.396886-03:00)
2026-05-27 16:48:18,412 - INFO - \U0001f552 Automação: Iniciando varredura agendada...
2026-05-27 16:48:49,636 - INFO - \u2705 Automação: Varredura concluída com sucesso.
2026-05-27 16:48:49,638 - INFO - Job "tarefa_scan_automatico (trigger: interval[0:05:00], next run at: 2026-05-27 16:53:18 -03)" executed successfully
2026-05-27 16:53:18,441 - INFO - Running job "tarefa_scan_automatico (trigger: interval[0:05:00], next run at: 2026-05-27 16:58:18 -03)" (scheduled at 2026-05-27 16:53:18.396886-03:00)
2026-05-27 16:53:18,461 - INFO - \U0001f552 Automação: Iniciando varredura agendada...
2026-05-27 16:53:49,962 - INFO - \u2705 Automação: Varredura concluída com sucesso.
2026-05-27 16:53:49,964 - INFO - Job "tarefa_scan_automatico (trigger: interval[0:05:00], next run at: 2026-05-27 16:58:18 -03)" executed successfully
2026-05-27 16:58:18,466 - INFO - Running job "tarefa_scan_automatico (trigger: interval[0:05:00], next run at: 2026-05-27 17:03:18 -03)" (scheduled at 2026-05-27 16:58:18.396886-03:00)
2026-05-27 16:58:18,489 - INFO - \U0001f552 Automação: Iniciando varredura agendada...
2026-05-27 16:58:53,947 - INFO - \u2705 Automação: Varredura concluída com sucesso.
2026-05-27 16:58:53,950 - INFO - Job "tarefa_scan_automatico (trigger: interval[0:05:00], next run at: 2026-05-27 17:03:18 -03)" executed successfully
2026-05-27 17:03:18,437 - INFO - Running job "tarefa_scan_automatico (trigger: interval[0:05:00], next run at: 2026-05-27 17:08:18 -03)" (scheduled at 2026-05-27 17:03:18.396886-03:00)
2026-05-27 17:03:18,460 - INFO - \U0001f552 Automação: Iniciando varredura agendada...
2026-05-27 17:03:50,211 - INFO - \u2705 Automação: Varredura concluída com sucesso.
2026-05-27 17:03:50,214 - INFO - Job "tarefa_scan_automatico (trigger: interval[0:05:00], next run at: 2026-05-27 17:08:18 -03)" executed successfully
2026-05-27 17:08:18,477 - INFO - Running job "tarefa_scan_automatico (trigger: interval[0:05:00], next run at: 2026-05-27 17:13:18 -03)" (scheduled at 2026-05-27 17:08:18.396886-03:00)
2026-05-27 17:08:18,515 - INFO - \U0001f552 Automação: Iniciando varredura agendada...
2026-05-27 17:08:50,082 - INFO - \u2705 Automação: Varredura concluída com sucesso.
2026-05-27 17:08:50,083 - INFO - Job "tarefa_scan_automatico (trigger: interval[0:05:00], next run at: 2026-05-27 17:13:18 -03)" executed successfully
2026-05-27 17:13:18,408 - INFO - Running job "tarefa_scan_automatico (trigger: interval[0:05:00], next run at: 2026-05-27 17:18:18 -03)" (scheduled at 2026-05-27 17:13:18.396886-03:00)
2026-05-27 17:13:18,411 - INFO - \U0001f552 Automação: Iniciando varredura agendada...
2026-05-27 17:13:52,570 - INFO - \u2705 Automação: Varredura concluída com sucesso.
2026-05-27 17:13:52,570 - INFO - Job "tarefa_scan_automatico (trigger: interval[0:05:00], next run at: 2026-05-27 17:18:18 -03)" executed successfully
2026-05-27 17:18:18,415 - INFO - Running job "tarefa_scan_automatico (trigger: interval[0:05:00], next run at: 2026-05-27 17:23:18 -03)" (scheduled at 2026-05-27 17:18:18.396886-03:00)
2026-05-27 17:18:18,420 - INFO - \U0001f552 Automação: Iniciando varredura agendada...
2026-05-27 17:18:50,168 - INFO - \u2705 Automação: Varredura concluída com sucesso.
2026-05-27 17:18:50,169 - INFO - Job "tarefa_scan_automatico (trigger: interval[0:05:00], next run at: 2026-05-27 17:23:18 -03)" executed successfully
2026-05-27 17:23:18,461 - INFO - Running job "tarefa_scan_automatico (trigger: interval[0:05:00], next run at: 2026-05-27 17:28:18 -03)" (scheduled at 2026-05-27 17:23:18.396886-03:00)
2026-05-27 17:23:18,492 - INFO - \U0001f552 Automação: Iniciando varredura agendada...
2026-05-27 17:23:49,847 - INFO - \u2705 Automação: Varredura concluída com sucesso.
2026-05-27 17:23:49,850 - INFO - Job "tarefa_scan_automatico (trigger: interval[0:05:00], next run at: 2026-05-27 17:28:18 -03)" executed successfully
2026-05-27 17:28:18,430 - INFO - Running job "tarefa_scan_automatico (trigger: interval[0:05:00], next run at: 2026-05-27 17:33:18 -03)" (scheduled at 2026-05-27 17:28:18.396886-03:00)
2026-05-27 17:28:18,446 - INFO - \U0001f552 Automação: Iniciando varredura agendada...
2026-05-27 17:28:49,406 - INFO - \u2705 Automação: Varredura concluída com sucesso.
2026-05-27 17:28:49,408 - INFO - Job "tarefa_scan_automatico (trigger: interval[0:05:00], next run at: 2026-05-27 17:33:18 -03)" executed successfully
2026-05-27 17:33:18,404 - INFO - Running job "tarefa_scan_automatico (trigger: interval[0:05:00], next run at: 2026-05-27 17:38:18 -03)" (scheduled at 2026-05-27 17:33:18.396886-03:00)
2026-05-27 17:33:18,404 - INFO - \U0001f552 Automação: Iniciando varredura agendada...
2026-05-27 17:33:49,148 - INFO - \u2705 Automação: Varredura concluída com sucesso.
2026-05-27 17:33:49,148 - INFO - Job "tarefa_scan_automatico (trigger: interval[0:05:00], next run at: 2026-05-27 17:38:18 -03)" executed successfully
2026-05-27 17:38:18,415 - INFO - Running job "tarefa_scan_automatico (trigger: interval[0:05:00], next run at: 2026-05-27 17:43:18 -03)" (scheduled at 2026-05-27 17:38:18.396886-03:00)
2026-05-27 17:38:18,417 - INFO - \U0001f552 Automação: Iniciando varredura agendada...
2026-05-27 17:38:49,214 - INFO - \u2705 Automação: Varredura concluída com sucesso.
2026-05-27 17:38:49,214 - INFO - Job "tarefa_scan_automatico (trigger: interval[0:05:00], next run at: 2026-05-27 17:43:18 -03)" executed successfully
2026-05-27 17:43:18,446 - INFO - Running job "tarefa_scan_automatico (trigger: interval[0:05:00], next run at: 2026-05-27 17:48:18 -03)" (scheduled at 2026-05-27 17:43:18.396886-03:00)
2026-05-27 17:43:18,460 - INFO - \U0001f552 Automação: Iniciando varredura agendada...
2026-05-27 17:43:49,797 - INFO - \u2705 Automação: Varredura concluída com sucesso.
2026-05-27 17:43:49,798 - INFO - Job "tarefa_scan_automatico (trigger: interval[0:05:00], next run at: 2026-05-27 17:48:18 -03)" executed successfully
2026-05-27 17:48:18,412 - INFO - Running job "tarefa_scan_automatico (trigger: interval[0:05:00], next run at: 2026-05-27 17:53:18 -03)" (scheduled at 2026-05-27 17:48:18.396886-03:00)
2026-05-27 17:48:18,415 - INFO - \U0001f552 Automação: Iniciando varredura agendada...
2026-05-27 17:48:49,757 - INFO - \u2705 Automação: Varredura concluída com sucesso.
2026-05-27 17:48:49,758 - INFO - Job "tarefa_scan_automatico (trigger: interval[0:05:00], next run at: 2026-05-27 17:53:18 -03)" executed successfully
2026-05-27 17:53:18,451 - INFO - Running job "tarefa_scan_automatico (trigger: interval[0:05:00], next run at: 2026-05-27 17:58:18 -03)" (scheduled at 2026-05-27 17:53:18.396886-03:00)
2026-05-27 17:53:18,466 - INFO - \U0001f552 Automação: Iniciando varredura agendada...
2026-05-27 17:53:52,577 - INFO - \u2705 Automação: Varredura concluída com sucesso.
2026-05-27 17:53:52,602 - INFO - Job "tarefa_scan_automatico (trigger: interval[0:05:00], next run at: 2026-05-27 17:58:18 -03)" executed successfully
2026-05-27 17:58:18,475 - INFO - Running job "tarefa_scan_automatico (trigger: interval[0:05:00], next run at: 2026-05-27 18:03:18 -03)" (scheduled at 2026-05-27 17:58:18.396886-03:00)
2026-05-27 17:58:18,513 - INFO - \U0001f552 Automação: Iniciando varredura agendada...
2026-05-27 17:58:50,315 - INFO - \u2705 Automação: Varredura concluída com sucesso.
2026-05-27 17:58:50,318 - INFO - Job "tarefa_scan_automatico (trigger: interval[0:05:00], next run at: 2026-05-27 18:03:18 -03)" executed successfully
2026-05-27 18:03:18,439 - INFO - Running job "tarefa_scan_automatico (trigger: interval[0:05:00], next run at: 2026-05-27 18:08:18 -03)" (scheduled at 2026-05-27 18:03:18.396886-03:00)
2026-05-27 18:03:18,454 - INFO - \U0001f552 Automação: Iniciando varredura agendada...
2026-05-27 18:03:50,078 - INFO - \u2705 Automação: Varredura concluída com sucesso.
2026-05-27 18:03:50,080 - INFO - Job "tarefa_scan_automatico (trigger: interval[0:05:00], next run at: 2026-05-27 18:08:18 -03)" executed successfully
2026-05-27 18:08:18,470 - INFO - Running job "tarefa_scan_automatico (trigger: interval[0:05:00], next run at: 2026-05-27 18:13:18 -03)" (scheduled at 2026-05-27 18:08:18.396886-03:00)
2026-05-27 18:08:18,495 - INFO - \U0001f552 Automação: Iniciando varredura agendada...
2026-05-27 18:08:49,793 - INFO - \u2705 Automação: Varredura concluída com sucesso.
2026-05-27 18:08:49,798 - INFO - Job "tarefa_scan_automatico (trigger: interval[0:05:00], next run at: 2026-05-27 18:13:18 -03)" executed successfully
2026-05-27 18:13:18,419 - INFO - Running job "tarefa_scan_automatico (trigger: interval[0:05:00], next run at: 2026-05-27 18:18:18 -03)" (scheduled at 2026-05-27 18:13:18.396886-03:00)
2026-05-27 18:13:18,423 - INFO - \U0001f552 Automação: Iniciando varredura agendada...
2026-05-27 18:13:49,355 - INFO - \u2705 Automação: Varredura concluída com sucesso.
2026-05-27 18:13:49,359 - INFO - Job "tarefa_scan_automatico (trigger: interval[0:05:00], next run at: 2026-05-27 18:18:18 -03)" executed successfully
2026-05-27 18:18:18,409 - INFO - Running job "tarefa_scan_automatico (trigger: interval[0:05:00], next run at: 2026-05-27 18:23:18 -03)" (scheduled at 2026-05-27 18:18:18.396886-03:00)
2026-05-27 18:18:18,413 - INFO - \U0001f552 Automação: Iniciando varredura agendada...
2026-05-27 18:18:49,246 - INFO - \u2705 Automação: Varredura concluída com sucesso.
2026-05-27 18:18:49,247 - INFO - Job "tarefa_scan_automatico (trigger: interval[0:05:00], next run at: 2026-05-27 18:23:18 -03)" executed successfully
2026-05-27 18:23:18,414 - INFO - Running job "tarefa_scan_automatico (trigger: interval[0:05:00], next run at: 2026-05-27 18:28:18 -03)" (scheduled at 2026-05-27 18:23:18.396886-03:00)
2026-05-27 18:23:18,415 - INFO - \U0001f552 Automação: Iniciando varredura agendada...
2026-05-27 18:23:49,123 - INFO - \u2705 Automação: Varredura concluída com sucesso.
2026-05-27 18:23:49,123 - INFO - Job "tarefa_scan_automatico (trigger: interval[0:05:00], next run at: 2026-05-27 18:28:18 -03)" executed successfully
2026-05-27 18:28:18,408 - INFO - Running job "tarefa_scan_automatico (trigger: interval[0:05:00], next run at: 2026-05-27 18:33:18 -03)" (scheduled at 2026-05-27 18:28:18.396886-03:00)
2026-05-27 18:28:18,410 - INFO - \U0001f552 Automação: Iniciando varredura agendada...
2026-05-27 18:28:48,960 - INFO - \u2705 Automação: Varredura concluída com sucesso.
2026-05-27 18:28:48,960 - INFO - Job "tarefa_scan_automatico (trigger: interval[0:05:00], next run at: 2026-05-27 18:33:18 -03)" executed successfully
2026-05-27 18:33:18,404 - INFO - Running job "tarefa_scan_automatico (trigger: interval[0:05:00], next run at: 2026-05-27 18:38:18 -03)" (scheduled at 2026-05-27 18:33:18.396886-03:00)
2026-05-27 18:33:18,407 - INFO - \U0001f552 Automação: Iniciando varredura agendada...
2026-05-27 18:33:49,151 - INFO - \u2705 Automação: Varredura concluída com sucesso.
2026-05-27 18:33:49,152 - INFO - Job "tarefa_scan_automatico (trigger: interval[0:05:00], next run at: 2026-05-27 18:38:18 -03)" executed successfully
2026-05-27 18:38:18,407 - INFO - Running job "tarefa_scan_automatico (trigger: interval[0:05:00], next run at: 2026-05-27 18:43:18 -03)" (scheduled at 2026-05-27 18:38:18.396886-03:00)
2026-05-27 18:38:18,407 - INFO - \U0001f552 Automação: Iniciando varredura agendada...
2026-05-27 18:38:49,219 - INFO - \u2705 Automação: Varredura concluída com sucesso.
2026-05-27 18:38:49,220 - INFO - Job "tarefa_scan_automatico (trigger: interval[0:05:00], next run at: 2026-05-27 18:43:18 -03)" executed successfully
2026-05-27 18:43:18,400 - INFO - Running job "tarefa_scan_automatico (trigger: interval[0:05:00], next run at: 2026-05-27 18:48:18 -03)" (scheduled at 2026-05-27 18:43:18.396886-03:00)
2026-05-27 18:43:18,401 - INFO - \U0001f552 Automação: Iniciando varredura agendada...
2026-05-27 18:43:49,001 - INFO - \u2705 Automação: Varredura concluída com sucesso.
2026-05-27 18:43:49,002 - INFO - Job "tarefa_scan_automatico (trigger: interval[0:05:00], next run at: 2026-05-27 18:48:18 -03)" executed successfully
2026-05-27 18:48:18,412 - INFO - Running job "tarefa_scan_automatico (trigger: interval[0:05:00], next run at: 2026-05-27 18:53:18 -03)" (scheduled at 2026-05-27 18:48:18.396886-03:00)
2026-05-27 18:48:18,413 - INFO - \U0001f552 Automação: Iniciando varredura agendada...
2026-05-27 18:48:49,068 - INFO - \u2705 Automação: Varredura concluída com sucesso.
2026-05-27 18:48:49,068 - INFO - Job "tarefa_scan_automatico (trigger: interval[0:05:00], next run at: 2026-05-27 18:53:18 -03)" executed successfully
2026-05-27 18:53:18,401 - INFO - Running job "tarefa_scan_automatico (trigger: interval[0:05:00], next run at: 2026-05-27 18:58:18 -03)" (scheduled at 2026-05-27 18:53:18.396886-03:00)
2026-05-27 18:53:18,404 - INFO - \U0001f552 Automação: Iniciando varredura agendada...
2026-05-27 18:53:49,081 - INFO - \u2705 Automação: Varredura concluída com sucesso.
2026-05-27 18:53:49,081 - INFO - Job "tarefa_scan_automatico (trigger: interval[0:05:00], next run at: 2026-05-27 18:58:18 -03)" executed successfully
2026-05-27 18:58:18,409 - INFO - Running job "tarefa_scan_automatico (trigger: interval[0:05:00], next run at: 2026-05-27 19:03:18 -03)" (scheduled at 2026-05-27 18:58:18.396886-03:00)
2026-05-27 18:58:18,410 - INFO - \U0001f552 Automação: Iniciando varredura agendada...
2026-05-27 18:58:49,880 - INFO - \u2705 Automação: Varredura concluída com sucesso.
2026-05-27 18:58:49,880 - INFO - Job "tarefa_scan_automatico (trigger: interval[0:05:00], next run at: 2026-05-27 19:03:18 -03)" executed successfully
2026-05-27 19:03:18,401 - INFO - Running job "tarefa_scan_automatico (trigger: interval[0:05:00], next run at: 2026-05-27 19:08:18 -03)" (scheduled at 2026-05-27 19:03:18.396886-03:00)
2026-05-27 19:03:18,402 - INFO - \U0001f552 Automação: Iniciando varredura agendada...
2026-05-27 19:03:51,316 - INFO - \u2705 Automação: Varredura concluída com sucesso.
2026-05-27 19:03:51,317 - INFO - Job "tarefa_scan_automatico (trigger: interval[0:05:00], next run at: 2026-05-27 19:08:18 -03)" executed successfully
2026-05-27 19:08:18,437 - INFO - Running job "tarefa_scan_automatico (trigger: interval[0:05:00], next run at: 2026-05-27 19:13:18 -03)" (scheduled at 2026-05-27 19:08:18.396886-03:00)
2026-05-27 19:08:18,455 - INFO - \U0001f552 Automação: Iniciando varredura agendada...
2026-05-27 19:08:49,289 - INFO - \u2705 Automação: Varredura concluída com sucesso.
2026-05-27 19:08:49,291 - INFO - Job "tarefa_scan_automatico (trigger: interval[0:05:00], next run at: 2026-05-27 19:13:18 -03)" executed successfully
2026-05-27 19:13:18,406 - INFO - Running job "tarefa_scan_automatico (trigger: interval[0:05:00], next run at: 2026-05-27 19:18:18 -03)" (scheduled at 2026-05-27 19:13:18.396886-03:00)
2026-05-27 19:13:18,407 - INFO - \U0001f552 Automação: Iniciando varredura agendada...
2026-05-27 19:13:49,101 - INFO - \u2705 Automação: Varredura concluída com sucesso.
2026-05-27 19:13:49,101 - INFO - Job "tarefa_scan_automatico (trigger: interval[0:05:00], next run at: 2026-05-27 19:18:18 -03)" executed successfully
2026-05-27 19:18:18,408 - INFO - Running job "tarefa_scan_automatico (trigger: interval[0:05:00], next run at: 2026-05-27 19:23:18 -03)" (scheduled at 2026-05-27 19:18:18.396886-03:00)
2026-05-27 19:18:18,409 - INFO - \U0001f552 Automação: Iniciando varredura agendada...
2026-05-27 19:18:49,047 - INFO - \u2705 Automação: Varredura concluída com sucesso.
2026-05-27 19:18:49,048 - INFO - Job "tarefa_scan_automatico (trigger: interval[0:05:00], next run at: 2026-05-27 19:23:18 -03)" executed successfully
2026-05-27 19:23:18,404 - INFO - Running job "tarefa_scan_automatico (trigger: interval[0:05:00], next run at: 2026-05-27 19:28:18 -03)" (scheduled at 2026-05-27 19:23:18.396886-03:00)
2026-05-27 19:23:18,405 - INFO - \U0001f552 Automação: Iniciando varredura agendada...
2026-05-27 19:23:49,123 - INFO - \u2705 Automação: Varredura concluída com sucesso.
2026-05-27 19:23:49,123 - INFO - Job "tarefa_scan_automatico (trigger: interval[0:05:00], next run at: 2026-05-27 19:28:18 -03)" executed successfully
2026-05-27 19:28:18,416 - INFO - Running job "tarefa_scan_automatico (trigger: interval[0:05:00], next run at: 2026-05-27 19:33:18 -03)" (scheduled at 2026-05-27 19:28:18.396886-03:00)
2026-05-27 19:28:18,418 - INFO - \U0001f552 Automação: Iniciando varredura agendada...
2026-05-27 19:28:49,092 - INFO - \u2705 Automação: Varredura concluída com sucesso.
2026-05-27 19:28:49,092 - INFO - Job "tarefa_scan_automatico (trigger: interval[0:05:00], next run at: 2026-05-27 19:33:18 -03)" executed successfully
2026-05-27 19:33:18,402 - INFO - Running job "tarefa_scan_automatico (trigger: interval[0:05:00], next run at: 2026-05-27 19:38:18 -03)" (scheduled at 2026-05-27 19:33:18.396886-03:00)
2026-05-27 19:33:18,402 - INFO - \U0001f552 Automação: Iniciando varredura agendada...
2026-05-27 19:33:49,228 - INFO - \u2705 Automação: Varredura concluída com sucesso.
2026-05-27 19:33:49,229 - INFO - Job "tarefa_scan_automatico (trigger: interval[0:05:00], next run at: 2026-05-27 19:38:18 -03)" executed successfully
2026-05-27 19:38:18,414 - INFO - Running job "tarefa_scan_automatico (trigger: interval[0:05:00], next run at: 2026-05-27 19:43:18 -03)" (scheduled at 2026-05-27 19:38:18.396886-03:00)
2026-05-27 19:38:18,415 - INFO - \U0001f552 Automação: Iniciando varredura agendada...
2026-05-27 19:38:49,059 - INFO - \u2705 Automação: Varredura concluída com sucesso.
2026-05-27 19:38:49,059 - INFO - Job "tarefa_scan_automatico (trigger: interval[0:05:00], next run at: 2026-05-27 19:43:18 -03)" executed successfully
2026-05-27 19:43:18,418 - INFO - Running job "tarefa_scan_automatico (trigger: interval[0:05:00], next run at: 2026-05-27 19:48:18 -03)" (scheduled at 2026-05-27 19:43:18.396886-03:00)
2026-05-27 19:43:18,419 - INFO - \U0001f552 Automação: Iniciando varredura agendada...
2026-05-27 19:43:49,284 - INFO - \u2705 Automação: Varredura concluída com sucesso.
2026-05-27 19:43:49,285 - INFO - Job "tarefa_scan_automatico (trigger: interval[0:05:00], next run at: 2026-05-27 19:48:18 -03)" executed successfully
2026-05-27 19:48:18,422 - INFO - Running job "tarefa_scan_automatico (trigger: interval[0:05:00], next run at: 2026-05-27 19:53:18 -03)" (scheduled at 2026-05-27 19:48:18.396886-03:00)
2026-05-27 19:48:18,422 - INFO - \U0001f552 Automação: Iniciando varredura agendada...
2026-05-27 19:48:49,111 - INFO - \u2705 Automação: Varredura concluída com sucesso.
2026-05-27 19:48:49,111 - INFO - Job "tarefa_scan_automatico (trigger: interval[0:05:00], next run at: 2026-05-27 19:53:18 -03)" executed successfully
2026-05-27 19:53:18,402 - INFO - Running job "tarefa_scan_automatico (trigger: interval[0:05:00], next run at: 2026-05-27 19:58:18 -03)" (scheduled at 2026-05-27 19:53:18.396886-03:00)
2026-05-27 19:53:18,403 - INFO - \U0001f552 Automação: Iniciando varredura agendada...
2026-05-27 19:53:48,949 - INFO - \u2705 Automação: Varredura concluída com sucesso.
2026-05-27 19:53:48,949 - INFO - Job "tarefa_scan_automatico (trigger: interval[0:05:00], next run at: 2026-05-27 19:58:18 -03)" executed successfully
2026-05-27 19:58:18,411 - INFO - Running job "tarefa_scan_automatico (trigger: interval[0:05:00], next run at: 2026-05-27 20:03:18 -03)" (scheduled at 2026-05-27 19:58:18.396886-03:00)
2026-05-27 19:58:18,412 - INFO - \U0001f552 Automação: Iniciando varredura agendada...
2026-05-27 19:58:49,317 - INFO - \u2705 Automação: Varredura concluída com sucesso.
2026-05-27 19:58:49,317 - INFO - Job "tarefa_scan_automatico (trigger: interval[0:05:00], next run at: 2026-05-27 20:03:18 -03)" executed successfully
2026-05-27 20:03:18,413 - INFO - Running job "tarefa_scan_automatico (trigger: interval[0:05:00], next run at: 2026-05-27 20:08:18 -03)" (scheduled at 2026-05-27 20:03:18.396886-03:00)
2026-05-27 20:03:18,414 - INFO - \U0001f552 Automação: Iniciando varredura agendada...
2026-05-27 20:03:49,263 - INFO - \u2705 Automação: Varredura concluída com sucesso.
2026-05-27 20:03:49,264 - INFO - Job "tarefa_scan_automatico (trigger: interval[0:05:00], next run at: 2026-05-27 20:08:18 -03)" executed successfully
2026-05-27 20:08:18,422 - INFO - Running job "tarefa_scan_automatico (trigger: interval[0:05:00], next run at: 2026-05-27 20:13:18 -03)" (scheduled at 2026-05-27 20:08:18.396886-03:00)
2026-05-27 20:08:18,425 - INFO - \U0001f552 Automação: Iniciando varredura agendada...
2026-05-27 20:08:49,371 - INFO - \u2705 Automação: Varredura concluída com sucesso.
2026-05-27 20:08:49,378 - INFO - Job "tarefa_scan_automatico (trigger: interval[0:05:00], next run at: 2026-05-27 20:13:18 -03)" executed successfully
2026-05-27 20:13:18,412 - INFO - Running job "tarefa_scan_automatico (trigger: interval[0:05:00], next run at: 2026-05-27 20:18:18 -03)" (scheduled at 2026-05-27 20:13:18.396886-03:00)
2026-05-27 20:13:18,416 - INFO - \U0001f552 Automação: Iniciando varredura agendada...
2026-05-27 20:13:49,084 - INFO - \u2705 Automação: Varredura concluída com sucesso.
2026-05-27 20:13:49,084 - INFO - Job "tarefa_scan_automatico (trigger: interval[0:05:00], next run at: 2026-05-27 20:18:18 -03)" executed successfully
2026-05-27 20:18:18,430 - INFO - Running job "tarefa_scan_automatico (trigger: interval[0:05:00], next run at: 2026-05-27 20:23:18 -03)" (scheduled at 2026-05-27 20:18:18.396886-03:00)
2026-05-27 20:18:18,437 - INFO - \U0001f552 Automação: Iniciando varredura agendada...
2026-05-27 20:18:49,275 - INFO - \u2705 Automação: Varredura concluída com sucesso.
2026-05-27 20:18:49,281 - INFO - Job "tarefa_scan_automatico (trigger: interval[0:05:00], next run at: 2026-05-27 20:23:18 -03)" executed successfully
2026-05-27 20:23:18,410 - INFO - Running job "tarefa_scan_automatico (trigger: interval[0:05:00], next run at: 2026-05-27 20:28:18 -03)" (scheduled at 2026-05-27 20:23:18.396886-03:00)
2026-05-27 20:23:18,411 - INFO - \U0001f552 Automação: Iniciando varredura agendada...
2026-05-27 20:23:49,051 - INFO - \u2705 Automação: Varredura concluída com sucesso.
2026-05-27 20:23:49,052 - INFO - Job "tarefa_scan_automatico (trigger: interval[0:05:00], next run at: 2026-05-27 20:28:18 -03)" executed successfully
2026-05-27 20:28:18,409 - INFO - Running job "tarefa_scan_automatico (trigger: interval[0:05:00], next run at: 2026-05-27 20:33:18 -03)" (scheduled at 2026-05-27 20:28:18.396886-03:00)
2026-05-27 20:28:18,409 - INFO - \U0001f552 Automação: Iniciando varredura agendada...
2026-05-27 20:28:50,407 - INFO - \u2705 Automação: Varredura concluída com sucesso.
2026-05-27 20:28:50,408 - INFO - Job "tarefa_scan_automatico (trigger: interval[0:05:00], next run at: 2026-05-27 20:33:18 -03)" executed successfully
2026-05-27 20:33:18,413 - INFO - Running job "tarefa_scan_automatico (trigger: interval[0:05:00], next run at: 2026-05-27 20:38:18 -03)" (scheduled at 2026-05-27 20:33:18.396886-03:00)
2026-05-27 20:33:18,417 - INFO - \U0001f552 Automação: Iniciando varredura agendada...
2026-05-27 20:33:49,152 - INFO - \u2705 Automação: Varredura concluída com sucesso.
2026-05-27 20:33:49,152 - INFO - Job "tarefa_scan_automatico (trigger: interval[0:05:00], next run at: 2026-05-27 20:38:18 -03)" executed successfully
2026-05-27 20:38:18,409 - INFO - Running job "tarefa_scan_automatico (trigger: interval[0:05:00], next run at: 2026-05-27 20:43:18 -03)" (scheduled at 2026-05-27 20:38:18.396886-03:00)
2026-05-27 20:38:18,410 - INFO - \U0001f552 Automação: Iniciando varredura agendada...
2026-05-27 20:38:52,121 - INFO - \u2705 Automação: Varredura concluída com sucesso.
2026-05-27 20:38:52,121 - INFO - Job "tarefa_scan_automatico (trigger: interval[0:05:00], next run at: 2026-05-27 20:43:18 -03)" executed successfully
2026-05-27 20:43:18,415 - INFO - Running job "tarefa_scan_automatico (trigger: interval[0:05:00], next run at: 2026-05-27 20:48:18 -03)" (scheduled at 2026-05-27 20:43:18.396886-03:00)
2026-05-27 20:43:18,415 - INFO - \U0001f552 Automação: Iniciando varredura agendada...
2026-05-27 20:43:49,114 - INFO - \u2705 Automação: Varredura concluída com sucesso.
2026-05-27 20:43:49,115 - INFO - Job "tarefa_scan_automatico (trigger: interval[0:05:00], next run at: 2026-05-27 20:48:18 -03)" executed successfully
2026-05-27 20:48:18,407 - INFO - Running job "tarefa_scan_automatico (trigger: interval[0:05:00], next run at: 2026-05-27 20:53:18 -03)" (scheduled at 2026-05-27 20:48:18.396886-03:00)
2026-05-27 20:48:18,409 - INFO - \U0001f552 Automação: Iniciando varredura agendada...
2026-05-27 20:48:49,113 - INFO - \u2705 Automação: Varredura concluída com sucesso.
2026-05-27 20:48:49,114 - INFO - Job "tarefa_scan_automatico (trigger: interval[0:05:00], next run at: 2026-05-27 20:53:18 -03)" executed successfully
2026-05-27 20:53:18,407 - INFO - Running job "tarefa_scan_automatico (trigger: interval[0:05:00], next run at: 2026-05-27 20:58:18 -03)" (scheduled at 2026-05-27 20:53:18.396886-03:00)
2026-05-27 20:53:18,408 - INFO - \U0001f552 Automação: Iniciando varredura agendada...
2026-05-27 20:53:49,352 - INFO - \u2705 Automação: Varredura concluída com sucesso.
2026-05-27 20:53:49,352 - INFO - Job "tarefa_scan_automatico (trigger: interval[0:05:00], next run at: 2026-05-27 20:58:18 -03)" executed successfully
2026-05-27 20:58:18,402 - INFO - Running job "tarefa_scan_automatico (trigger: interval[0:05:00], next run at: 2026-05-27 21:03:18 -03)" (scheduled at 2026-05-27 20:58:18.396886-03:00)
2026-05-27 20:58:18,411 - INFO - \U0001f552 Automação: Iniciando varredura agendada...
2026-05-27 20:58:49,217 - INFO - \u2705 Automação: Varredura concluída com sucesso.
2026-05-27 20:58:49,218 - INFO - Job "tarefa_scan_automatico (trigger: interval[0:05:00], next run at: 2026-05-27 21:03:18 -03)" executed successfully
2026-05-27 21:03:18,408 - INFO - Running job "tarefa_scan_automatico (trigger: interval[0:05:00], next run at: 2026-05-27 21:08:18 -03)" (scheduled at 2026-05-27 21:03:18.396886-03:00)
2026-05-27 21:03:18,409 - INFO - \U0001f552 Automação: Iniciando varredura agendada...
2026-05-27 21:03:50,534 - INFO - \u2705 Automação: Varredura concluída com sucesso.
2026-05-27 21:03:50,534 - INFO - Job "tarefa_scan_automatico (trigger: interval[0:05:00], next run at: 2026-05-27 21:08:18 -03)" executed successfully
2026-05-27 21:08:18,412 - INFO - Running job "tarefa_scan_automatico (trigger: interval[0:05:00], next run at: 2026-05-27 21:13:18 -03)" (scheduled at 2026-05-27 21:08:18.396886-03:00)
2026-05-27 21:08:18,415 - INFO - \U0001f552 Automação: Iniciando varredura agendada...
2026-05-27 21:08:50,662 - INFO - \u2705 Automação: Varredura concluída com sucesso.
2026-05-27 21:08:50,663 - INFO - Job "tarefa_scan_automatico (trigger: interval[0:05:00], next run at: 2026-05-27 21:13:18 -03)" executed successfully
2026-05-27 21:13:18,402 - INFO - Running job "tarefa_scan_automatico (trigger: interval[0:05:00], next run at: 2026-05-27 21:18:18 -03)" (scheduled at 2026-05-27 21:13:18.396886-03:00)
2026-05-27 21:13:18,402 - INFO - \U0001f552 Automação: Iniciando varredura agendada...
2026-05-27 21:13:48,976 - INFO - \u2705 Automação: Varredura concluída com sucesso.
2026-05-27 21:13:48,976 - INFO - Job "tarefa_scan_automatico (trigger: interval[0:05:00], next run at: 2026-05-27 21:18:18 -03)" executed successfully
2026-05-27 21:18:18,415 - INFO - Running job "tarefa_scan_automatico (trigger: interval[0:05:00], next run at: 2026-05-27 21:23:18 -03)" (scheduled at 2026-05-27 21:18:18.396886-03:00)
2026-05-27 21:18:18,415 - INFO - \U0001f552 Automação: Iniciando varredura agendada...
2026-05-27 21:18:49,063 - INFO - \u2705 Automação: Varredura concluída com sucesso.
2026-05-27 21:18:49,064 - INFO - Job "tarefa_scan_automatico (trigger: interval[0:05:00], next run at: 2026-05-27 21:23:18 -03)" executed successfully
2026-05-27 21:23:18,402 - INFO - Running job "tarefa_scan_automatico (trigger: interval[0:05:00], next run at: 2026-05-27 21:28:18 -03)" (scheduled at 2026-05-27 21:23:18.396886-03:00)
2026-05-27 21:23:18,403 - INFO - \U0001f552 Automação: Iniciando varredura agendada...
2026-05-27 21:23:49,102 - INFO - \u2705 Automação: Varredura concluída com sucesso.
2026-05-27 21:23:49,102 - INFO - Job "tarefa_scan_automatico (trigger: interval[0:05:00], next run at: 2026-05-27 21:28:18 -03)" executed successfully
2026-05-27 21:28:18,414 - INFO - Running job "tarefa_scan_automatico (trigger: interval[0:05:00], next run at: 2026-05-27 21:33:18 -03)" (scheduled at 2026-05-27 21:28:18.396886-03:00)
2026-05-27 21:28:18,415 - INFO - \U0001f552 Automação: Iniciando varredura agendada...
2026-05-27 21:28:49,070 - INFO - \u2705 Automação: Varredura concluída com sucesso.
2026-05-27 21:28:49,071 - INFO - Job "tarefa_scan_automatico (trigger: interval[0:05:00], next run at: 2026-05-27 21:33:18 -03)" executed successfully
2026-05-27 21:33:18,401 - INFO - Running job "tarefa_scan_automatico (trigger: interval[0:05:00], next run at: 2026-05-27 21:38:18 -03)" (scheduled at 2026-05-27 21:33:18.396886-03:00)
2026-05-27 21:33:18,401 - INFO - \U0001f552 Automação: Iniciando varredura agendada...
2026-05-27 21:33:49,152 - INFO - \u2705 Automação: Varredura concluída com sucesso.
2026-05-27 21:33:49,152 - INFO - Job "tarefa_scan_automatico (trigger: interval[0:05:00], next run at: 2026-05-27 21:38:18 -03)" executed successfully
2026-05-27 21:38:18,403 - INFO - Running job "tarefa_scan_automatico (trigger: interval[0:05:00], next run at: 2026-05-27 21:43:18 -03)" (scheduled at 2026-05-27 21:38:18.396886-03:00)
2026-05-27 21:38:18,408 - INFO - \U0001f552 Automação: Iniciando varredura agendada...
2026-05-27 21:38:49,245 - INFO - \u2705 Automação: Varredura concluída com sucesso.
2026-05-27 21:38:49,246 - INFO - Job "tarefa_scan_automatico (trigger: interval[0:05:00], next run at: 2026-05-27 21:43:18 -03)" executed successfully
2026-05-27 21:43:18,413 - INFO - Running job "tarefa_scan_automatico (trigger: interval[0:05:00], next run at: 2026-05-27 21:48:18 -03)" (scheduled at 2026-05-27 21:43:18.396886-03:00)
2026-05-27 21:43:18,414 - INFO - \U0001f552 Automação: Iniciando varredura agendada...
2026-05-27 21:43:49,143 - INFO - \u2705 Automação: Varredura concluída com sucesso.
2026-05-27 21:43:49,144 - INFO - Job "tarefa_scan_automatico (trigger: interval[0:05:00], next run at: 2026-05-27 21:48:18 -03)" executed successfully
2026-05-27 21:48:18,410 - INFO - Running job "tarefa_scan_automatico (trigger: interval[0:05:00], next run at: 2026-05-27 21:53:18 -03)" (scheduled at 2026-05-27 21:48:18.396886-03:00)
2026-05-27 21:48:18,412 - INFO - \U0001f552 Automação: Iniciando varredura agendada...
2026-05-27 21:48:49,134 - INFO - \u2705 Automação: Varredura concluída com sucesso.
2026-05-27 21:48:49,134 - INFO - Job "tarefa_scan_automatico (trigger: interval[0:05:00], next run at: 2026-05-27 21:53:18 -03)" executed successfully
2026-05-27 21:53:18,426 - INFO - Running job "tarefa_scan_automatico (trigger: interval[0:05:00], next run at: 2026-05-27 21:58:18 -03)" (scheduled at 2026-05-27 21:53:18.396886-03:00)
2026-05-27 21:53:18,426 - INFO - \U0001f552 Automação: Iniciando varredura agendada...
2026-05-27 21:53:49,157 - INFO - \u2705 Automação: Varredura concluída com sucesso.
2026-05-27 21:53:49,158 - INFO - Job "tarefa_scan_automatico (trigger: interval[0:05:00], next run at: 2026-05-27 21:58:18 -03)" executed successfully
2026-05-27 21:58:18,418 - INFO - Running job "tarefa_scan_automatico (trigger: interval[0:05:00], next run at: 2026-05-27 22:03:18 -03)" (scheduled at 2026-05-27 21:58:18.396886-03:00)
2026-05-27 21:58:18,419 - INFO - \U0001f552 Automação: Iniciando varredura agendada...
2026-05-27 21:58:49,117 - INFO - \u2705 Automação: Varredura concluída com sucesso.
2026-05-27 21:58:49,118 - INFO - Job "tarefa_scan_automatico (trigger: interval[0:05:00], next run at: 2026-05-27 22:03:18 -03)" executed successfully
2026-05-27 22:03:18,434 - INFO - Running job "tarefa_scan_automatico (trigger: interval[0:05:00], next run at: 2026-05-27 22:08:18 -03)" (scheduled at 2026-05-27 22:03:18.396886-03:00)
2026-05-27 22:03:18,435 - INFO - \U0001f552 Automação: Iniciando varredura agendada...
2026-05-27 22:03:49,037 - INFO - \u2705 Automação: Varredura concluída com sucesso.
2026-05-27 22:03:49,038 - INFO - Job "tarefa_scan_automatico (trigger: interval[0:05:00], next run at: 2026-05-27 22:08:18 -03)" executed successfully
2026-05-27 22:08:18,400 - INFO - Running job "tarefa_scan_automatico (trigger: interval[0:05:00], next run at: 2026-05-27 22:13:18 -03)" (scheduled at 2026-05-27 22:08:18.396886-03:00)
2026-05-27 22:08:18,401 - INFO - \U0001f552 Automação: Iniciando varredura agendada...
2026-05-27 22:08:49,164 - INFO - \u2705 Automação: Varredura concluída com sucesso.
2026-05-27 22:08:49,165 - INFO - Job "tarefa_scan_automatico (trigger: interval[0:05:00], next run at: 2026-05-27 22:13:18 -03)" executed successfully
2026-05-27 22:13:18,399 - INFO - Running job "tarefa_scan_automatico (trigger: interval[0:05:00], next run at: 2026-05-27 22:18:18 -03)" (scheduled at 2026-05-27 22:13:18.396886-03:00)
2026-05-27 22:13:18,400 - INFO - \U0001f552 Automação: Iniciando varredura agendada...
2026-05-27 22:13:49,109 - INFO - \u2705 Automação: Varredura concluída com sucesso.
2026-05-27 22:13:49,109 - INFO - Job "tarefa_scan_automatico (trigger: interval[0:05:00], next run at: 2026-05-27 22:18:18 -03)" executed successfully
2026-05-27 22:18:18,421 - INFO - Running job "tarefa_scan_automatico (trigger: interval[0:05:00], next run at: 2026-05-27 22:23:18 -03)" (scheduled at 2026-05-27 22:18:18.396886-03:00)
2026-05-27 22:18:18,421 - INFO - \U0001f552 Automação: Iniciando varredura agendada...
2026-05-27 22:18:49,144 - INFO - \u2705 Automação: Varredura concluída com sucesso.
2026-05-27 22:18:49,144 - INFO - Job "tarefa_scan_automatico (trigger: interval[0:05:00], next run at: 2026-05-27 22:23:18 -03)" executed successfully
2026-05-27 22:23:18,408 - INFO - Running job "tarefa_scan_automatico (trigger: interval[0:05:00], next run at: 2026-05-27 22:28:18 -03)" (scheduled at 2026-05-27 22:23:18.396886-03:00)
2026-05-27 22:23:18,408 - INFO - \U0001f552 Automação: Iniciando varredura agendada...
2026-05-27 22:23:49,191 - INFO - \u2705 Automação: Varredura concluída com sucesso.
2026-05-27 22:23:49,191 - INFO - Job "tarefa_scan_automatico (trigger: interval[0:05:00], next run at: 2026-05-27 22:28:18 -03)" executed successfully
2026-05-27 22:28:18,403 - INFO - Running job "tarefa_scan_automatico (trigger: interval[0:05:00], next run at: 2026-05-27 22:33:18 -03)" (scheduled at 2026-05-27 22:28:18.396886-03:00)
2026-05-27 22:28:18,405 - INFO - \U0001f552 Automação: Iniciando varredura agendada...
2026-05-27 22:28:49,403 - INFO - \u2705 Automação: Varredura concluída com sucesso.
2026-05-27 22:28:49,404 - INFO - Job "tarefa_scan_automatico (trigger: interval[0:05:00], next run at: 2026-05-27 22:33:18 -03)" executed successfully
2026-05-27 22:33:18,405 - INFO - Running job "tarefa_scan_automatico (trigger: interval[0:05:00], next run at: 2026-05-27 22:38:18 -03)" (scheduled at 2026-05-27 22:33:18.396886-03:00)
2026-05-27 22:33:18,407 - INFO - \U0001f552 Automação: Iniciando varredura agendada...
2026-05-27 22:33:49,088 - INFO - \u2705 Automação: Varredura concluída com sucesso.
2026-05-27 22:33:49,090 - INFO - Job "tarefa_scan_automatico (trigger: interval[0:05:00], next run at: 2026-05-27 22:38:18 -03)" executed successfully
2026-05-27 22:38:18,420 - INFO - Running job "tarefa_scan_automatico (trigger: interval[0:05:00], next run at: 2026-05-27 22:43:18 -03)" (scheduled at 2026-05-27 22:38:18.396886-03:00)
2026-05-27 22:38:18,420 - INFO - \U0001f552 Automação: Iniciando varredura agendada...
2026-05-27 22:38:49,214 - INFO - \u2705 Automação: Varredura concluída com sucesso.
2026-05-27 22:38:49,214 - INFO - Job "tarefa_scan_automatico (trigger: interval[0:05:00], next run at: 2026-05-27 22:43:18 -03)" executed successfully
2026-05-27 22:43:18,412 - INFO - Running job "tarefa_scan_automatico (trigger: interval[0:05:00], next run at: 2026-05-27 22:48:18 -03)" (scheduled at 2026-05-27 22:43:18.396886-03:00)
2026-05-27 22:43:18,413 - INFO - \U0001f552 Automação: Iniciando varredura agendada...
2026-05-27 22:43:49,140 - INFO - \u2705 Automação: Varredura concluída com sucesso.
2026-05-27 22:43:49,141 - INFO - Job "tarefa_scan_automatico (trigger: interval[0:05:00], next run at: 2026-05-27 22:48:18 -03)" executed successfully
2026-05-27 22:48:18,402 - INFO - Running job "tarefa_scan_automatico (trigger: interval[0:05:00], next run at: 2026-05-27 22:53:18 -03)" (scheduled at 2026-05-27 22:48:18.396886-03:00)
2026-05-27 22:48:18,402 - INFO - \U0001f552 Automação: Iniciando varredura agendada...
2026-05-27 22:48:49,002 - INFO - \u2705 Automação: Varredura concluída com sucesso.
2026-05-27 22:48:49,003 - INFO - Job "tarefa_scan_automatico (trigger: interval[0:05:00], next run at: 2026-05-27 22:53:18 -03)" executed successfully
2026-05-27 22:53:18,403 - INFO - Running job "tarefa_scan_automatico (trigger: interval[0:05:00], next run at: 2026-05-27 22:58:18 -03)" (scheduled at 2026-05-27 22:53:18.396886-03:00)
2026-05-27 22:53:18,411 - INFO - \U0001f552 Automação: Iniciando varredura agendada...
2026-05-27 22:53:49,086 - INFO - \u2705 Automação: Varredura concluída com sucesso.
2026-05-27 22:53:49,087 - INFO - Job "tarefa_scan_automatico (trigger: interval[0:05:00], next run at: 2026-05-27 22:58:18 -03)" executed successfully
2026-05-27 22:58:18,413 - INFO - Running job "tarefa_scan_automatico (trigger: interval[0:05:00], next run at: 2026-05-27 23:03:18 -03)" (scheduled at 2026-05-27 22:58:18.396886-03:00)
2026-05-27 22:58:18,414 - INFO - \U0001f552 Automação: Iniciando varredura agendada...
2026-05-27 22:58:49,089 - INFO - \u2705 Automação: Varredura concluída com sucesso.
2026-05-27 22:58:49,090 - INFO - Job "tarefa_scan_automatico (trigger: interval[0:05:00], next run at: 2026-05-27 23:03:18 -03)" executed successfully
2026-05-27 23:03:18,410 - INFO - Running job "tarefa_scan_automatico (trigger: interval[0:05:00], next run at: 2026-05-27 23:08:18 -03)" (scheduled at 2026-05-27 23:03:18.396886-03:00)
2026-05-27 23:03:18,411 - INFO - \U0001f552 Automação: Iniciando varredura agendada...
2026-05-27 23:03:50,068 - INFO - \u2705 Automação: Varredura concluída com sucesso.
2026-05-27 23:03:50,068 - INFO - Job "tarefa_scan_automatico (trigger: interval[0:05:00], next run at: 2026-05-27 23:08:18 -03)" executed successfully
2026-05-27 23:08:18,399 - INFO - Running job "tarefa_scan_automatico (trigger: interval[0:05:00], next run at: 2026-05-27 23:13:18 -03)" (scheduled at 2026-05-27 23:08:18.396886-03:00)
2026-05-27 23:08:18,399 - INFO - \U0001f552 Automação: Iniciando varredura agendada...
2026-05-27 23:08:49,221 - INFO - \u2705 Automação: Varredura concluída com sucesso.
2026-05-27 23:08:49,222 - INFO - Job "tarefa_scan_automatico (trigger: interval[0:05:00], next run at: 2026-05-27 23:13:18 -03)" executed successfully
2026-05-27 23:13:18,417 - INFO - Running job "tarefa_scan_automatico (trigger: interval[0:05:00], next run at: 2026-05-27 23:18:18 -03)" (scheduled at 2026-05-27 23:13:18.396886-03:00)
2026-05-27 23:13:18,417 - INFO - \U0001f552 Automação: Iniciando varredura agendada...
2026-05-27 23:13:49,099 - INFO - \u2705 Automação: Varredura concluída com sucesso.
2026-05-27 23:13:49,099 - INFO - Job "tarefa_scan_automatico (trigger: interval[0:05:00], next run at: 2026-05-27 23:18:18 -03)" executed successfully
2026-05-27 23:18:18,414 - INFO - Running job "tarefa_scan_automatico (trigger: interval[0:05:00], next run at: 2026-05-27 23:23:18 -03)" (scheduled at 2026-05-27 23:18:18.396886-03:00)
2026-05-27 23:18:18,414 - INFO - \U0001f552 Automação: Iniciando varredura agendada...
2026-05-27 23:18:49,146 - INFO - \u2705 Automação: Varredura concluída com sucesso.
2026-05-27 23:18:49,146 - INFO - Job "tarefa_scan_automatico (trigger: interval[0:05:00], next run at: 2026-05-27 23:23:18 -03)" executed successfully
2026-05-27 23:23:18,405 - INFO - Running job "tarefa_scan_automatico (trigger: interval[0:05:00], next run at: 2026-05-27 23:28:18 -03)" (scheduled at 2026-05-27 23:23:18.396886-03:00)
2026-05-27 23:23:18,406 - INFO - \U0001f552 Automação: Iniciando varredura agendada...
2026-05-27 23:23:49,054 - INFO - \u2705 Automação: Varredura concluída com sucesso.
2026-05-27 23:23:49,054 - INFO - Job "tarefa_scan_automatico (trigger: interval[0:05:00], next run at: 2026-05-27 23:28:18 -03)" executed successfully
2026-05-27 23:28:18,412 - INFO - Running job "tarefa_scan_automatico (trigger: interval[0:05:00], next run at: 2026-05-27 23:33:18 -03)" (scheduled at 2026-05-27 23:28:18.396886-03:00)
2026-05-27 23:28:18,412 - INFO - \U0001f552 Automação: Iniciando varredura agendada...
2026-05-27 23:28:51,044 - INFO - \u2705 Automação: Varredura concluída com sucesso.
2026-05-27 23:28:51,045 - INFO - Job "tarefa_scan_automatico (trigger: interval[0:05:00], next run at: 2026-05-27 23:33:18 -03)" executed successfully
2026-05-27 23:33:18,398 - INFO - Running job "tarefa_scan_automatico (trigger: interval[0:05:00], next run at: 2026-05-27 23:38:18 -03)" (scheduled at 2026-05-27 23:33:18.396886-03:00)
2026-05-27 23:33:18,399 - INFO - \U0001f552 Automação: Iniciando varredura agendada...
2026-05-27 23:33:49,075 - INFO - \u2705 Automação: Varredura concluída com sucesso.
2026-05-27 23:33:49,075 - INFO - Job "tarefa_scan_automatico (trigger: interval[0:05:00], next run at: 2026-05-27 23:38:18 -03)" executed successfully
2026-05-27 23:38:18,404 - INFO - Running job "tarefa_scan_automatico (trigger: interval[0:05:00], next run at: 2026-05-27 23:43:18 -03)" (scheduled at 2026-05-27 23:38:18.396886-03:00)
2026-05-27 23:38:18,404 - INFO - \U0001f552 Automação: Iniciando varredura agendada...
2026-05-27 23:38:49,117 - INFO - \u2705 Automação: Varredura concluída com sucesso.
2026-05-27 23:38:49,117 - INFO - Job "tarefa_scan_automatico (trigger: interval[0:05:00], next run at: 2026-05-27 23:43:18 -03)" executed successfully
2026-05-27 23:43:18,409 - INFO - Running job "tarefa_scan_automatico (trigger: interval[0:05:00], next run at: 2026-05-27 23:48:18 -03)" (scheduled at 2026-05-27 23:43:18.396886-03:00)
2026-05-27 23:43:18,409 - INFO - \U0001f552 Automação: Iniciando varredura agendada...
2026-05-27 23:43:49,130 - INFO - \u2705 Automação: Varredura concluída com sucesso.
2026-05-27 23:43:49,131 - INFO - Job "tarefa_scan_automatico (trigger: interval[0:05:00], next run at: 2026-05-27 23:48:18 -03)" executed successfully
2026-05-27 23:48:18,402 - INFO - Running job "tarefa_scan_automatico (trigger: interval[0:05:00], next run at: 2026-05-27 23:53:18 -03)" (scheduled at 2026-05-27 23:48:18.396886-03:00)
2026-05-27 23:48:18,408 - INFO - \U0001f552 Automação: Iniciando varredura agendada...
2026-05-27 23:48:49,015 - INFO - \u2705 Automação: Varredura concluída com sucesso.
2026-05-27 23:48:49,016 - INFO - Job "tarefa_scan_automatico (trigger: interval[0:05:00], next run at: 2026-05-27 23:53:18 -03)" executed successfully
2026-05-27 23:53:18,414 - INFO - Running job "tarefa_scan_automatico (trigger: interval[0:05:00], next run at: 2026-05-27 23:58:18 -03)" (scheduled at 2026-05-27 23:53:18.396886-03:00)
2026-05-27 23:53:18,415 - INFO - \U0001f552 Automação: Iniciando varredura agendada...
2026-05-27 23:53:49,127 - INFO - \u2705 Automação: Varredura concluída com sucesso.
2026-05-27 23:53:49,127 - INFO - Job "tarefa_scan_automatico (trigger: interval[0:05:00], next run at: 2026-05-27 23:58:18 -03)" executed successfully
2026-05-27 23:58:18,406 - INFO - Running job "tarefa_scan_automatico (trigger: interval[0:05:00], next run at: 2026-05-28 00:03:18 -03)" (scheduled at 2026-05-27 23:58:18.396886-03:00)
2026-05-27 23:58:18,420 - INFO - \U0001f552 Automação: Iniciando varredura agendada...
2026-05-27 23:58:49,061 - INFO - \u2705 Automação: Varredura concluída com sucesso.
2026-05-27 23:58:49,062 - INFO - Job "tarefa_scan_automatico (trigger: interval[0:05:00], next run at: 2026-05-28 00:03:18 -03)" executed successfully
2026-05-28 00:03:18,415 - INFO - Running job "tarefa_scan_automatico (trigger: interval[0:05:00], next run at: 2026-05-28 00:08:18 -03)" (scheduled at 2026-05-28 00:03:18.396886-03:00)
2026-05-28 00:03:18,416 - INFO - \U0001f552 Automação: Iniciando varredura agendada...
2026-05-28 00:03:49,122 - INFO - \u2705 Automação: Varredura concluída com sucesso.
2026-05-28 00:03:49,122 - INFO - Job "tarefa_scan_automatico (trigger: interval[0:05:00], next run at: 2026-05-28 00:08:18 -03)" executed successfully
2026-05-28 00:08:18,399 - INFO - Running job "tarefa_scan_automatico (trigger: interval[0:05:00], next run at: 2026-05-28 00:13:18 -03)" (scheduled at 2026-05-28 00:08:18.396886-03:00)
2026-05-28 00:08:18,407 - INFO - \U0001f552 Automação: Iniciando varredura agendada...
2026-05-28 00:08:49,217 - INFO - \u2705 Automação: Varredura concluída com sucesso.
2026-05-28 00:08:49,218 - INFO - Job "tarefa_scan_automatico (trigger: interval[0:05:00], next run at: 2026-05-28 00:13:18 -03)" executed successfully
2026-05-28 00:13:18,402 - INFO - Running job "tarefa_scan_automatico (trigger: interval[0:05:00], next run at: 2026-05-28 00:18:18 -03)" (scheduled at 2026-05-28 00:13:18.396886-03:00)
2026-05-28 00:13:18,402 - INFO - \U0001f552 Automação: Iniciando varredura agendada...
2026-05-28 00:13:49,063 - INFO - \u2705 Automação: Varredura concluída com sucesso.
2026-05-28 00:13:49,063 - INFO - Job "tarefa_scan_automatico (trigger: interval[0:05:00], next run at: 2026-05-28 00:18:18 -03)" executed successfully
2026-05-28 00:18:18,405 - INFO - Running job "tarefa_scan_automatico (trigger: interval[0:05:00], next run at: 2026-05-28 00:23:18 -03)" (scheduled at 2026-05-28 00:18:18.396886-03:00)
2026-05-28 00:18:18,406 - INFO - \U0001f552 Automação: Iniciando varredura agendada...
2026-05-28 00:18:49,061 - INFO - \u2705 Automação: Varredura concluída com sucesso.
2026-05-28 00:18:49,061 - INFO - Job "tarefa_scan_automatico (trigger: interval[0:05:00], next run at: 2026-05-28 00:23:18 -03)" executed successfully
2026-05-28 00:23:18,401 - INFO - Running job "tarefa_scan_automatico (trigger: interval[0:05:00], next run at: 2026-05-28 00:28:18 -03)" (scheduled at 2026-05-28 00:23:18.396886-03:00)
2026-05-28 00:23:18,402 - INFO - \U0001f552 Automação: Iniciando varredura agendada...
2026-05-28 00:23:49,090 - INFO - \u2705 Automação: Varredura concluída com sucesso.
2026-05-28 00:23:49,091 - INFO - Job "tarefa_scan_automatico (trigger: interval[0:05:00], next run at: 2026-05-28 00:28:18 -03)" executed successfully
2026-05-28 00:28:18,404 - INFO - Running job "tarefa_scan_automatico (trigger: interval[0:05:00], next run at: 2026-05-28 00:33:18 -03)" (scheduled at 2026-05-28 00:28:18.396886-03:00)
2026-05-28 00:28:18,404 - INFO - \U0001f552 Automação: Iniciando varredura agendada...
2026-05-28 00:28:49,102 - INFO - \u2705 Automação: Varredura concluída com sucesso.
2026-05-28 00:28:49,102 - INFO - Job "tarefa_scan_automatico (trigger: interval[0:05:00], next run at: 2026-05-28 00:33:18 -03)" executed successfully
2026-05-28 00:33:18,406 - INFO - Running job "tarefa_scan_automatico (trigger: interval[0:05:00], next run at: 2026-05-28 00:38:18 -03)" (scheduled at 2026-05-28 00:33:18.396886-03:00)
2026-05-28 00:33:18,406 - INFO - \U0001f552 Automação: Iniciando varredura agendada...
2026-05-28 00:33:48,976 - INFO - \u2705 Automação: Varredura concluída com sucesso.
2026-05-28 00:33:48,977 - INFO - Job "tarefa_scan_automatico (trigger: interval[0:05:00], next run at: 2026-05-28 00:38:18 -03)" executed successfully
2026-05-28 00:38:18,408 - INFO - Running job "tarefa_scan_automatico (trigger: interval[0:05:00], next run at: 2026-05-28 00:43:18 -03)" (scheduled at 2026-05-28 00:38:18.396886-03:00)
2026-05-28 00:38:18,409 - INFO - \U0001f552 Automação: Iniciando varredura agendada...
2026-05-28 00:38:49,099 - INFO - \u2705 Automação: Varredura concluída com sucesso.
2026-05-28 00:38:49,100 - INFO - Job "tarefa_scan_automatico (trigger: interval[0:05:00], next run at: 2026-05-28 00:43:18 -03)" executed successfully
2026-05-28 00:43:18,406 - INFO - Running job "tarefa_scan_automatico (trigger: interval[0:05:00], next run at: 2026-05-28 00:48:18 -03)" (scheduled at 2026-05-28 00:43:18.396886-03:00)
2026-05-28 00:43:18,406 - INFO - \U0001f552 Automação: Iniciando varredura agendada...
2026-05-28 00:43:49,069 - INFO - \u2705 Automação: Varredura concluída com sucesso.
2026-05-28 00:43:49,070 - INFO - Job "tarefa_scan_automatico (trigger: interval[0:05:00], next run at: 2026-05-28 00:48:18 -03)" executed successfully
2026-05-28 00:48:18,411 - INFO - Running job "tarefa_scan_automatico (trigger: interval[0:05:00], next run at: 2026-05-28 00:53:18 -03)" (scheduled at 2026-05-28 00:48:18.396886-03:00)
2026-05-28 00:48:18,412 - INFO - \U0001f552 Automação: Iniciando varredura agendada...
2026-05-28 00:48:49,051 - INFO - \u2705 Automação: Varredura concluída com sucesso.
2026-05-28 00:48:49,053 - INFO - Job "tarefa_scan_automatico (trigger: interval[0:05:00], next run at: 2026-05-28 00:53:18 -03)" executed successfully
2026-05-28 00:53:18,408 - INFO - Running job "tarefa_scan_automatico (trigger: interval[0:05:00], next run at: 2026-05-28 00:58:18 -03)" (scheduled at 2026-05-28 00:53:18.396886-03:00)
2026-05-28 00:53:18,409 - INFO - \U0001f552 Automação: Iniciando varredura agendada...
2026-05-28 00:53:49,089 - INFO - \u2705 Automação: Varredura concluída com sucesso.
2026-05-28 00:53:49,089 - INFO - Job "tarefa_scan_automatico (trigger: interval[0:05:00], next run at: 2026-05-28 00:58:18 -03)" executed successfully
2026-05-28 00:58:18,410 - INFO - Running job "tarefa_scan_automatico (trigger: interval[0:05:00], next run at: 2026-05-28 01:03:18 -03)" (scheduled at 2026-05-28 00:58:18.396886-03:00)
2026-05-28 00:58:18,411 - INFO - \U0001f552 Automação: Iniciando varredura agendada...
2026-05-28 00:58:49,175 - INFO - \u2705 Automação: Varredura concluída com sucesso.
2026-05-28 00:58:49,176 - INFO - Job "tarefa_scan_automatico (trigger: interval[0:05:00], next run at: 2026-05-28 01:03:18 -03)" executed successfully
2026-05-28 01:03:18,407 - INFO - Running job "tarefa_scan_automatico (trigger: interval[0:05:00], next run at: 2026-05-28 01:08:18 -03)" (scheduled at 2026-05-28 01:03:18.396886-03:00)
2026-05-28 01:03:18,411 - INFO - \U0001f552 Automação: Iniciando varredura agendada...
2026-05-28 01:03:49,134 - INFO - \u2705 Automação: Varredura concluída com sucesso.
2026-05-28 01:03:49,135 - INFO - Job "tarefa_scan_automatico (trigger: interval[0:05:00], next run at: 2026-05-28 01:08:18 -03)" executed successfully
2026-05-28 01:08:18,400 - INFO - Running job "tarefa_scan_automatico (trigger: interval[0:05:00], next run at: 2026-05-28 01:13:18 -03)" (scheduled at 2026-05-28 01:08:18.396886-03:00)
2026-05-28 01:08:18,401 - INFO - \U0001f552 Automação: Iniciando varredura agendada...
2026-05-28 01:08:50,054 - INFO - \u2705 Automação: Varredura concluída com sucesso.
2026-05-28 01:08:50,054 - INFO - Job "tarefa_scan_automatico (trigger: interval[0:05:00], next run at: 2026-05-28 01:13:18 -03)" executed successfully
2026-05-28 01:13:18,413 - INFO - Running job "tarefa_scan_automatico (trigger: interval[0:05:00], next run at: 2026-05-28 01:18:18 -03)" (scheduled at 2026-05-28 01:13:18.396886-03:00)
2026-05-28 01:13:18,414 - INFO - \U0001f552 Automação: Iniciando varredura agendada...
2026-05-28 01:13:49,088 - INFO - \u2705 Automação: Varredura concluída com sucesso.
2026-05-28 01:13:49,089 - INFO - Job "tarefa_scan_automatico (trigger: interval[0:05:00], next run at: 2026-05-28 01:18:18 -03)" executed successfully
2026-05-28 01:18:18,401 - INFO - Running job "tarefa_scan_automatico (trigger: interval[0:05:00], next run at: 2026-05-28 01:23:18 -03)" (scheduled at 2026-05-28 01:18:18.396886-03:00)
2026-05-28 01:18:18,402 - INFO - \U0001f552 Automação: Iniciando varredura agendada...
2026-05-28 01:18:49,092 - INFO - \u2705 Automação: Varredura concluída com sucesso.
2026-05-28 01:18:49,093 - INFO - Job "tarefa_scan_automatico (trigger: interval[0:05:00], next run at: 2026-05-28 01:23:18 -03)" executed successfully
2026-05-28 01:23:18,402 - INFO - Running job "tarefa_scan_automatico (trigger: interval[0:05:00], next run at: 2026-05-28 01:28:18 -03)" (scheduled at 2026-05-28 01:23:18.396886-03:00)
2026-05-28 01:23:18,402 - INFO - \U0001f552 Automação: Iniciando varredura agendada...
2026-05-28 01:23:49,006 - INFO - \u2705 Automação: Varredura concluída com sucesso.
2026-05-28 01:23:49,007 - INFO - Job "tarefa_scan_automatico (trigger: interval[0:05:00], next run at: 2026-05-28 01:28:18 -03)" executed successfully
2026-05-28 01:28:18,414 - INFO - Running job "tarefa_scan_automatico (trigger: interval[0:05:00], next run at: 2026-05-28 01:33:18 -03)" (scheduled at 2026-05-28 01:28:18.396886-03:00)
2026-05-28 01:28:18,414 - INFO - \U0001f552 Automação: Iniciando varredura agendada...
2026-05-28 01:28:52,270 - INFO - \u2705 Automação: Varredura concluída com sucesso.
2026-05-28 01:28:52,270 - INFO - Job "tarefa_scan_automatico (trigger: interval[0:05:00], next run at: 2026-05-28 01:33:18 -03)" executed successfully
2026-05-28 01:33:18,401 - INFO - Running job "tarefa_scan_automatico (trigger: interval[0:05:00], next run at: 2026-05-28 01:38:18 -03)" (scheduled at 2026-05-28 01:33:18.396886-03:00)
2026-05-28 01:33:18,414 - INFO - \U0001f552 Automação: Iniciando varredura agendada...
2026-05-28 01:33:51,838 - INFO - \u2705 Automação: Varredura concluída com sucesso.
2026-05-28 01:33:51,838 - INFO - Job "tarefa_scan_automatico (trigger: interval[0:05:00], next run at: 2026-05-28 01:38:18 -03)" executed successfully
2026-05-28 01:38:18,401 - INFO - Running job "tarefa_scan_automatico (trigger: interval[0:05:00], next run at: 2026-05-28 01:43:18 -03)" (scheduled at 2026-05-28 01:38:18.396886-03:00)
2026-05-28 01:38:18,402 - INFO - \U0001f552 Automação: Iniciando varredura agendada...
2026-05-28 01:38:49,003 - INFO - \u2705 Automação: Varredura concluída com sucesso.
2026-05-28 01:38:49,003 - INFO - Job "tarefa_scan_automatico (trigger: interval[0:05:00], next run at: 2026-05-28 01:43:18 -03)" executed successfully
2026-05-28 01:43:18,400 - INFO - Running job "tarefa_scan_automatico (trigger: interval[0:05:00], next run at: 2026-05-28 01:48:18 -03)" (scheduled at 2026-05-28 01:43:18.396886-03:00)
2026-05-28 01:43:18,401 - INFO - \U0001f552 Automação: Iniciando varredura agendada...
2026-05-28 01:43:50,744 - INFO - \u2705 Automação: Varredura concluída com sucesso.
2026-05-28 01:43:50,745 - INFO - Job "tarefa_scan_automatico (trigger: interval[0:05:00], next run at: 2026-05-28 01:48:18 -03)" executed successfully
2026-05-28 01:48:18,413 - INFO - Running job "tarefa_scan_automatico (trigger: interval[0:05:00], next run at: 2026-05-28 01:53:18 -03)" (scheduled at 2026-05-28 01:48:18.396886-03:00)
2026-05-28 01:48:18,414 - INFO - \U0001f552 Automação: Iniciando varredura agendada...
2026-05-28 01:48:51,826 - INFO - \u2705 Automação: Varredura concluída com sucesso.
2026-05-28 01:48:51,826 - INFO - Job "tarefa_scan_automatico (trigger: interval[0:05:00], next run at: 2026-05-28 01:53:18 -03)" executed successfully
2026-05-28 01:53:18,400 - INFO - Running job "tarefa_scan_automatico (trigger: interval[0:05:00], next run at: 2026-05-28 01:58:18 -03)" (scheduled at 2026-05-28 01:53:18.396886-03:00)
2026-05-28 01:53:18,400 - INFO - \U0001f552 Automação: Iniciando varredura agendada...
2026-05-28 01:53:48,967 - INFO - \u2705 Automação: Varredura concluída com sucesso.
2026-05-28 01:53:48,967 - INFO - Job "tarefa_scan_automatico (trigger: interval[0:05:00], next run at: 2026-05-28 01:58:18 -03)" executed successfully
2026-05-28 01:58:18,400 - INFO - Running job "tarefa_scan_automatico (trigger: interval[0:05:00], next run at: 2026-05-28 02:03:18 -03)" (scheduled at 2026-05-28 01:58:18.396886-03:00)
2026-05-28 01:58:18,400 - INFO - \U0001f552 Automação: Iniciando varredura agendada...
2026-05-28 01:58:51,887 - INFO - \u2705 Automação: Varredura concluída com sucesso.
2026-05-28 01:58:51,887 - INFO - Job "tarefa_scan_automatico (trigger: interval[0:05:00], next run at: 2026-05-28 02:03:18 -03)" executed successfully
2026-05-28 02:03:18,408 - INFO - Running job "tarefa_scan_automatico (trigger: interval[0:05:00], next run at: 2026-05-28 02:08:18 -03)" (scheduled at 2026-05-28 02:03:18.396886-03:00)
2026-05-28 02:03:18,409 - INFO - \U0001f552 Automação: Iniciando varredura agendada...
2026-05-28 02:03:49,091 - INFO - \u2705 Automação: Varredura concluída com sucesso.
2026-05-28 02:03:49,091 - INFO - Job "tarefa_scan_automatico (trigger: interval[0:05:00], next run at: 2026-05-28 02:08:18 -03)" executed successfully
2026-05-28 02:08:18,408 - INFO - Running job "tarefa_scan_automatico (trigger: interval[0:05:00], next run at: 2026-05-28 02:13:18 -03)" (scheduled at 2026-05-28 02:08:18.396886-03:00)
2026-05-28 02:08:18,408 - INFO - \U0001f552 Automação: Iniciando varredura agendada...
2026-05-28 02:08:49,166 - INFO - \u2705 Automação: Varredura concluída com sucesso.
2026-05-28 02:08:49,167 - INFO - Job "tarefa_scan_automatico (trigger: interval[0:05:00], next run at: 2026-05-28 02:13:18 -03)" executed successfully
2026-05-28 02:13:18,402 - INFO - Running job "tarefa_scan_automatico (trigger: interval[0:05:00], next run at: 2026-05-28 02:18:18 -03)" (scheduled at 2026-05-28 02:13:18.396886-03:00)
2026-05-28 02:13:18,403 - INFO - \U0001f552 Automação: Iniciando varredura agendada...
2026-05-28 02:13:49,048 - INFO - \u2705 Automação: Varredura concluída com sucesso.
2026-05-28 02:13:49,048 - INFO - Job "tarefa_scan_automatico (trigger: interval[0:05:00], next run at: 2026-05-28 02:18:18 -03)" executed successfully
2026-05-28 02:18:18,399 - INFO - Running job "tarefa_scan_automatico (trigger: interval[0:05:00], next run at: 2026-05-28 02:23:18 -03)" (scheduled at 2026-05-28 02:18:18.396886-03:00)
2026-05-28 02:18:18,399 - INFO - \U0001f552 Automação: Iniciando varredura agendada...
2026-05-28 02:18:49,039 - INFO - \u2705 Automação: Varredura concluída com sucesso.
2026-05-28 02:18:49,039 - INFO - Job "tarefa_scan_automatico (trigger: interval[0:05:00], next run at: 2026-05-28 02:23:18 -03)" executed successfully
2026-05-28 02:23:18,410 - INFO - Running job "tarefa_scan_automatico (trigger: interval[0:05:00], next run at: 2026-05-28 02:28:18 -03)" (scheduled at 2026-05-28 02:23:18.396886-03:00)
2026-05-28 02:23:18,410 - INFO - \U0001f552 Automação: Iniciando varredura agendada...
2026-05-28 02:23:49,006 - INFO - \u2705 Automação: Varredura concluída com sucesso.
2026-05-28 02:23:49,006 - INFO - Job "tarefa_scan_automatico (trigger: interval[0:05:00], next run at: 2026-05-28 02:28:18 -03)" executed successfully
2026-05-28 02:28:18,400 - INFO - Running job "tarefa_scan_automatico (trigger: interval[0:05:00], next run at: 2026-05-28 02:33:18 -03)" (scheduled at 2026-05-28 02:28:18.396886-03:00)
2026-05-28 02:28:18,401 - INFO - \U0001f552 Automação: Iniciando varredura agendada...
2026-05-28 02:28:48,968 - INFO - \u2705 Automação: Varredura concluída com sucesso.
2026-05-28 02:28:48,969 - INFO - Job "tarefa_scan_automatico (trigger: interval[0:05:00], next run at: 2026-05-28 02:33:18 -03)" executed successfully
2026-05-28 02:33:18,405 - INFO - Running job "tarefa_scan_automatico (trigger: interval[0:05:00], next run at: 2026-05-28 02:38:18 -03)" (scheduled at 2026-05-28 02:33:18.396886-03:00)
2026-05-28 02:33:18,405 - INFO - \U0001f552 Automação: Iniciando varredura agendada...
2026-05-28 02:33:49,026 - INFO - \u2705 Automação: Varredura concluída com sucesso.
2026-05-28 02:33:49,026 - INFO - Job "tarefa_scan_automatico (trigger: interval[0:05:00], next run at: 2026-05-28 02:38:18 -03)" executed successfully
2026-05-28 02:38:18,409 - INFO - Running job "tarefa_scan_automatico (trigger: interval[0:05:00], next run at: 2026-05-28 02:43:18 -03)" (scheduled at 2026-05-28 02:38:18.396886-03:00)
2026-05-28 02:38:18,410 - INFO - \U0001f552 Automação: Iniciando varredura agendada...
2026-05-28 02:38:49,004 - INFO - \u2705 Automação: Varredura concluída com sucesso.
2026-05-28 02:38:49,006 - INFO - Job "tarefa_scan_automatico (trigger: interval[0:05:00], next run at: 2026-05-28 02:43:18 -03)" executed successfully
2026-05-28 02:43:18,419 - INFO - Running job "tarefa_scan_automatico (trigger: interval[0:05:00], next run at: 2026-05-28 02:48:18 -03)" (scheduled at 2026-05-28 02:43:18.396886-03:00)
2026-05-28 02:43:18,420 - INFO - \U0001f552 Automação: Iniciando varredura agendada...
2026-05-28 02:43:49,041 - INFO - \u2705 Automação: Varredura concluída com sucesso.
2026-05-28 02:43:49,042 - INFO - Job "tarefa_scan_automatico (trigger: interval[0:05:00], next run at: 2026-05-28 02:48:18 -03)" executed successfully
2026-05-28 02:48:18,410 - INFO - Running job "tarefa_scan_automatico (trigger: interval[0:05:00], next run at: 2026-05-28 02:53:18 -03)" (scheduled at 2026-05-28 02:48:18.396886-03:00)
2026-05-28 02:48:18,418 - INFO - \U0001f552 Automação: Iniciando varredura agendada...
2026-05-28 02:48:49,312 - INFO - \u2705 Automação: Varredura concluída com sucesso.
2026-05-28 02:48:49,312 - INFO - Job "tarefa_scan_automatico (trigger: interval[0:05:00], next run at: 2026-05-28 02:53:18 -03)" executed successfully
2026-05-28 02:53:18,403 - INFO - Running job "tarefa_scan_automatico (trigger: interval[0:05:00], next run at: 2026-05-28 02:58:18 -03)" (scheduled at 2026-05-28 02:53:18.396886-03:00)
2026-05-28 02:53:18,403 - INFO - \U0001f552 Automação: Iniciando varredura agendada...
2026-05-28 02:53:49,106 - INFO - \u2705 Automação: Varredura concluída com sucesso.
2026-05-28 02:53:49,107 - INFO - Job "tarefa_scan_automatico (trigger: interval[0:05:00], next run at: 2026-05-28 02:58:18 -03)" executed successfully
2026-05-28 02:58:18,418 - INFO - Running job "tarefa_scan_automatico (trigger: interval[0:05:00], next run at: 2026-05-28 03:03:18 -03)" (scheduled at 2026-05-28 02:58:18.396886-03:00)
2026-05-28 02:58:18,419 - INFO - \U0001f552 Automação: Iniciando varredura agendada...
2026-05-28 02:58:49,118 - INFO - \u2705 Automação: Varredura concluída com sucesso.
2026-05-28 02:58:49,118 - INFO - Job "tarefa_scan_automatico (trigger: interval[0:05:00], next run at: 2026-05-28 03:03:18 -03)" executed successfully
2026-05-28 03:03:18,400 - INFO - Running job "tarefa_scan_automatico (trigger: interval[0:05:00], next run at: 2026-05-28 03:08:18 -03)" (scheduled at 2026-05-28 03:03:18.396886-03:00)
2026-05-28 03:03:18,408 - INFO - \U0001f552 Automação: Iniciando varredura agendada...
2026-05-28 03:03:49,090 - INFO - \u2705 Automação: Varredura concluída com sucesso.
2026-05-28 03:03:49,091 - INFO - Job "tarefa_scan_automatico (trigger: interval[0:05:00], next run at: 2026-05-28 03:08:18 -03)" executed successfully
2026-05-28 03:08:18,401 - INFO - Running job "tarefa_scan_automatico (trigger: interval[0:05:00], next run at: 2026-05-28 03:13:18 -03)" (scheduled at 2026-05-28 03:08:18.396886-03:00)
2026-05-28 03:08:18,402 - INFO - \U0001f552 Automação: Iniciando varredura agendada...
2026-05-28 03:08:50,082 - INFO - \u2705 Automação: Varredura concluída com sucesso.
2026-05-28 03:08:50,083 - INFO - Job "tarefa_scan_automatico (trigger: interval[0:05:00], next run at: 2026-05-28 03:13:18 -03)" executed successfully
2026-05-28 03:13:18,405 - INFO - Running job "tarefa_scan_automatico (trigger: interval[0:05:00], next run at: 2026-05-28 03:18:18 -03)" (scheduled at 2026-05-28 03:13:18.396886-03:00)
2026-05-28 03:13:18,405 - INFO - \U0001f552 Automação: Iniciando varredura agendada...
2026-05-28 03:13:48,992 - INFO - \u2705 Automação: Varredura concluída com sucesso.
2026-05-28 03:13:48,993 - INFO - Job "tarefa_scan_automatico (trigger: interval[0:05:00], next run at: 2026-05-28 03:18:18 -03)" executed successfully
2026-05-28 03:18:18,405 - INFO - Running job "tarefa_scan_automatico (trigger: interval[0:05:00], next run at: 2026-05-28 03:23:18 -03)" (scheduled at 2026-05-28 03:18:18.396886-03:00)
2026-05-28 03:18:18,406 - INFO - \U0001f552 Automação: Iniciando varredura agendada...
2026-05-28 03:18:49,175 - INFO - \u2705 Automação: Varredura concluída com sucesso.
2026-05-28 03:18:49,176 - INFO - Job "tarefa_scan_automatico (trigger: interval[0:05:00], next run at: 2026-05-28 03:23:18 -03)" executed successfully
2026-05-28 03:23:18,411 - INFO - Running job "tarefa_scan_automatico (trigger: interval[0:05:00], next run at: 2026-05-28 03:28:18 -03)" (scheduled at 2026-05-28 03:23:18.396886-03:00)
2026-05-28 03:23:18,411 - INFO - \U0001f552 Automação: Iniciando varredura agendada...
2026-05-28 03:23:49,067 - INFO - \u2705 Automação: Varredura concluída com sucesso.
2026-05-28 03:23:49,067 - INFO - Job "tarefa_scan_automatico (trigger: interval[0:05:00], next run at: 2026-05-28 03:28:18 -03)" executed successfully
2026-05-28 03:28:18,416 - INFO - Running job "tarefa_scan_automatico (trigger: interval[0:05:00], next run at: 2026-05-28 03:33:18 -03)" (scheduled at 2026-05-28 03:28:18.396886-03:00)
2026-05-28 03:28:18,417 - INFO - \U0001f552 Automação: Iniciando varredura agendada...
2026-05-28 03:28:49,156 - INFO - \u2705 Automação: Varredura concluída com sucesso.
2026-05-28 03:28:49,157 - INFO - Job "tarefa_scan_automatico (trigger: interval[0:05:00], next run at: 2026-05-28 03:33:18 -03)" executed successfully
2026-05-28 03:33:18,410 - INFO - Running job "tarefa_scan_automatico (trigger: interval[0:05:00], next run at: 2026-05-28 03:38:18 -03)" (scheduled at 2026-05-28 03:33:18.396886-03:00)
2026-05-28 03:33:18,411 - INFO - \U0001f552 Automação: Iniciando varredura agendada...
2026-05-28 03:33:49,020 - INFO - \u2705 Automação: Varredura concluída com sucesso.
2026-05-28 03:33:49,020 - INFO - Job "tarefa_scan_automatico (trigger: interval[0:05:00], next run at: 2026-05-28 03:38:18 -03)" executed successfully
2026-05-28 03:38:18,401 - INFO - Running job "tarefa_scan_automatico (trigger: interval[0:05:00], next run at: 2026-05-28 03:43:18 -03)" (scheduled at 2026-05-28 03:38:18.396886-03:00)
2026-05-28 03:38:18,409 - INFO - \U0001f552 Automação: Iniciando varredura agendada...
2026-05-28 03:38:48,992 - INFO - \u2705 Automação: Varredura concluída com sucesso.
2026-05-28 03:38:48,992 - INFO - Job "tarefa_scan_automatico (trigger: interval[0:05:00], next run at: 2026-05-28 03:43:18 -03)" executed successfully
2026-05-28 03:43:18,407 - INFO - Running job "tarefa_scan_automatico (trigger: interval[0:05:00], next run at: 2026-05-28 03:48:18 -03)" (scheduled at 2026-05-28 03:43:18.396886-03:00)
2026-05-28 03:43:18,408 - INFO - \U0001f552 Automação: Iniciando varredura agendada...
2026-05-28 03:43:48,972 - INFO - \u2705 Automação: Varredura concluída com sucesso.
2026-05-28 03:43:48,973 - INFO - Job "tarefa_scan_automatico (trigger: interval[0:05:00], next run at: 2026-05-28 03:48:18 -03)" executed successfully
2026-05-28 03:48:18,408 - INFO - Running job "tarefa_scan_automatico (trigger: interval[0:05:00], next run at: 2026-05-28 03:53:18 -03)" (scheduled at 2026-05-28 03:48:18.396886-03:00)
2026-05-28 03:48:18,408 - INFO - \U0001f552 Automação: Iniciando varredura agendada...
2026-05-28 03:48:49,057 - INFO - \u2705 Automação: Varredura concluída com sucesso.
2026-05-28 03:48:49,057 - INFO - Job "tarefa_scan_automatico (trigger: interval[0:05:00], next run at: 2026-05-28 03:53:18 -03)" executed successfully
2026-05-28 03:53:18,413 - INFO - Running job "tarefa_scan_automatico (trigger: interval[0:05:00], next run at: 2026-05-28 03:58:18 -03)" (scheduled at 2026-05-28 03:53:18.396886-03:00)
2026-05-28 03:53:18,413 - INFO - \U0001f552 Automação: Iniciando varredura agendada...
2026-05-28 03:53:49,022 - INFO - \u2705 Automação: Varredura concluída com sucesso.
2026-05-28 03:53:49,022 - INFO - Job "tarefa_scan_automatico (trigger: interval[0:05:00], next run at: 2026-05-28 03:58:18 -03)" executed successfully
2026-05-28 03:58:18,407 - INFO - Running job "tarefa_scan_automatico (trigger: interval[0:05:00], next run at: 2026-05-28 04:03:18 -03)" (scheduled at 2026-05-28 03:58:18.396886-03:00)
2026-05-28 03:58:18,408 - INFO - \U0001f552 Automação: Iniciando varredura agendada...
2026-05-28 03:58:49,016 - INFO - \u2705 Automação: Varredura concluída com sucesso.
2026-05-28 03:58:49,016 - INFO - Job "tarefa_scan_automatico (trigger: interval[0:05:00], next run at: 2026-05-28 04:03:18 -03)" executed successfully
2026-05-28 04:03:18,410 - INFO - Running job "tarefa_scan_automatico (trigger: interval[0:05:00], next run at: 2026-05-28 04:08:18 -03)" (scheduled at 2026-05-28 04:03:18.396886-03:00)
2026-05-28 04:03:18,411 - INFO - \U0001f552 Automação: Iniciando varredura agendada...
2026-05-28 04:03:49,069 - INFO - \u2705 Automação: Varredura concluída com sucesso.
2026-05-28 04:03:49,069 - INFO - Job "tarefa_scan_automatico (trigger: interval[0:05:00], next run at: 2026-05-28 04:08:18 -03)" executed successfully
2026-05-28 04:08:18,405 - INFO - Running job "tarefa_scan_automatico (trigger: interval[0:05:00], next run at: 2026-05-28 04:13:18 -03)" (scheduled at 2026-05-28 04:08:18.396886-03:00)
2026-05-28 04:08:18,405 - INFO - \U0001f552 Automação: Iniciando varredura agendada...
2026-05-28 04:08:50,350 - INFO - \u2705 Automação: Varredura concluída com sucesso.
2026-05-28 04:08:50,350 - INFO - Job "tarefa_scan_automatico (trigger: interval[0:05:00], next run at: 2026-05-28 04:13:18 -03)" executed successfully
2026-05-28 04:13:18,416 - INFO - Running job "tarefa_scan_automatico (trigger: interval[0:05:00], next run at: 2026-05-28 04:18:18 -03)" (scheduled at 2026-05-28 04:13:18.396886-03:00)
2026-05-28 04:13:18,417 - INFO - \U0001f552 Automação: Iniciando varredura agendada...
2026-05-28 04:13:49,031 - INFO - \u2705 Automação: Varredura concluída com sucesso.
2026-05-28 04:13:49,032 - INFO - Job "tarefa_scan_automatico (trigger: interval[0:05:00], next run at: 2026-05-28 04:18:18 -03)" executed successfully
2026-05-28 04:18:18,409 - INFO - Running job "tarefa_scan_automatico (trigger: interval[0:05:00], next run at: 2026-05-28 04:23:18 -03)" (scheduled at 2026-05-28 04:18:18.396886-03:00)
2026-05-28 04:18:18,416 - INFO - \U0001f552 Automação: Iniciando varredura agendada...
2026-05-28 04:18:49,171 - INFO - \u2705 Automação: Varredura concluída com sucesso.
2026-05-28 04:18:49,171 - INFO - Job "tarefa_scan_automatico (trigger: interval[0:05:00], next run at: 2026-05-28 04:23:18 -03)" executed successfully
2026-05-28 04:23:18,410 - INFO - Running job "tarefa_scan_automatico (trigger: interval[0:05:00], next run at: 2026-05-28 04:28:18 -03)" (scheduled at 2026-05-28 04:23:18.396886-03:00)
2026-05-28 04:23:18,411 - INFO - \U0001f552 Automação: Iniciando varredura agendada...
2026-05-28 04:23:49,123 - INFO - \u2705 Automação: Varredura concluída com sucesso.
2026-05-28 04:23:49,124 - INFO - Job "tarefa_scan_automatico (trigger: interval[0:05:00], next run at: 2026-05-28 04:28:18 -03)" executed successfully
2026-05-28 04:28:18,411 - INFO - Running job "tarefa_scan_automatico (trigger: interval[0:05:00], next run at: 2026-05-28 04:33:18 -03)" (scheduled at 2026-05-28 04:28:18.396886-03:00)
2026-05-28 04:28:18,412 - INFO - \U0001f552 Automação: Iniciando varredura agendada...
2026-05-28 04:28:48,968 - INFO - \u2705 Automação: Varredura concluída com sucesso.
2026-05-28 04:28:48,968 - INFO - Job "tarefa_scan_automatico (trigger: interval[0:05:00], next run at: 2026-05-28 04:33:18 -03)" executed successfully
2026-05-28 04:33:18,407 - INFO - Running job "tarefa_scan_automatico (trigger: interval[0:05:00], next run at: 2026-05-28 04:38:18 -03)" (scheduled at 2026-05-28 04:33:18.396886-03:00)
2026-05-28 04:33:18,408 - INFO - \U0001f552 Automação: Iniciando varredura agendada...
2026-05-28 04:33:49,239 - INFO - \u2705 Automação: Varredura concluída com sucesso.
2026-05-28 04:33:49,240 - INFO - Job "tarefa_scan_automatico (trigger: interval[0:05:00], next run at: 2026-05-28 04:38:18 -03)" executed successfully
2026-05-28 04:38:18,421 - INFO - Running job "tarefa_scan_automatico (trigger: interval[0:05:00], next run at: 2026-05-28 04:43:18 -03)" (scheduled at 2026-05-28 04:38:18.396886-03:00)
2026-05-28 04:38:18,421 - INFO - \U0001f552 Automação: Iniciando varredura agendada...
2026-05-28 04:38:49,109 - INFO - \u2705 Automação: Varredura concluída com sucesso.
2026-05-28 04:38:49,110 - INFO - Job "tarefa_scan_automatico (trigger: interval[0:05:00], next run at: 2026-05-28 04:43:18 -03)" executed successfully
2026-05-28 04:43:18,412 - INFO - Running job "tarefa_scan_automatico (trigger: interval[0:05:00], next run at: 2026-05-28 04:48:18 -03)" (scheduled at 2026-05-28 04:43:18.396886-03:00)
2026-05-28 04:43:18,419 - INFO - \U0001f552 Automação: Iniciando varredura agendada...
2026-05-28 04:43:49,076 - INFO - \u2705 Automação: Varredura concluída com sucesso.
2026-05-28 04:43:49,076 - INFO - Job "tarefa_scan_automatico (trigger: interval[0:05:00], next run at: 2026-05-28 04:48:18 -03)" executed successfully
2026-05-28 04:48:18,415 - INFO - Running job "tarefa_scan_automatico (trigger: interval[0:05:00], next run at: 2026-05-28 04:53:18 -03)" (scheduled at 2026-05-28 04:48:18.396886-03:00)
2026-05-28 04:48:18,416 - INFO - \U0001f552 Automação: Iniciando varredura agendada...
2026-05-28 04:48:49,056 - INFO - \u2705 Automação: Varredura concluída com sucesso.
2026-05-28 04:48:49,056 - INFO - Job "tarefa_scan_automatico (trigger: interval[0:05:00], next run at: 2026-05-28 04:53:18 -03)" executed successfully
2026-05-28 04:53:18,407 - INFO - Running job "tarefa_scan_automatico (trigger: interval[0:05:00], next run at: 2026-05-28 04:58:18 -03)" (scheduled at 2026-05-28 04:53:18.396886-03:00)
2026-05-28 04:53:18,407 - INFO - \U0001f552 Automação: Iniciando varredura agendada...
2026-05-28 04:53:49,022 - INFO - \u2705 Automação: Varredura concluída com sucesso.
2026-05-28 04:53:49,022 - INFO - Job "tarefa_scan_automatico (trigger: interval[0:05:00], next run at: 2026-05-28 04:58:18 -03)" executed successfully
2026-05-28 04:58:18,405 - INFO - Running job "tarefa_scan_automatico (trigger: interval[0:05:00], next run at: 2026-05-28 05:03:18 -03)" (scheduled at 2026-05-28 04:58:18.396886-03:00)
2026-05-28 04:58:18,405 - INFO - \U0001f552 Automação: Iniciando varredura agendada...
2026-05-28 04:58:49,063 - INFO - \u2705 Automação: Varredura concluída com sucesso.
2026-05-28 04:58:49,065 - INFO - Job "tarefa_scan_automatico (trigger: interval[0:05:00], next run at: 2026-05-28 05:03:18 -03)" executed successfully
2026-05-28 05:03:18,410 - INFO - Running job "tarefa_scan_automatico (trigger: interval[0:05:00], next run at: 2026-05-28 05:08:18 -03)" (scheduled at 2026-05-28 05:03:18.396886-03:00)
2026-05-28 05:03:18,410 - INFO - \U0001f552 Automação: Iniciando varredura agendada...
2026-05-28 05:03:49,006 - INFO - \u2705 Automação: Varredura concluída com sucesso.
2026-05-28 05:03:49,007 - INFO - Job "tarefa_scan_automatico (trigger: interval[0:05:00], next run at: 2026-05-28 05:08:18 -03)" executed successfully
2026-05-28 05:08:18,402 - INFO - Running job "tarefa_scan_automatico (trigger: interval[0:05:00], next run at: 2026-05-28 05:13:18 -03)" (scheduled at 2026-05-28 05:08:18.396886-03:00)
2026-05-28 05:08:18,402 - INFO - \U0001f552 Automação: Iniciando varredura agendada...
2026-05-28 05:08:49,154 - INFO - \u2705 Automação: Varredura concluída com sucesso.
2026-05-28 05:08:49,155 - INFO - Job "tarefa_scan_automatico (trigger: interval[0:05:00], next run at: 2026-05-28 05:13:18 -03)" executed successfully
2026-05-28 05:13:18,409 - INFO - Running job "tarefa_scan_automatico (trigger: interval[0:05:00], next run at: 2026-05-28 05:18:18 -03)" (scheduled at 2026-05-28 05:13:18.396886-03:00)
2026-05-28 05:13:18,410 - INFO - \U0001f552 Automação: Iniciando varredura agendada...
2026-05-28 05:13:50,122 - INFO - \u2705 Automação: Varredura concluída com sucesso.
2026-05-28 05:13:50,122 - INFO - Job "tarefa_scan_automatico (trigger: interval[0:05:00], next run at: 2026-05-28 05:18:18 -03)" executed successfully
2026-05-28 05:18:18,409 - INFO - Running job "tarefa_scan_automatico (trigger: interval[0:05:00], next run at: 2026-05-28 05:23:18 -03)" (scheduled at 2026-05-28 05:18:18.396886-03:00)
2026-05-28 05:18:18,410 - INFO - \U0001f552 Automação: Iniciando varredura agendada...
2026-05-28 05:18:49,229 - INFO - \u2705 Automação: Varredura concluída com sucesso.
2026-05-28 05:18:49,229 - INFO - Job "tarefa_scan_automatico (trigger: interval[0:05:00], next run at: 2026-05-28 05:23:18 -03)" executed successfully
2026-05-28 05:23:18,403 - INFO - Running job "tarefa_scan_automatico (trigger: interval[0:05:00], next run at: 2026-05-28 05:28:18 -03)" (scheduled at 2026-05-28 05:23:18.396886-03:00)
2026-05-28 05:23:18,403 - INFO - \U0001f552 Automação: Iniciando varredura agendada...
2026-05-28 05:23:48,950 - INFO - \u2705 Automação: Varredura concluída com sucesso.
2026-05-28 05:23:48,950 - INFO - Job "tarefa_scan_automatico (trigger: interval[0:05:00], next run at: 2026-05-28 05:28:18 -03)" executed successfully
2026-05-28 05:28:18,410 - INFO - Running job "tarefa_scan_automatico (trigger: interval[0:05:00], next run at: 2026-05-28 05:33:18 -03)" (scheduled at 2026-05-28 05:28:18.396886-03:00)
2026-05-28 05:28:18,410 - INFO - \U0001f552 Automação: Iniciando varredura agendada...
2026-05-28 05:28:49,152 - INFO - \u2705 Automação: Varredura concluída com sucesso.
2026-05-28 05:28:49,152 - INFO - Job "tarefa_scan_automatico (trigger: interval[0:05:00], next run at: 2026-05-28 05:33:18 -03)" executed successfully
2026-05-28 05:33:18,412 - INFO - Running job "tarefa_scan_automatico (trigger: interval[0:05:00], next run at: 2026-05-28 05:38:18 -03)" (scheduled at 2026-05-28 05:33:18.396886-03:00)
2026-05-28 05:33:18,412 - INFO - \U0001f552 Automação: Iniciando varredura agendada...
2026-05-28 05:33:49,081 - INFO - \u2705 Automação: Varredura concluída com sucesso.
2026-05-28 05:33:49,082 - INFO - Job "tarefa_scan_automatico (trigger: interval[0:05:00], next run at: 2026-05-28 05:38:18 -03)" executed successfully
2026-05-28 05:38:18,407 - INFO - Running job "tarefa_scan_automatico (trigger: interval[0:05:00], next run at: 2026-05-28 05:43:18 -03)" (scheduled at 2026-05-28 05:38:18.396886-03:00)
2026-05-28 05:38:18,407 - INFO - \U0001f552 Automação: Iniciando varredura agendada...
2026-05-28 05:38:48,971 - INFO - \u2705 Automação: Varredura concluída com sucesso.
2026-05-28 05:38:48,971 - INFO - Job "tarefa_scan_automatico (trigger: interval[0:05:00], next run at: 2026-05-28 05:43:18 -03)" executed successfully
2026-05-28 05:43:18,406 - INFO - Running job "tarefa_scan_automatico (trigger: interval[0:05:00], next run at: 2026-05-28 05:48:18 -03)" (scheduled at 2026-05-28 05:43:18.396886-03:00)
2026-05-28 05:43:18,406 - INFO - \U0001f552 Automação: Iniciando varredura agendada...
2026-05-28 05:43:49,122 - INFO - \u2705 Automação: Varredura concluída com sucesso.
2026-05-28 05:43:49,123 - INFO - Job "tarefa_scan_automatico (trigger: interval[0:05:00], next run at: 2026-05-28 05:48:18 -03)" executed successfully
2026-05-28 05:48:18,407 - INFO - Running job "tarefa_scan_automatico (trigger: interval[0:05:00], next run at: 2026-05-28 05:53:18 -03)" (scheduled at 2026-05-28 05:48:18.396886-03:00)
2026-05-28 05:48:18,408 - INFO - \U0001f552 Automação: Iniciando varredura agendada...
2026-05-28 05:48:49,137 - INFO - \u2705 Automação: Varredura concluída com sucesso.
2026-05-28 05:48:49,138 - INFO - Job "tarefa_scan_automatico (trigger: interval[0:05:00], next run at: 2026-05-28 05:53:18 -03)" executed successfully
2026-05-28 05:53:18,408 - INFO - Running job "tarefa_scan_automatico (trigger: interval[0:05:00], next run at: 2026-05-28 05:58:18 -03)" (scheduled at 2026-05-28 05:53:18.396886-03:00)
2026-05-28 05:53:18,408 - INFO - \U0001f552 Automação: Iniciando varredura agendada...
2026-05-28 05:53:49,335 - INFO - \u2705 Automação: Varredura concluída com sucesso.
2026-05-28 05:53:49,336 - INFO - Job "tarefa_scan_automatico (trigger: interval[0:05:00], next run at: 2026-05-28 05:58:18 -03)" executed successfully
2026-05-28 05:58:18,416 - INFO - Running job "tarefa_scan_automatico (trigger: interval[0:05:00], next run at: 2026-05-28 06:03:18 -03)" (scheduled at 2026-05-28 05:58:18.396886-03:00)
2026-05-28 05:58:18,418 - INFO - \U0001f552 Automação: Iniciando varredura agendada...
2026-05-28 05:58:49,154 - INFO - \u2705 Automação: Varredura concluída com sucesso.
2026-05-28 05:58:49,154 - INFO - Job "tarefa_scan_automatico (trigger: interval[0:05:00], next run at: 2026-05-28 06:03:18 -03)" executed successfully
2026-05-28 06:03:18,404 - INFO - Running job "tarefa_scan_automatico (trigger: interval[0:05:00], next run at: 2026-05-28 06:08:18 -03)" (scheduled at 2026-05-28 06:03:18.396886-03:00)
2026-05-28 06:03:18,405 - INFO - \U0001f552 Automação: Iniciando varredura agendada...
2026-05-28 06:03:49,153 - INFO - \u2705 Automação: Varredura concluída com sucesso.
2026-05-28 06:03:49,154 - INFO - Job "tarefa_scan_automatico (trigger: interval[0:05:00], next run at: 2026-05-28 06:08:18 -03)" executed successfully
2026-05-28 06:08:18,413 - INFO - Running job "tarefa_scan_automatico (trigger: interval[0:05:00], next run at: 2026-05-28 06:13:18 -03)" (scheduled at 2026-05-28 06:08:18.396886-03:00)
2026-05-28 06:08:18,417 - INFO - \U0001f552 Automação: Iniciando varredura agendada...
2026-05-28 06:08:49,097 - INFO - \u2705 Automação: Varredura concluída com sucesso.
2026-05-28 06:08:49,097 - INFO - Job "tarefa_scan_automatico (trigger: interval[0:05:00], next run at: 2026-05-28 06:13:18 -03)" executed successfully
2026-05-28 06:13:18,408 - INFO - Running job "tarefa_scan_automatico (trigger: interval[0:05:00], next run at: 2026-05-28 06:18:18 -03)" (scheduled at 2026-05-28 06:13:18.396886-03:00)
2026-05-28 06:13:18,409 - INFO - \U0001f552 Automação: Iniciando varredura agendada...
2026-05-28 06:13:49,233 - INFO - \u2705 Automação: Varredura concluída com sucesso.
2026-05-28 06:13:49,233 - INFO - Job "tarefa_scan_automatico (trigger: interval[0:05:00], next run at: 2026-05-28 06:18:18 -03)" executed successfully
2026-05-28 06:18:18,409 - INFO - Running job "tarefa_scan_automatico (trigger: interval[0:05:00], next run at: 2026-05-28 06:23:18 -03)" (scheduled at 2026-05-28 06:18:18.396886-03:00)
2026-05-28 06:18:18,409 - INFO - \U0001f552 Automação: Iniciando varredura agendada...
2026-05-28 06:18:50,861 - INFO - \u2705 Automação: Varredura concluída com sucesso.
2026-05-28 06:18:50,862 - INFO - Job "tarefa_scan_automatico (trigger: interval[0:05:00], next run at: 2026-05-28 06:23:18 -03)" executed successfully
2026-05-28 06:23:18,409 - INFO - Running job "tarefa_scan_automatico (trigger: interval[0:05:00], next run at: 2026-05-28 06:28:18 -03)" (scheduled at 2026-05-28 06:23:18.396886-03:00)
2026-05-28 06:23:18,409 - INFO - \U0001f552 Automação: Iniciando varredura agendada...
2026-05-28 06:23:49,079 - INFO - \u2705 Automação: Varredura concluída com sucesso.
2026-05-28 06:23:49,079 - INFO - Job "tarefa_scan_automatico (trigger: interval[0:05:00], next run at: 2026-05-28 06:28:18 -03)" executed successfully
2026-05-28 06:28:18,411 - INFO - Running job "tarefa_scan_automatico (trigger: interval[0:05:00], next run at: 2026-05-28 06:33:18 -03)" (scheduled at 2026-05-28 06:28:18.396886-03:00)
2026-05-28 06:28:18,411 - INFO - \U0001f552 Automação: Iniciando varredura agendada...
2026-05-28 06:28:49,095 - INFO - \u2705 Automação: Varredura concluída com sucesso.
2026-05-28 06:28:49,095 - INFO - Job "tarefa_scan_automatico (trigger: interval[0:05:00], next run at: 2026-05-28 06:33:18 -03)" executed successfully
2026-05-28 06:33:18,412 - INFO - Running job "tarefa_scan_automatico (trigger: interval[0:05:00], next run at: 2026-05-28 06:38:18 -03)" (scheduled at 2026-05-28 06:33:18.396886-03:00)
2026-05-28 06:33:18,413 - INFO - \U0001f552 Automação: Iniciando varredura agendada...
2026-05-28 06:33:49,045 - INFO - \u2705 Automação: Varredura concluída com sucesso.
2026-05-28 06:33:49,045 - INFO - Job "tarefa_scan_automatico (trigger: interval[0:05:00], next run at: 2026-05-28 06:38:18 -03)" executed successfully
2026-05-28 06:38:18,405 - INFO - Running job "tarefa_scan_automatico (trigger: interval[0:05:00], next run at: 2026-05-28 06:43:18 -03)" (scheduled at 2026-05-28 06:38:18.396886-03:00)
2026-05-28 06:38:18,407 - INFO - \U0001f552 Automação: Iniciando varredura agendada...
2026-05-28 06:38:49,059 - INFO - \u2705 Automação: Varredura concluída com sucesso.
2026-05-28 06:38:49,061 - INFO - Job "tarefa_scan_automatico (trigger: interval[0:05:00], next run at: 2026-05-28 06:43:18 -03)" executed successfully
2026-05-28 06:43:18,400 - INFO - Running job "tarefa_scan_automatico (trigger: interval[0:05:00], next run at: 2026-05-28 06:48:18 -03)" (scheduled at 2026-05-28 06:43:18.396886-03:00)
2026-05-28 06:43:18,401 - INFO - \U0001f552 Automação: Iniciando varredura agendada...
2026-05-28 06:43:49,068 - INFO - \u2705 Automação: Varredura concluída com sucesso.
2026-05-28 06:43:49,068 - INFO - Job "tarefa_scan_automatico (trigger: interval[0:05:00], next run at: 2026-05-28 06:48:18 -03)" executed successfully
2026-05-28 06:48:18,410 - INFO - Running job "tarefa_scan_automatico (trigger: interval[0:05:00], next run at: 2026-05-28 06:53:18 -03)" (scheduled at 2026-05-28 06:48:18.396886-03:00)
2026-05-28 06:48:18,411 - INFO - \U0001f552 Automação: Iniciando varredura agendada...
2026-05-28 06:48:49,019 - INFO - \u2705 Automação: Varredura concluída com sucesso.
2026-05-28 06:48:49,020 - INFO - Job "tarefa_scan_automatico (trigger: interval[0:05:00], next run at: 2026-05-28 06:53:18 -03)" executed successfully
2026-05-28 06:53:18,411 - INFO - Running job "tarefa_scan_automatico (trigger: interval[0:05:00], next run at: 2026-05-28 06:58:18 -03)" (scheduled at 2026-05-28 06:53:18.396886-03:00)
2026-05-28 06:53:18,412 - INFO - \U0001f552 Automação: Iniciando varredura agendada...
2026-05-28 06:53:49,026 - INFO - \u2705 Automação: Varredura concluída com sucesso.
2026-05-28 06:53:49,027 - INFO - Job "tarefa_scan_automatico (trigger: interval[0:05:00], next run at: 2026-05-28 06:58:18 -03)" executed successfully
2026-05-28 06:58:18,402 - INFO - Running job "tarefa_scan_automatico (trigger: interval[0:05:00], next run at: 2026-05-28 07:03:18 -03)" (scheduled at 2026-05-28 06:58:18.396886-03:00)
2026-05-28 06:58:18,410 - INFO - \U0001f552 Automação: Iniciando varredura agendada...
2026-05-28 06:58:49,286 - INFO - \u2705 Automação: Varredura concluída com sucesso.
2026-05-28 06:58:49,287 - INFO - Job "tarefa_scan_automatico (trigger: interval[0:05:00], next run at: 2026-05-28 07:03:18 -03)" executed successfully
2026-05-28 07:03:18,401 - INFO - Running job "tarefa_scan_automatico (trigger: interval[0:05:00], next run at: 2026-05-28 07:08:18 -03)" (scheduled at 2026-05-28 07:03:18.396886-03:00)
2026-05-28 07:03:18,401 - INFO - \U0001f552 Automação: Iniciando varredura agendada...
2026-05-28 07:03:49,033 - INFO - \u2705 Automação: Varredura concluída com sucesso.
2026-05-28 07:03:49,033 - INFO - Job "tarefa_scan_automatico (trigger: interval[0:05:00], next run at: 2026-05-28 07:08:18 -03)" executed successfully
2026-05-28 07:08:18,403 - INFO - Running job "tarefa_scan_automatico (trigger: interval[0:05:00], next run at: 2026-05-28 07:13:18 -03)" (scheduled at 2026-05-28 07:08:18.396886-03:00)
2026-05-28 07:08:18,403 - INFO - \U0001f552 Automação: Iniciando varredura agendada...
2026-05-28 07:08:49,138 - INFO - \u2705 Automação: Varredura concluída com sucesso.
2026-05-28 07:08:49,138 - INFO - Job "tarefa_scan_automatico (trigger: interval[0:05:00], next run at: 2026-05-28 07:13:18 -03)" executed successfully
2026-05-28 07:13:18,402 - INFO - Running job "tarefa_scan_automatico (trigger: interval[0:05:00], next run at: 2026-05-28 07:18:18 -03)" (scheduled at 2026-05-28 07:13:18.396886-03:00)
2026-05-28 07:13:18,403 - INFO - \U0001f552 Automação: Iniciando varredura agendada...
2026-05-28 07:13:50,145 - INFO - \u2705 Automação: Varredura concluída com sucesso.
2026-05-28 07:13:50,147 - INFO - Job "tarefa_scan_automatico (trigger: interval[0:05:00], next run at: 2026-05-28 07:18:18 -03)" executed successfully
2026-05-28 07:18:18,400 - INFO - Running job "tarefa_scan_automatico (trigger: interval[0:05:00], next run at: 2026-05-28 07:23:18 -03)" (scheduled at 2026-05-28 07:18:18.396886-03:00)
2026-05-28 07:18:18,409 - INFO - \U0001f552 Automação: Iniciando varredura agendada...
2026-05-28 07:18:49,134 - INFO - \u2705 Automação: Varredura concluída com sucesso.
2026-05-28 07:18:49,135 - INFO - Job "tarefa_scan_automatico (trigger: interval[0:05:00], next run at: 2026-05-28 07:23:18 -03)" executed successfully
2026-05-28 07:23:18,402 - INFO - Running job "tarefa_scan_automatico (trigger: interval[0:05:00], next run at: 2026-05-28 07:28:18 -03)" (scheduled at 2026-05-28 07:23:18.396886-03:00)
2026-05-28 07:23:18,403 - INFO - \U0001f552 Automação: Iniciando varredura agendada...
2026-05-28 07:23:49,051 - INFO - \u2705 Automação: Varredura concluída com sucesso.
2026-05-28 07:23:49,051 - INFO - Job "tarefa_scan_automatico (trigger: interval[0:05:00], next run at: 2026-05-28 07:28:18 -03)" executed successfully
2026-05-28 07:28:18,406 - INFO - Running job "tarefa_scan_automatico (trigger: interval[0:05:00], next run at: 2026-05-28 07:33:18 -03)" (scheduled at 2026-05-28 07:28:18.396886-03:00)
2026-05-28 07:28:18,407 - INFO - \U0001f552 Automação: Iniciando varredura agendada...
2026-05-28 07:28:49,210 - INFO - \u2705 Automação: Varredura concluída com sucesso.
2026-05-28 07:28:49,211 - INFO - Job "tarefa_scan_automatico (trigger: interval[0:05:00], next run at: 2026-05-28 07:33:18 -03)" executed successfully
2026-05-28 07:33:18,401 - INFO - Running job "tarefa_scan_automatico (trigger: interval[0:05:00], next run at: 2026-05-28 07:38:18 -03)" (scheduled at 2026-05-28 07:33:18.396886-03:00)
2026-05-28 07:33:18,402 - INFO - \U0001f552 Automação: Iniciando varredura agendada...
2026-05-28 07:33:49,204 - INFO - \u2705 Automação: Varredura concluída com sucesso.
2026-05-28 07:33:49,204 - INFO - Job "tarefa_scan_automatico (trigger: interval[0:05:00], next run at: 2026-05-28 07:38:18 -03)" executed successfully
2026-05-28 07:38:18,415 - INFO - Running job "tarefa_scan_automatico (trigger: interval[0:05:00], next run at: 2026-05-28 07:43:18 -03)" (scheduled at 2026-05-28 07:38:18.396886-03:00)
2026-05-28 07:38:18,418 - INFO - \U0001f552 Automação: Iniciando varredura agendada...
2026-05-28 07:38:49,225 - INFO - \u2705 Automação: Varredura concluída com sucesso.
2026-05-28 07:38:49,225 - INFO - Job "tarefa_scan_automatico (trigger: interval[0:05:00], next run at: 2026-05-28 07:43:18 -03)" executed successfully
2026-05-28 07:43:18,413 - INFO - Running job "tarefa_scan_automatico (trigger: interval[0:05:00], next run at: 2026-05-28 07:48:18 -03)" (scheduled at 2026-05-28 07:43:18.396886-03:00)
2026-05-28 07:43:18,415 - INFO - \U0001f552 Automação: Iniciando varredura agendada...
2026-05-28 07:43:49,105 - INFO - \u2705 Automação: Varredura concluída com sucesso.
2026-05-28 07:43:49,106 - INFO - Job "tarefa_scan_automatico (trigger: interval[0:05:00], next run at: 2026-05-28 07:48:18 -03)" executed successfully
2026-05-28 07:48:18,407 - INFO - Running job "tarefa_scan_automatico (trigger: interval[0:05:00], next run at: 2026-05-28 07:53:18 -03)" (scheduled at 2026-05-28 07:48:18.396886-03:00)
2026-05-28 07:48:18,416 - INFO - \U0001f552 Automação: Iniciando varredura agendada...
2026-05-28 07:48:49,317 - INFO - \u2705 Automação: Varredura concluída com sucesso.
2026-05-28 07:48:49,317 - INFO - Job "tarefa_scan_automatico (trigger: interval[0:05:00], next run at: 2026-05-28 07:53:18 -03)" executed successfully
2026-05-28 07:53:18,406 - INFO - Running job "tarefa_scan_automatico (trigger: interval[0:05:00], next run at: 2026-05-28 07:58:18 -03)" (scheduled at 2026-05-28 07:53:18.396886-03:00)
2026-05-28 07:53:18,410 - INFO - \U0001f552 Automação: Iniciando varredura agendada...
2026-05-28 07:53:49,184 - INFO - \u2705 Automação: Varredura concluída com sucesso.
2026-05-28 07:53:49,185 - INFO - Job "tarefa_scan_automatico (trigger: interval[0:05:00], next run at: 2026-05-28 07:58:18 -03)" executed successfully
2026-05-28 07:58:18,411 - INFO - Running job "tarefa_scan_automatico (trigger: interval[0:05:00], next run at: 2026-05-28 08:03:18 -03)" (scheduled at 2026-05-28 07:58:18.396886-03:00)
2026-05-28 07:58:18,412 - INFO - \U0001f552 Automação: Iniciando varredura agendada...
2026-05-28 07:58:49,192 - INFO - \u2705 Automação: Varredura concluída com sucesso.
2026-05-28 07:58:49,193 - INFO - Job "tarefa_scan_automatico (trigger: interval[0:05:00], next run at: 2026-05-28 08:03:18 -03)" executed successfully
2026-05-28 08:03:18,407 - INFO - Running job "tarefa_scan_automatico (trigger: interval[0:05:00], next run at: 2026-05-28 08:08:18 -03)" (scheduled at 2026-05-28 08:03:18.396886-03:00)
2026-05-28 08:03:18,409 - INFO - \U0001f552 Automação: Iniciando varredura agendada...
2026-05-28 08:03:49,006 - INFO - \u2705 Automação: Varredura concluída com sucesso.
2026-05-28 08:03:49,006 - INFO - Job "tarefa_scan_automatico (trigger: interval[0:05:00], next run at: 2026-05-28 08:08:18 -03)" executed successfully
2026-05-28 08:08:18,420 - INFO - Running job "tarefa_scan_automatico (trigger: interval[0:05:00], next run at: 2026-05-28 08:13:18 -03)" (scheduled at 2026-05-28 08:08:18.396886-03:00)
2026-05-28 08:08:18,422 - INFO - \U0001f552 Automação: Iniciando varredura agendada...
2026-05-28 08:08:49,198 - INFO - \u2705 Automação: Varredura concluída com sucesso.
2026-05-28 08:08:49,199 - INFO - Job "tarefa_scan_automatico (trigger: interval[0:05:00], next run at: 2026-05-28 08:13:18 -03)" executed successfully
2026-05-28 08:13:18,420 - INFO - Running job "tarefa_scan_automatico (trigger: interval[0:05:00], next run at: 2026-05-28 08:18:18 -03)" (scheduled at 2026-05-28 08:13:18.396886-03:00)
2026-05-28 08:13:18,426 - INFO - \U0001f552 Automação: Iniciando varredura agendada...
2026-05-28 08:13:49,653 - INFO - \u2705 Automação: Varredura concluída com sucesso.
2026-05-28 08:13:49,655 - INFO - Job "tarefa_scan_automatico (trigger: interval[0:05:00], next run at: 2026-05-28 08:18:18 -03)" executed successfully
2026-05-28 08:18:18,412 - INFO - Running job "tarefa_scan_automatico (trigger: interval[0:05:00], next run at: 2026-05-28 08:23:18 -03)" (scheduled at 2026-05-28 08:18:18.396886-03:00)
2026-05-28 08:18:18,418 - INFO - \U0001f552 Automação: Iniciando varredura agendada...
2026-05-28 08:18:49,681 - INFO - \u2705 Automação: Varredura concluída com sucesso.
2026-05-28 08:18:49,682 - INFO - Job "tarefa_scan_automatico (trigger: interval[0:05:00], next run at: 2026-05-28 08:23:18 -03)" executed successfully
2026-05-28 08:23:18,410 - INFO - Running job "tarefa_scan_automatico (trigger: interval[0:05:00], next run at: 2026-05-28 08:28:18 -03)" (scheduled at 2026-05-28 08:23:18.396886-03:00)
2026-05-28 08:23:18,411 - INFO - \U0001f552 Automação: Iniciando varredura agendada...
2026-05-28 08:23:49,509 - INFO - \u2705 Automação: Varredura concluída com sucesso.
2026-05-28 08:23:49,511 - INFO - Job "tarefa_scan_automatico (trigger: interval[0:05:00], next run at: 2026-05-28 08:28:18 -03)" executed successfully
2026-05-28 08:28:18,456 - INFO - Running job "tarefa_scan_automatico (trigger: interval[0:05:00], next run at: 2026-05-28 08:33:18 -03)" (scheduled at 2026-05-28 08:28:18.396886-03:00)
2026-05-28 08:28:18,478 - INFO - \U0001f552 Automação: Iniciando varredura agendada...
2026-05-28 08:28:51,508 - INFO - \u2705 Automação: Varredura concluída com sucesso.
2026-05-28 08:28:51,509 - INFO - Job "tarefa_scan_automatico (trigger: interval[0:05:00], next run at: 2026-05-28 08:33:18 -03)" executed successfully
2026-05-28 08:33:18,417 - INFO - Running job "tarefa_scan_automatico (trigger: interval[0:05:00], next run at: 2026-05-28 08:38:18 -03)" (scheduled at 2026-05-28 08:33:18.396886-03:00)
2026-05-28 08:33:18,424 - INFO - \U0001f552 Automação: Iniciando varredura agendada...
2026-05-28 08:33:49,648 - INFO - \u2705 Automação: Varredura concluída com sucesso.
2026-05-28 08:33:49,648 - INFO - Job "tarefa_scan_automatico (trigger: interval[0:05:00], next run at: 2026-05-28 08:38:18 -03)" executed successfully
2026-05-28 08:38:18,436 - INFO - Running job "tarefa_scan_automatico (trigger: interval[0:05:00], next run at: 2026-05-28 08:43:18 -03)" (scheduled at 2026-05-28 08:38:18.396886-03:00)
2026-05-28 08:38:18,453 - INFO - \U0001f552 Automação: Iniciando varredura agendada...
2026-05-28 08:38:50,258 - INFO - \u2705 Automação: Varredura concluída com sucesso.
2026-05-28 08:38:50,264 - INFO - Job "tarefa_scan_automatico (trigger: interval[0:05:00], next run at: 2026-05-28 08:43:18 -03)" executed successfully
2026-05-28 08:43:18,451 - INFO - Running job "tarefa_scan_automatico (trigger: interval[0:05:00], next run at: 2026-05-28 08:48:18 -03)" (scheduled at 2026-05-28 08:43:18.396886-03:00)
2026-05-28 08:43:18,470 - INFO - \U0001f552 Automação: Iniciando varredura agendada...
2026-05-28 08:43:49,401 - INFO - \u2705 Automação: Varredura concluída com sucesso.
2026-05-28 08:43:49,403 - INFO - Job "tarefa_scan_automatico (trigger: interval[0:05:00], next run at: 2026-05-28 08:48:18 -03)" executed successfully
2026-05-28 08:48:18,429 - INFO - Running job "tarefa_scan_automatico (trigger: interval[0:05:00], next run at: 2026-05-28 08:53:18 -03)" (scheduled at 2026-05-28 08:48:18.396886-03:00)
2026-05-28 08:48:18,449 - INFO - \U0001f552 Automação: Iniciando varredura agendada...
2026-05-28 08:48:49,679 - INFO - \u2705 Automação: Varredura concluída com sucesso.
2026-05-28 08:48:49,681 - INFO - Job "tarefa_scan_automatico (trigger: interval[0:05:00], next run at: 2026-05-28 08:53:18 -03)" executed successfully
2026-05-28 08:53:18,417 - INFO - Running job "tarefa_scan_automatico (trigger: interval[0:05:00], next run at: 2026-05-28 08:58:18 -03)" (scheduled at 2026-05-28 08:53:18.396886-03:00)
2026-05-28 08:53:18,420 - INFO - \U0001f552 Automação: Iniciando varredura agendada...
2026-05-28 08:53:49,371 - INFO - \u2705 Automação: Varredura concluída com sucesso.
2026-05-28 08:53:49,371 - INFO - Job "tarefa_scan_automatico (trigger: interval[0:05:00], next run at: 2026-05-28 08:58:18 -03)" executed successfully
2026-05-28 08:58:18,461 - INFO - Running job "tarefa_scan_automatico (trigger: interval[0:05:00], next run at: 2026-05-28 09:03:18 -03)" (scheduled at 2026-05-28 08:58:18.396886-03:00)
2026-05-28 08:58:18,488 - INFO - \U0001f552 Automação: Iniciando varredura agendada...
2026-05-28 08:58:49,880 - INFO - \u2705 Automação: Varredura concluída com sucesso.
2026-05-28 08:58:49,889 - INFO - Job "tarefa_scan_automatico (trigger: interval[0:05:00], next run at: 2026-05-28 09:03:18 -03)" executed successfully
2026-05-28 09:03:18,460 - INFO - Running job "tarefa_scan_automatico (trigger: interval[0:05:00], next run at: 2026-05-28 09:08:18 -03)" (scheduled at 2026-05-28 09:03:18.396886-03:00)
2026-05-28 09:03:18,486 - INFO - \U0001f552 Automação: Iniciando varredura agendada...
2026-05-28 09:03:49,569 - INFO - \u2705 Automação: Varredura concluída com sucesso.
2026-05-28 09:03:49,572 - INFO - Job "tarefa_scan_automatico (trigger: interval[0:05:00], next run at: 2026-05-28 09:08:18 -03)" executed successfully
2026-05-28 09:08:18,444 - INFO - Running job "tarefa_scan_automatico (trigger: interval[0:05:00], next run at: 2026-05-28 09:13:18 -03)" (scheduled at 2026-05-28 09:08:18.396886-03:00)
2026-05-28 09:08:18,463 - INFO - \U0001f552 Automação: Iniciando varredura agendada...
2026-05-28 09:08:49,187 - INFO - \u2705 Automação: Varredura concluída com sucesso.
2026-05-28 09:08:49,191 - INFO - Job "tarefa_scan_automatico (trigger: interval[0:05:00], next run at: 2026-05-28 09:13:18 -03)" executed successfully
2026-05-28 09:13:18,455 - INFO - Running job "tarefa_scan_automatico (trigger: interval[0:05:00], next run at: 2026-05-28 09:18:18 -03)" (scheduled at 2026-05-28 09:13:18.396886-03:00)
2026-05-28 09:13:18,477 - INFO - \U0001f552 Automação: Iniciando varredura agendada...
2026-05-28 09:13:49,321 - INFO - \u2705 Automação: Varredura concluída com sucesso.
2026-05-28 09:13:49,327 - INFO - Job "tarefa_scan_automatico (trigger: interval[0:05:00], next run at: 2026-05-28 09:18:18 -03)" executed successfully
2026-05-28 09:18:18,444 - INFO - Running job "tarefa_scan_automatico (trigger: interval[0:05:00], next run at: 2026-05-28 09:23:18 -03)" (scheduled at 2026-05-28 09:18:18.396886-03:00)
2026-05-28 09:18:18,461 - INFO - \U0001f552 Automação: Iniciando varredura agendada...
2026-05-28 09:18:51,637 - INFO - \u2705 Automação: Varredura concluída com sucesso.
2026-05-28 09:18:51,641 - INFO - Job "tarefa_scan_automatico (trigger: interval[0:05:00], next run at: 2026-05-28 09:23:18 -03)" executed successfully
2026-05-28 09:23:18,585 - INFO - Running job "tarefa_scan_automatico (trigger: interval[0:05:00], next run at: 2026-05-28 09:28:18 -03)" (scheduled at 2026-05-28 09:23:18.396886-03:00)
2026-05-28 09:23:18,678 - INFO - \U0001f552 Automação: Iniciando varredura agendada...
2026-05-28 09:23:50,537 - INFO - \u2705 Automação: Varredura concluída com sucesso.
2026-05-28 09:23:50,540 - INFO - Job "tarefa_scan_automatico (trigger: interval[0:05:00], next run at: 2026-05-28 09:28:18 -03)" executed successfully
2026-05-28 09:28:18,450 - INFO - Running job "tarefa_scan_automatico (trigger: interval[0:05:00], next run at: 2026-05-28 09:33:18 -03)" (scheduled at 2026-05-28 09:28:18.396886-03:00)
2026-05-28 09:28:18,466 - INFO - \U0001f552 Automação: Iniciando varredura agendada...
2026-05-28 09:28:49,648 - INFO - \u2705 Automação: Varredura concluída com sucesso.
2026-05-28 09:28:49,653 - INFO - Job "tarefa_scan_automatico (trigger: interval[0:05:00], next run at: 2026-05-28 09:33:18 -03)" executed successfully
2026-05-28 09:33:18,432 - INFO - Running job "tarefa_scan_automatico (trigger: interval[0:05:00], next run at: 2026-05-28 09:38:18 -03)" (scheduled at 2026-05-28 09:33:18.396886-03:00)
2026-05-28 09:33:18,461 - INFO - \U0001f552 Automação: Iniciando varredura agendada...
2026-05-28 09:33:49,476 - INFO - \u2705 Automação: Varredura concluída com sucesso.
2026-05-28 09:33:49,481 - INFO - Job "tarefa_scan_automatico (trigger: interval[0:05:00], next run at: 2026-05-28 09:38:18 -03)" executed successfully
2026-05-28 09:38:18,428 - INFO - Running job "tarefa_scan_automatico (trigger: interval[0:05:00], next run at: 2026-05-28 09:43:18 -03)" (scheduled at 2026-05-28 09:38:18.396886-03:00)
2026-05-28 09:38:18,433 - INFO - \U0001f552 Automação: Iniciando varredura agendada...
2026-05-28 09:38:49,659 - INFO - \u2705 Automação: Varredura concluída com sucesso.
2026-05-28 09:38:49,663 - INFO - Job "tarefa_scan_automatico (trigger: interval[0:05:00], next run at: 2026-05-28 09:43:18 -03)" executed successfully
2026-05-28 09:43:18,475 - INFO - Running job "tarefa_scan_automatico (trigger: interval[0:05:00], next run at: 2026-05-28 09:48:18 -03)" (scheduled at 2026-05-28 09:43:18.396886-03:00)
2026-05-28 09:43:18,523 - INFO - \U0001f552 Automação: Iniciando varredura agendada...
2026-05-28 09:43:51,054 - INFO - \u2705 Automação: Varredura concluída com sucesso.
2026-05-28 09:43:51,064 - INFO - Job "tarefa_scan_automatico (trigger: interval[0:05:00], next run at: 2026-05-28 09:48:18 -03)" executed successfully
2026-05-28 09:48:18,408 - INFO - Running job "tarefa_scan_automatico (trigger: interval[0:05:00], next run at: 2026-05-28 09:53:18 -03)" (scheduled at 2026-05-28 09:48:18.396886-03:00)
2026-05-28 09:48:18,409 - INFO - \U0001f552 Automação: Iniciando varredura agendada...
2026-05-28 09:48:49,527 - INFO - \u2705 Automação: Varredura concluída com sucesso.
2026-05-28 09:48:49,528 - INFO - Job "tarefa_scan_automatico (trigger: interval[0:05:00], next run at: 2026-05-28 09:53:18 -03)" executed successfully
2026-05-28 09:53:18,429 - INFO - Running job "tarefa_scan_automatico (trigger: interval[0:05:00], next run at: 2026-05-28 09:58:18 -03)" (scheduled at 2026-05-28 09:53:18.396886-03:00)
2026-05-28 09:53:18,435 - INFO - \U0001f552 Automação: Iniciando varredura agendada...
2026-05-28 09:53:50,221 - INFO - \u2705 Automação: Varredura concluída com sucesso.
2026-05-28 09:53:50,225 - INFO - Job "tarefa_scan_automatico (trigger: interval[0:05:00], next run at: 2026-05-28 09:58:18 -03)" executed successfully
2026-05-28 09:58:18,402 - INFO - Running job "tarefa_scan_automatico (trigger: interval[0:05:00], next run at: 2026-05-28 10:03:18 -03)" (scheduled at 2026-05-28 09:58:18.396886-03:00)
2026-05-28 09:58:18,402 - INFO - \U0001f552 Automação: Iniciando varredura agendada...
2026-05-28 09:58:49,921 - INFO - \u2705 Automação: Varredura concluída com sucesso.
2026-05-28 09:58:49,922 - INFO - Job "tarefa_scan_automatico (trigger: interval[0:05:00], next run at: 2026-05-28 10:03:18 -03)" executed successfully
2026-05-28 10:03:18,449 - INFO - Running job "tarefa_scan_automatico (trigger: interval[0:05:00], next run at: 2026-05-28 10:08:18 -03)" (scheduled at 2026-05-28 10:03:18.396886-03:00)
2026-05-28 10:03:18,498 - INFO - \U0001f552 Automação: Iniciando varredura agendada...
2026-05-28 10:03:50,453 - INFO - \u2705 Automação: Varredura concluída com sucesso.
2026-05-28 10:03:50,457 - INFO - Job "tarefa_scan_automatico (trigger: interval[0:05:00], next run at: 2026-05-28 10:08:18 -03)" executed successfully
2026-05-28 10:08:18,488 - INFO - Running job "tarefa_scan_automatico (trigger: interval[0:05:00], next run at: 2026-05-28 10:13:18 -03)" (scheduled at 2026-05-28 10:08:18.396886-03:00)
2026-05-28 10:08:18,550 - INFO - \U0001f552 Automação: Iniciando varredura agendada...
2026-05-28 10:08:51,494 - INFO - \u2705 Automação: Varredura concluída com sucesso.
2026-05-28 10:08:51,541 - INFO - Job "tarefa_scan_automatico (trigger: interval[0:05:00], next run at: 2026-05-28 10:13:18 -03)" executed successfully
2026-05-28 10:13:18,474 - INFO - Running job "tarefa_scan_automatico (trigger: interval[0:05:00], next run at: 2026-05-28 10:18:18 -03)" (scheduled at 2026-05-28 10:13:18.396886-03:00)
2026-05-28 10:13:18,501 - INFO - \U0001f552 Automação: Iniciando varredura agendada...
2026-05-28 10:13:50,346 - INFO - \u2705 Automação: Varredura concluída com sucesso.
2026-05-28 10:13:50,353 - INFO - Job "tarefa_scan_automatico (trigger: interval[0:05:00], next run at: 2026-05-28 10:18:18 -03)" executed successfully
2026-05-28 10:18:18,419 - INFO - Running job "tarefa_scan_automatico (trigger: interval[0:05:00], next run at: 2026-05-28 10:23:18 -03)" (scheduled at 2026-05-28 10:18:18.396886-03:00)
2026-05-28 10:18:18,420 - INFO - \U0001f552 Automação: Iniciando varredura agendada...
2026-05-28 10:18:49,819 - INFO - \u2705 Automação: Varredura concluída com sucesso.
2026-05-28 10:18:49,819 - INFO - Job "tarefa_scan_automatico (trigger: interval[0:05:00], next run at: 2026-05-28 10:23:18 -03)" executed successfully
2026-05-28 10:23:18,516 - INFO - Running job "tarefa_scan_automatico (trigger: interval[0:05:00], next run at: 2026-05-28 10:28:18 -03)" (scheduled at 2026-05-28 10:23:18.396886-03:00)
2026-05-28 10:23:18,595 - INFO - \U0001f552 Automação: Iniciando varredura agendada...
2026-05-28 10:23:52,606 - INFO - \u2705 Automação: Varredura concluída com sucesso.
2026-05-28 10:23:52,614 - INFO - Job "tarefa_scan_automatico (trigger: interval[0:05:00], next run at: 2026-05-28 10:28:18 -03)" executed successfully
2026-05-28 10:28:18,471 - INFO - Running job "tarefa_scan_automatico (trigger: interval[0:05:00], next run at: 2026-05-28 10:33:18 -03)" (scheduled at 2026-05-28 10:28:18.396886-03:00)
2026-05-28 10:28:18,503 - INFO - \U0001f552 Automação: Iniciando varredura agendada...
2026-05-28 10:28:49,803 - INFO - \u2705 Automação: Varredura concluída com sucesso.
2026-05-28 10:28:49,808 - INFO - Job "tarefa_scan_automatico (trigger: interval[0:05:00], next run at: 2026-05-28 10:33:18 -03)" executed successfully
2026-05-28 10:33:18,529 - INFO - Running job "tarefa_scan_automatico (trigger: interval[0:05:00], next run at: 2026-05-28 10:38:18 -03)" (scheduled at 2026-05-28 10:33:18.396886-03:00)
2026-05-28 10:33:18,596 - INFO - \U0001f552 Automação: Iniciando varredura agendada...
2026-05-28 10:33:56,046 - INFO - \u2705 Automação: Varredura concluída com sucesso.
2026-05-28 10:33:56,054 - INFO - Job "tarefa_scan_automatico (trigger: interval[0:05:00], next run at: 2026-05-28 10:38:18 -03)" executed successfully
2026-05-28 10:38:18,481 - INFO - Running job "tarefa_scan_automatico (trigger: interval[0:05:00], next run at: 2026-05-28 10:43:18 -03)" (scheduled at 2026-05-28 10:38:18.396886-03:00)
2026-05-28 10:38:18,530 - INFO - \U0001f552 Automação: Iniciando varredura agendada...
2026-05-28 10:38:50,927 - INFO - \u2705 Automação: Varredura concluída com sucesso.
2026-05-28 10:38:50,932 - INFO - Job "tarefa_scan_automatico (trigger: interval[0:05:00], next run at: 2026-05-28 10:43:18 -03)" executed successfully
2026-05-28 10:43:18,508 - INFO - Running job "tarefa_scan_automatico (trigger: interval[0:05:00], next run at: 2026-05-28 10:48:18 -03)" (scheduled at 2026-05-28 10:43:18.396886-03:00)
2026-05-28 10:43:18,594 - INFO - \U0001f552 Automação: Iniciando varredura agendada...
2026-05-28 10:43:51,847 - INFO - \u2705 Automação: Varredura concluída com sucesso.
2026-05-28 10:43:51,856 - INFO - Job "tarefa_scan_automatico (trigger: interval[0:05:00], next run at: 2026-05-28 10:48:18 -03)" executed successfully
2026-05-28 10:48:18,510 - INFO - Running job "tarefa_scan_automatico (trigger: interval[0:05:00], next run at: 2026-05-28 10:53:18 -03)" (scheduled at 2026-05-28 10:48:18.396886-03:00)
2026-05-28 10:48:18,561 - INFO - \U0001f552 Automação: Iniciando varredura agendada...
2026-05-28 10:48:46,492 - INFO - \u2705 Automação: Varredura concluída com sucesso.
2026-05-28 10:48:46,494 - INFO - Job "tarefa_scan_automatico (trigger: interval[0:05:00], next run at: 2026-05-28 10:53:18 -03)" executed successfully
2026-05-28 10:53:18,502 - INFO - Running job "tarefa_scan_automatico (trigger: interval[0:05:00], next run at: 2026-05-28 10:58:18 -03)" (scheduled at 2026-05-28 10:53:18.396886-03:00)
2026-05-28 10:53:18,545 - INFO - \U0001f552 Automação: Iniciando varredura agendada...
2026-05-28 10:53:48,496 - INFO - \u2705 Automação: Varredura concluída com sucesso.
2026-05-28 10:53:48,507 - INFO - Job "tarefa_scan_automatico (trigger: interval[0:05:00], next run at: 2026-05-28 10:58:18 -03)" executed successfully
2026-05-28 10:58:18,515 - INFO - Running job "tarefa_scan_automatico (trigger: interval[0:05:00], next run at: 2026-05-28 11:03:18 -03)" (scheduled at 2026-05-28 10:58:18.396886-03:00)
2026-05-28 10:58:18,554 - INFO - \U0001f552 Automação: Iniciando varredura agendada...
2026-05-28 10:58:48,282 - INFO - \u2705 Automação: Varredura concluída com sucesso.
2026-05-28 10:58:48,284 - INFO - Job "tarefa_scan_automatico (trigger: interval[0:05:00], next run at: 2026-05-28 11:03:18 -03)" executed successfully
2026-05-28 11:03:18,602 - INFO - Running job "tarefa_scan_automatico (trigger: interval[0:05:00], next run at: 2026-05-28 11:08:18 -03)" (scheduled at 2026-05-28 11:03:18.396886-03:00)
2026-05-28 11:03:18,741 - INFO - \U0001f552 Automação: Iniciando varredura agendada...
2026-05-28 11:03:51,402 - INFO - \u2705 Automação: Varredura concluída com sucesso.
2026-05-28 11:03:51,407 - INFO - Job "tarefa_scan_automatico (trigger: interval[0:05:00], next run at: 2026-05-28 11:08:18 -03)" executed successfully
2026-05-28 11:08:18,489 - INFO - Running job "tarefa_scan_automatico (trigger: interval[0:05:00], next run at: 2026-05-28 11:13:18 -03)" (scheduled at 2026-05-28 11:08:18.396886-03:00)
2026-05-28 11:08:18,538 - INFO - \U0001f552 Automação: Iniciando varredura agendada...
2026-05-28 11:08:48,631 - INFO - \u2705 Automação: Varredura concluída com sucesso.
2026-05-28 11:08:48,635 - INFO - Job "tarefa_scan_automatico (trigger: interval[0:05:00], next run at: 2026-05-28 11:13:18 -03)" executed successfully
2026-05-28 11:13:18,474 - INFO - Running job "tarefa_scan_automatico (trigger: interval[0:05:00], next run at: 2026-05-28 11:18:18 -03)" (scheduled at 2026-05-28 11:13:18.396886-03:00)
2026-05-28 11:13:18,514 - INFO - \U0001f552 Automação: Iniciando varredura agendada...
2026-05-28 11:13:47,902 - INFO - \u2705 Automação: Varredura concluída com sucesso.
2026-05-28 11:13:47,905 - INFO - Job "tarefa_scan_automatico (trigger: interval[0:05:00], next run at: 2026-05-28 11:18:18 -03)" executed successfully
2026-05-28 11:18:18,462 - INFO - Running job "tarefa_scan_automatico (trigger: interval[0:05:00], next run at: 2026-05-28 11:23:18 -03)" (scheduled at 2026-05-28 11:18:18.396886-03:00)
2026-05-28 11:18:18,498 - INFO - \U0001f552 Automação: Iniciando varredura agendada...
2026-05-28 11:18:48,940 - INFO - \u2705 Automação: Varredura concluída com sucesso.
2026-05-28 11:18:48,943 - INFO - Job "tarefa_scan_automatico (trigger: interval[0:05:00], next run at: 2026-05-28 11:23:18 -03)" executed successfully
2026-05-28 11:23:18,478 - INFO - Running job "tarefa_scan_automatico (trigger: interval[0:05:00], next run at: 2026-05-28 11:28:18 -03)" (scheduled at 2026-05-28 11:23:18.396886-03:00)
2026-05-28 11:23:18,516 - INFO - \U0001f552 Automação: Iniciando varredura agendada...
2026-05-28 11:23:50,712 - INFO - \u2705 Automação: Varredura concluída com sucesso.
2026-05-28 11:23:50,733 - INFO - Job "tarefa_scan_automatico (trigger: interval[0:05:00], next run at: 2026-05-28 11:28:18 -03)" executed successfully
2026-05-28 11:28:18,466 - INFO - Running job "tarefa_scan_automatico (trigger: interval[0:05:00], next run at: 2026-05-28 11:33:18 -03)" (scheduled at 2026-05-28 11:28:18.396886-03:00)
2026-05-28 11:28:18,498 - INFO - \U0001f552 Automação: Iniciando varredura agendada...
2026-05-28 11:28:47,758 - INFO - \u2705 Automação: Varredura concluída com sucesso.
2026-05-28 11:28:47,760 - INFO - Job "tarefa_scan_automatico (trigger: interval[0:05:00], next run at: 2026-05-28 11:33:18 -03)" executed successfully
2026-05-28 11:33:18,446 - INFO - Running job "tarefa_scan_automatico (trigger: interval[0:05:00], next run at: 2026-05-28 11:38:18 -03)" (scheduled at 2026-05-28 11:33:18.396886-03:00)
2026-05-28 11:33:18,468 - INFO - \U0001f552 Automação: Iniciando varredura agendada...
2026-05-28 11:33:48,270 - INFO - \u2705 Automação: Varredura concluída com sucesso.
2026-05-28 11:33:48,275 - INFO - Job "tarefa_scan_automatico (trigger: interval[0:05:00], next run at: 2026-05-28 11:38:18 -03)" executed successfully
2026-05-28 11:38:18,428 - INFO - Running job "tarefa_scan_automatico (trigger: interval[0:05:00], next run at: 2026-05-28 11:43:18 -03)" (scheduled at 2026-05-28 11:38:18.396886-03:00)
2026-05-28 11:38:18,431 - INFO - \U0001f552 Automação: Iniciando varredura agendada...
2026-05-28 11:38:45,689 - INFO - \u2705 Automação: Varredura concluída com sucesso.
2026-05-28 11:38:45,690 - INFO - Job "tarefa_scan_automatico (trigger: interval[0:05:00], next run at: 2026-05-28 11:43:18 -03)" executed successfully
2026-05-28 11:43:18,476 - INFO - Running job "tarefa_scan_automatico (trigger: interval[0:05:00], next run at: 2026-05-28 11:48:18 -03)" (scheduled at 2026-05-28 11:43:18.396886-03:00)
2026-05-28 11:43:18,525 - INFO - \U0001f552 Automação: Iniciando varredura agendada...
2026-05-28 11:43:50,438 - INFO - \u2705 Automação: Varredura concluída com sucesso.
2026-05-28 11:43:50,442 - INFO - Job "tarefa_scan_automatico (trigger: interval[0:05:00], next run at: 2026-05-28 11:48:18 -03)" executed successfully
2026-05-28 11:48:18,434 - INFO - Running job "tarefa_scan_automatico (trigger: interval[0:05:00], next run at: 2026-05-28 11:53:18 -03)" (scheduled at 2026-05-28 11:48:18.396886-03:00)
2026-05-28 11:48:18,452 - INFO - \U0001f552 Automação: Iniciando varredura agendada...
2026-05-28 11:48:48,946 - INFO - \u2705 Automação: Varredura concluída com sucesso.
2026-05-28 11:48:48,950 - INFO - Job "tarefa_scan_automatico (trigger: interval[0:05:00], next run at: 2026-05-28 11:53:18 -03)" executed successfully
2026-05-28 11:53:18,415 - INFO - Running job "tarefa_scan_automatico (trigger: interval[0:05:00], next run at: 2026-05-28 11:58:18 -03)" (scheduled at 2026-05-28 11:53:18.396886-03:00)
2026-05-28 11:53:18,417 - INFO - \U0001f552 Automação: Iniciando varredura agendada...
2026-05-28 11:53:46,472 - INFO - \u2705 Automação: Varredura concluída com sucesso.
2026-05-28 11:53:46,473 - INFO - Job "tarefa_scan_automatico (trigger: interval[0:05:00], next run at: 2026-05-28 11:58:18 -03)" executed successfully
2026-05-28 11:58:18,467 - INFO - Running job "tarefa_scan_automatico (trigger: interval[0:05:00], next run at: 2026-05-28 12:03:18 -03)" (scheduled at 2026-05-28 11:58:18.396886-03:00)
2026-05-28 11:58:18,494 - INFO - \U0001f552 Automação: Iniciando varredura agendada...
2026-05-28 11:58:48,053 - INFO - \u2705 Automação: Varredura concluída com sucesso.
2026-05-28 11:58:48,055 - INFO - Job "tarefa_scan_automatico (trigger: interval[0:05:00], next run at: 2026-05-28 12:03:18 -03)" executed successfully
2026-05-28 12:03:18,448 - INFO - Running job "tarefa_scan_automatico (trigger: interval[0:05:00], next run at: 2026-05-28 12:08:18 -03)" (scheduled at 2026-05-28 12:03:18.396886-03:00)
2026-05-28 12:03:18,473 - INFO - \U0001f552 Automação: Iniciando varredura agendada...
2026-05-28 12:03:48,411 - INFO - \u2705 Automação: Varredura concluída com sucesso.
2026-05-28 12:03:48,414 - INFO - Job "tarefa_scan_automatico (trigger: interval[0:05:00], next run at: 2026-05-28 12:08:18 -03)" executed successfully
2026-05-28 12:08:18,452 - INFO - Running job "tarefa_scan_automatico (trigger: interval[0:05:00], next run at: 2026-05-28 12:13:18 -03)" (scheduled at 2026-05-28 12:08:18.396886-03:00)
2026-05-28 12:08:18,482 - INFO - \U0001f552 Automação: Iniciando varredura agendada...
2026-05-28 12:08:47,990 - INFO - \u2705 Automação: Varredura concluída com sucesso.
2026-05-28 12:08:47,992 - INFO - Job "tarefa_scan_automatico (trigger: interval[0:05:00], next run at: 2026-05-28 12:13:18 -03)" executed successfully
2026-05-28 12:13:18,472 - INFO - Running job "tarefa_scan_automatico (trigger: interval[0:05:00], next run at: 2026-05-28 12:18:18 -03)" (scheduled at 2026-05-28 12:13:18.396886-03:00)
2026-05-28 12:13:18,509 - INFO - \U0001f552 Automação: Iniciando varredura agendada...
2026-05-28 12:13:46,238 - INFO - \u2705 Automação: Varredura concluída com sucesso.
2026-05-28 12:13:46,242 - INFO - Job "tarefa_scan_automatico (trigger: interval[0:05:00], next run at: 2026-05-28 12:18:18 -03)" executed successfully
2026-05-28 12:18:18,476 - INFO - Running job "tarefa_scan_automatico (trigger: interval[0:05:00], next run at: 2026-05-28 12:23:18 -03)" (scheduled at 2026-05-28 12:18:18.396886-03:00)
2026-05-28 12:18:18,561 - INFO - \U0001f552 Automação: Iniciando varredura agendada...
2026-05-28 12:18:49,288 - INFO - \u2705 Automação: Varredura concluída com sucesso.
2026-05-28 12:18:49,294 - INFO - Job "tarefa_scan_automatico (trigger: interval[0:05:00], next run at: 2026-05-28 12:23:18 -03)" executed successfully
2026-05-28 12:23:18,414 - INFO - Running job "tarefa_scan_automatico (trigger: interval[0:05:00], next run at: 2026-05-28 12:28:18 -03)" (scheduled at 2026-05-28 12:23:18.396886-03:00)
2026-05-28 12:23:18,423 - INFO - \U0001f552 Automação: Iniciando varredura agendada...
2026-05-28 12:23:53,336 - INFO - \u2705 Automação: Varredura concluída com sucesso.
2026-05-28 12:23:53,337 - INFO - Job "tarefa_scan_automatico (trigger: interval[0:05:00], next run at: 2026-05-28 12:28:18 -03)" executed successfully
2026-05-28 12:28:18,458 - INFO - Running job "tarefa_scan_automatico (trigger: interval[0:05:00], next run at: 2026-05-28 12:33:18 -03)" (scheduled at 2026-05-28 12:28:18.396886-03:00)
2026-05-28 12:28:18,486 - INFO - \U0001f552 Automação: Iniciando varredura agendada...
2026-05-28 12:28:49,816 - INFO - \u2705 Automação: Varredura concluída com sucesso.
2026-05-28 12:28:49,827 - INFO - Job "tarefa_scan_automatico (trigger: interval[0:05:00], next run at: 2026-05-28 12:33:18 -03)" executed successfully
2026-05-28 12:33:18,519 - INFO - Running job "tarefa_scan_automatico (trigger: interval[0:05:00], next run at: 2026-05-28 12:38:18 -03)" (scheduled at 2026-05-28 12:33:18.396886-03:00)
2026-05-28 12:33:18,574 - INFO - \U0001f552 Automação: Iniciando varredura agendada...
2026-05-28 12:33:51,901 - INFO - \u2705 Automação: Varredura concluída com sucesso.
2026-05-28 12:33:51,904 - INFO - Job "tarefa_scan_automatico (trigger: interval[0:05:00], next run at: 2026-05-28 12:38:18 -03)" executed successfully
2026-05-28 12:38:18,504 - INFO - Running job "tarefa_scan_automatico (trigger: interval[0:05:00], next run at: 2026-05-28 12:43:18 -03)" (scheduled at 2026-05-28 12:38:18.396886-03:00)
2026-05-28 12:38:18,561 - INFO - \U0001f552 Automação: Iniciando varredura agendada...
2026-05-28 12:43:18,466 - WARNING - Execution of job "tarefa_scan_automatico (trigger: interval[0:05:00], next run at: 2026-05-28 12:43:18 -03)" skipped: maximum number of running instances reached (1)
2026-05-28 12:48:18,416 - WARNING - Execution of job "tarefa_scan_automatico (trigger: interval[0:05:00], next run at: 2026-05-28 12:48:18 -03)" skipped: maximum number of running instances reached (1)
2026-05-28 12:53:18,405 - WARNING - Execution of job "tarefa_scan_automatico (trigger: interval[0:05:00], next run at: 2026-05-28 12:53:18 -03)" skipped: maximum number of running instances reached (1)
2026-05-28 12:58:18,470 - WARNING - Execution of job "tarefa_scan_automatico (trigger: interval[0:05:00], next run at: 2026-05-28 12:58:18 -03)" skipped: maximum number of running instances reached (1)
2026-05-28 13:03:18,434 - WARNING - Execution of job "tarefa_scan_automatico (trigger: interval[0:05:00], next run at: 2026-05-28 13:03:18 -03)" skipped: maximum number of running instances reached (1)
2026-05-28 13:08:18,433 - WARNING - Execution of job "tarefa_scan_automatico (trigger: interval[0:05:00], next run at: 2026-05-28 13:08:18 -03)" skipped: maximum number of running instances reached (1)
2026-05-28 13:13:18,452 - WARNING - Execution of job "tarefa_scan_automatico (trigger: interval[0:05:00], next run at: 2026-05-28 13:13:18 -03)" skipped: maximum number of running instances reached (1)
2026-05-28 13:18:18,413 - WARNING - Execution of job "tarefa_scan_automatico (trigger: interval[0:05:00], next run at: 2026-05-28 13:18:18 -03)" skipped: maximum number of running instances reached (1)
2026-05-28 13:23:18,413 - WARNING - Execution of job "tarefa_scan_automatico (trigger: interval[0:05:00], next run at: 2026-05-28 13:23:18 -03)" skipped: maximum number of running instances reached (1)
2026-05-28 13:28:18,423 - WARNING - Execution of job "tarefa_scan_automatico (trigger: interval[0:05:00], next run at: 2026-05-28 13:28:18 -03)" skipped: maximum number of running instances reached (1)
2026-05-28 13:33:18,416 - WARNING - Execution of job "tarefa_scan_automatico (trigger: interval[0:05:00], next run at: 2026-05-28 13:33:18 -03)" skipped: maximum number of running instances reached (1)
2026-05-28 13:38:18,416 - WARNING - Execution of job "tarefa_scan_automatico (trigger: interval[0:05:00], next run at: 2026-05-28 13:38:18 -03)" skipped: maximum number of running instances reached (1)
2026-05-28 13:43:18,409 - WARNING - Execution of job "tarefa_scan_automatico (trigger: interval[0:05:00], next run at: 2026-05-28 13:43:18 -03)" skipped: maximum number of running instances reached (1)
2026-05-28 13:48:18,414 - WARNING - Execution of job "tarefa_scan_automatico (trigger: interval[0:05:00], next run at: 2026-05-28 13:48:18 -03)" skipped: maximum number of running instances reached (1)
2026-05-28 13:53:18,420 - WARNING - Execution of job "tarefa_scan_automatico (trigger: interval[0:05:00], next run at: 2026-05-28 13:53:18 -03)" skipped: maximum number of running instances reached (1)
2026-05-28 13:58:18,399 - WARNING - Execution of job "tarefa_scan_automatico (trigger: interval[0:05:00], next run at: 2026-05-28 13:58:18 -03)" skipped: maximum number of running instances reached (1)
2026-05-28 14:03:18,404 - WARNING - Execution of job "tarefa_scan_automatico (trigger: interval[0:05:00], next run at: 2026-05-28 14:03:18 -03)" skipped: maximum number of running instances reached (1)
2026-05-28 14:08:18,402 - WARNING - Execution of job "tarefa_scan_automatico (trigger: interval[0:05:00], next run at: 2026-05-28 14:08:18 -03)" skipped: maximum number of running instances reached (1)
2026-05-28 14:13:18,460 - WARNING - Execution of job "tarefa_scan_automatico (trigger: interval[0:05:00], next run at: 2026-05-28 14:13:18 -03)" skipped: maximum number of running instances reached (1)
2026-05-28 14:18:18,442 - WARNING - Execution of job "tarefa_scan_automatico (trigger: interval[0:05:00], next run at: 2026-05-28 14:18:18 -03)" skipped: maximum number of running instances reached (1)
2026-05-28 14:23:18,449 - WARNING - Execution of job "tarefa_scan_automatico (trigger: interval[0:05:00], next run at: 2026-05-28 14:23:18 -03)" skipped: maximum number of running instances reached (1)
2026-05-28 14:28:18,476 - WARNING - Execution of job "tarefa_scan_automatico (trigger: interval[0:05:00], next run at: 2026-05-28 14:28:18 -03)" skipped: maximum number of running instances reached (1)
2026-05-28 14:33:18,498 - WARNING - Execution of job "tarefa_scan_automatico (trigger: interval[0:05:00], next run at: 2026-05-28 14:33:18 -03)" skipped: maximum number of running instances reached (1)
2026-05-28 14:38:18,472 - WARNING - Execution of job "tarefa_scan_automatico (trigger: interval[0:05:00], next run at: 2026-05-28 14:38:18 -03)" skipped: maximum number of running instances reached (1)
2026-05-28 14:43:18,432 - WARNING - Execution of job "tarefa_scan_automatico (trigger: interval[0:05:00], next run at: 2026-05-28 14:43:18 -03)" skipped: maximum number of running instances reached (1)
2026-05-28 14:48:18,439 - WARNING - Execution of job "tarefa_scan_automatico (trigger: interval[0:05:00], next run at: 2026-05-28 14:48:18 -03)" skipped: maximum number of running instances reached (1)
2026-05-28 14:53:18,447 - WARNING - Execution of job "tarefa_scan_automatico (trigger: interval[0:05:00], next run at: 2026-05-28 14:53:18 -03)" skipped: maximum number of running instances reached (1)
2026-05-28 14:58:18,434 - WARNING - Execution of job "tarefa_scan_automatico (trigger: interval[0:05:00], next run at: 2026-05-28 14:58:18 -03)" skipped: maximum number of running instances reached (1)
2026-05-28 15:03:18,437 - WARNING - Execution of job "tarefa_scan_automatico (trigger: interval[0:05:00], next run at: 2026-05-28 15:03:18 -03)" skipped: maximum number of running instances reached (1)
2026-05-28 15:08:18,455 - WARNING - Execution of job "tarefa_scan_automatico (trigger: interval[0:05:00], next run at: 2026-05-28 15:08:18 -03)" skipped: maximum number of running instances reached (1)
2026-05-28 15:13:18,455 - WARNING - Execution of job "tarefa_scan_automatico (trigger: interval[0:05:00], next run at: 2026-05-28 15:13:18 -03)" skipped: maximum number of running instances reached (1)
2026-05-28 15:18:18,439 - WARNING - Execution of job "tarefa_scan_automatico (trigger: interval[0:05:00], next run at: 2026-05-28 15:18:18 -03)" skipped: maximum number of running instances reached (1)
2026-05-28 15:23:18,445 - WARNING - Execution of job "tarefa_scan_automatico (trigger: interval[0:05:00], next run at: 2026-05-28 15:23:18 -03)" skipped: maximum number of running instances reached (1)
2026-05-28 15:28:18,465 - WARNING - Execution of job "tarefa_scan_automatico (trigger: interval[0:05:00], next run at: 2026-05-28 15:28:18 -03)" skipped: maximum number of running instances reached (1)
2026-05-28 15:33:18,444 - WARNING - Execution of job "tarefa_scan_automatico (trigger: interval[0:05:00], next run at: 2026-05-28 15:33:18 -03)" skipped: maximum number of running instances reached (1)
2026-05-28 15:38:18,439 - WARNING - Execution of job "tarefa_scan_automatico (trigger: interval[0:05:00], next run at: 2026-05-28 15:38:18 -03)" skipped: maximum number of running instances reached (1)
2026-05-28 15:43:18,428 - WARNING - Execution of job "tarefa_scan_automatico (trigger: interval[0:05:00], next run at: 2026-05-28 15:43:18 -03)" skipped: maximum number of running instances reached (1)
2026-05-28 15:48:18,405 - WARNING - Execution of job "tarefa_scan_automatico (trigger: interval[0:05:00], next run at: 2026-05-28 15:48:18 -03)" skipped: maximum number of running instances reached (1)
2026-05-28 15:53:18,411 - WARNING - Execution of job "tarefa_scan_automatico (trigger: interval[0:05:00], next run at: 2026-05-28 15:53:18 -03)" skipped: maximum number of running instances reached (1)
2026-05-28 15:58:18,435 - WARNING - Execution of job "tarefa_scan_automatico (trigger: interval[0:05:00], next run at: 2026-05-28 15:58:18 -03)" skipped: maximum number of running instances reached (1)
2026-05-28 16:03:18,421 - WARNING - Execution of job "tarefa_scan_automatico (trigger: interval[0:05:00], next run at: 2026-05-28 16:03:18 -03)" skipped: maximum number of running instances reached (1)
2026-05-28 16:08:18,429 - WARNING - Execution of job "tarefa_scan_automatico (trigger: interval[0:05:00], next run at: 2026-05-28 16:08:18 -03)" skipped: maximum number of running instances reached (1)
2026-05-28 16:13:18,406 - WARNING - Execution of job "tarefa_scan_automatico (trigger: interval[0:05:00], next run at: 2026-05-28 16:13:18 -03)" skipped: maximum number of running instances reached (1)
2026-05-28 16:18:18,404 - WARNING - Execution of job "tarefa_scan_automatico (trigger: interval[0:05:00], next run at: 2026-05-28 16:18:18 -03)" skipped: maximum number of running instances reached (1)
2026-05-28 16:23:18,461 - WARNING - Execution of job "tarefa_scan_automatico (trigger: interval[0:05:00], next run at: 2026-05-28 16:23:18 -03)" skipped: maximum number of running instances reached (1)
2026-05-28 16:28:18,462 - WARNING - Execution of job "tarefa_scan_automatico (trigger: interval[0:05:00], next run at: 2026-05-28 16:28:18 -03)" skipped: maximum number of running instances reached (1)
2026-05-28 16:33:18,438 - WARNING - Execution of job "tarefa_scan_automatico (trigger: interval[0:05:00], next run at: 2026-05-28 16:33:18 -03)" skipped: maximum number of running instances reached (1)
2026-05-28 16:38:18,426 - WARNING - Execution of job "tarefa_scan_automatico (trigger: interval[0:05:00], next run at: 2026-05-28 16:38:18 -03)" skipped: maximum number of running instances reached (1)
2026-05-28 16:43:18,441 - WARNING - Execution of job "tarefa_scan_automatico (trigger: interval[0:05:00], next run at: 2026-05-28 16:43:18 -03)" skipped: maximum number of running instances reached (1)
2026-05-28 16:48:18,416 - WARNING - Execution of job "tarefa_scan_automatico (trigger: interval[0:05:00], next run at: 2026-05-28 16:48:18 -03)" skipped: maximum number of running instances reached (1)
2026-05-28 16:53:19,833 - WARNING - Execution of job "tarefa_scan_automatico (trigger: interval[0:05:00], next run at: 2026-05-28 16:53:18 -03)" skipped: maximum number of running instances reached (1)
2026-05-28 16:58:18,444 - WARNING - Execution of job "tarefa_scan_automatico (trigger: interval[0:05:00], next run at: 2026-05-28 16:58:18 -03)" skipped: maximum number of running instances reached (1)
2026-05-28 17:03:18,850 - WARNING - Execution of job "tarefa_scan_automatico (trigger: interval[0:05:00], next run at: 2026-05-28 17:03:18 -03)" skipped: maximum number of running instances reached (1)
2026-05-28 17:03:48,029 - INFO - \u2705 Automação: Varredura concluída com sucesso.
2026-05-28 17:03:48,048 - INFO - Job "tarefa_scan_automatico (trigger: interval[0:05:00], next run at: 2026-05-28 17:08:18 -03)" executed successfully
2026-05-28 17:03:48,127 - INFO - Scheduler has been shut down
2026-05-28 17:03:48,142 - INFO - \U0001f6d1 Servidor e Agendador desligados.
2026-06-02 12:20:20,194 - INFO - Adding job tentatively -- it will be properly scheduled when the scheduler starts
2026-06-02 12:20:20,195 - INFO - Added job "tarefa_scan_automatico" to job store "default"
2026-06-02 12:20:20,195 - INFO - Scheduler started
2026-06-02 12:20:20,196 - INFO - \U0001f680 Servidor e Agendador (5min) iniciados.
2026-06-02 12:25:20,295 - INFO - Running job "tarefa_scan_automatico (trigger: interval[0:05:00], next run at: 2026-06-02 12:25:20 -03)" (scheduled at 2026-06-02 12:25:20.193815-03:00)
2026-06-02 12:25:20,332 - INFO - \U0001f552 Automação: Iniciando varredura agendada...
2026-06-02 12:25:55,463 - INFO - \u2705 Automação: Varredura concluída com sucesso.
2026-06-02 12:25:55,470 - INFO - Job "tarefa_scan_automatico (trigger: interval[0:05:00], next run at: 2026-06-02 12:30:20 -03)" executed successfully
2026-06-02 12:30:20,236 - INFO - Running job "tarefa_scan_automatico (trigger: interval[0:05:00], next run at: 2026-06-02 12:35:20 -03)" (scheduled at 2026-06-02 12:30:20.193815-03:00)
2026-06-02 12:30:20,249 - INFO - \U0001f552 Automação: Iniciando varredura agendada...
2026-06-02 12:30:51,922 - INFO - \u2705 Automação: Varredura concluída com sucesso.
2026-06-02 12:30:51,922 - INFO - Job "tarefa_scan_automatico (trigger: interval[0:05:00], next run at: 2026-06-02 12:35:20 -03)" executed successfully
2026-06-02 12:35:20,208 - INFO - Running job "tarefa_scan_automatico (trigger: interval[0:05:00], next run at: 2026-06-02 12:40:20 -03)" (scheduled at 2026-06-02 12:35:20.193815-03:00)
2026-06-02 12:35:20,210 - INFO - \U0001f552 Automação: Iniciando varredura agendada...
2026-06-02 12:35:51,733 - INFO - \u2705 Automação: Varredura concluída com sucesso.
2026-06-02 12:35:51,734 - INFO - Job "tarefa_scan_automatico (trigger: interval[0:05:00], next run at: 2026-06-02 12:40:20 -03)" executed successfully
2026-06-02 12:40:20,207 - INFO - Running job "tarefa_scan_automatico (trigger: interval[0:05:00], next run at: 2026-06-02 12:45:20 -03)" (scheduled at 2026-06-02 12:40:20.193815-03:00)
2026-06-02 12:40:20,214 - INFO - \U0001f552 Automação: Iniciando varredura agendada...
2026-06-02 12:40:51,552 - INFO - \u2705 Automação: Varredura concluída com sucesso.
2026-06-02 12:40:51,552 - INFO - Job "tarefa_scan_automatico (trigger: interval[0:05:00], next run at: 2026-06-02 12:45:20 -03)" executed successfully
2026-06-02 12:44:07,372 - INFO - \U0001f4be Salvo: 60:C7:27:37:F3:86 como 'GC-CWB-22'
2026-06-02 12:44:35,278 - INFO - \U0001f4be Salvo: 60:C7:27:37:F3:86 como 'GC-CWB-22'
2026-06-02 12:44:46,634 - INFO - \U0001f4be Salvo: 60:C7:27:33:62:D4 como 'GC-CWB-02'
2026-06-02 12:45:15,201 - INFO - \U0001f4be Salvo: AC:F4:66:8E:07:06 como 'GC-CWB-37'
2026-06-02 12:45:20,201 - INFO - Running job "tarefa_scan_automatico (trigger: interval[0:05:00], next run at: 2026-06-02 12:50:20 -03)" (scheduled at 2026-06-02 12:45:20.193815-03:00)
2026-06-02 12:45:20,205 - INFO - \U0001f552 Automação: Iniciando varredura agendada...
2026-06-02 12:45:51,900 - INFO - \u2705 Automação: Varredura concluída com sucesso.
2026-06-02 12:45:51,902 - INFO - Job "tarefa_scan_automatico (trigger: interval[0:05:00], next run at: 2026-06-02 12:50:20 -03)" executed successfully
2026-06-02 12:50:20,214 - INFO - Running job "tarefa_scan_automatico (trigger: interval[0:05:00], next run at: 2026-06-02 12:55:20 -03)" (scheduled at 2026-06-02 12:50:20.193815-03:00)
2026-06-02 12:50:20,218 - INFO - \U0001f552 Automação: Iniciando varredura agendada...
2026-06-02 12:50:51,551 - INFO - \u2705 Automação: Varredura concluída com sucesso.
2026-06-02 12:50:51,552 - INFO - Job "tarefa_scan_automatico (trigger: interval[0:05:00], next run at: 2026-06-02 12:55:20 -03)" executed successfully
2026-06-02 12:54:09,302 - INFO - Scheduler has been shut down
2026-06-02 12:54:09,306 - INFO - \U0001f6d1 Servidor e Agendador desligados.
2026-06-02 12:54:17,570 - INFO - Adding job tentatively -- it will be properly scheduled when the scheduler starts
2026-06-02 12:54:17,571 - INFO - Added job "tarefa_scan_automatico" to job store "default"
2026-06-02 12:54:17,571 - INFO - Scheduler started
2026-06-02 12:54:17,574 - INFO - \U0001f680 Servidor e Agendador (5min) iniciados.
2026-06-02 12:59:17,635 - INFO - Running job "tarefa_scan_automatico (trigger: interval[0:05:00], next run at: 2026-06-02 13:04:17 -03)" (scheduled at 2026-06-02 12:59:17.569673-03:00)
2026-06-02 12:59:17,671 - INFO - \U0001f552 Automação: Iniciando varredura agendada...
2026-06-02 12:59:48,926 - INFO - \u2705 Automação: Varredura concluída com sucesso.
2026-06-02 12:59:48,928 - INFO - Job "tarefa_scan_automatico (trigger: interval[0:05:00], next run at: 2026-06-02 13:04:17 -03)" executed successfully
2026-06-02 13:04:17,605 - INFO - Running job "tarefa_scan_automatico (trigger: interval[0:05:00], next run at: 2026-06-02 13:09:17 -03)" (scheduled at 2026-06-02 13:04:17.569673-03:00)
2026-06-02 13:04:17,624 - INFO - \U0001f552 Automação: Iniciando varredura agendada...
2026-06-02 13:04:47,940 - INFO - \u2705 Automação: Varredura concluída com sucesso.
2026-06-02 13:04:47,942 - INFO - Job "tarefa_scan_automatico (trigger: interval[0:05:00], next run at: 2026-06-02 13:09:17 -03)" executed successfully
2026-06-02 13:09:17,634 - INFO - Running job "tarefa_scan_automatico (trigger: interval[0:05:00], next run at: 2026-06-02 13:14:17 -03)" (scheduled at 2026-06-02 13:09:17.569673-03:00)
2026-06-02 13:09:17,655 - INFO - \U0001f552 Automação: Iniciando varredura agendada...
2026-06-02 13:09:48,272 - INFO - \u2705 Automação: Varredura concluída com sucesso.
2026-06-02 13:09:48,273 - INFO - Job "tarefa_scan_automatico (trigger: interval[0:05:00], next run at: 2026-06-02 13:14:17 -03)" executed successfully
2026-06-02 13:14:17,594 - INFO - Running job "tarefa_scan_automatico (trigger: interval[0:05:00], next run at: 2026-06-02 13:19:17 -03)" (scheduled at 2026-06-02 13:14:17.569673-03:00)
2026-06-02 13:14:17,606 - INFO - \U0001f552 Automação: Iniciando varredura agendada...
2026-06-02 13:14:47,631 - INFO - \u2705 Automação: Varredura concluída com sucesso.
2026-06-02 13:14:47,631 - INFO - Job "tarefa_scan_automatico (trigger: interval[0:05:00], next run at: 2026-06-02 13:19:17 -03)" executed successfully
2026-06-02 13:19:17,576 - INFO - Running job "tarefa_scan_automatico (trigger: interval[0:05:00], next run at: 2026-06-02 13:24:17 -03)" (scheduled at 2026-06-02 13:19:17.569673-03:00)
2026-06-02 13:19:17,580 - INFO - \U0001f552 Automação: Iniciando varredura agendada...
2026-06-02 13:19:47,536 - INFO - \u2705 Automação: Varredura concluída com sucesso.
2026-06-02 13:19:47,536 - INFO - Job "tarefa_scan_automatico (trigger: interval[0:05:00], next run at: 2026-06-02 13:24:17 -03)" executed successfully
2026-06-02 13:24:17,587 - INFO - Running job "tarefa_scan_automatico (trigger: interval[0:05:00], next run at: 2026-06-02 13:29:17 -03)" (scheduled at 2026-06-02 13:24:17.569673-03:00)
2026-06-02 13:24:17,611 - INFO - \U0001f552 Automação: Iniciando varredura agendada...
2026-06-02 13:24:47,663 - INFO - \u2705 Automação: Varredura concluída com sucesso.
2026-06-02 13:24:47,663 - INFO - Job "tarefa_scan_automatico (trigger: interval[0:05:00], next run at: 2026-06-02 13:29:17 -03)" executed successfully
2026-06-02 13:29:17,577 - INFO - Running job "tarefa_scan_automatico (trigger: interval[0:05:00], next run at: 2026-06-02 13:34:17 -03)" (scheduled at 2026-06-02 13:29:17.569673-03:00)
2026-06-02 13:29:17,578 - INFO - \U0001f552 Automação: Iniciando varredura agendada...
2026-06-02 13:29:47,671 - INFO - \u2705 Automação: Varredura concluída com sucesso.
2026-06-02 13:29:47,672 - INFO - Job "tarefa_scan_automatico (trigger: interval[0:05:00], next run at: 2026-06-02 13:34:17 -03)" executed successfully
2026-06-02 13:34:17,579 - INFO - Running job "tarefa_scan_automatico (trigger: interval[0:05:00], next run at: 2026-06-02 13:39:17 -03)" (scheduled at 2026-06-02 13:34:17.569673-03:00)
2026-06-02 13:34:17,580 - INFO - \U0001f552 Automação: Iniciando varredura agendada...
2026-06-02 13:34:47,434 - INFO - \u2705 Automação: Varredura concluída com sucesso.
2026-06-02 13:34:47,435 - INFO - Job "tarefa_scan_automatico (trigger: interval[0:05:00], next run at: 2026-06-02 13:39:17 -03)" executed successfully
2026-06-02 13:39:17,578 - INFO - Running job "tarefa_scan_automatico (trigger: interval[0:05:00], next run at: 2026-06-02 13:44:17 -03)" (scheduled at 2026-06-02 13:39:17.569673-03:00)
2026-06-02 13:39:17,579 - INFO - \U0001f552 Automação: Iniciando varredura agendada...
2026-06-02 13:39:36,939 - INFO - \u2705 Automação: Varredura concluída com sucesso.
2026-06-02 13:39:36,940 - INFO - Job "tarefa_scan_automatico (trigger: interval[0:05:00], next run at: 2026-06-02 13:44:17 -03)" executed successfully
2026-06-02 13:44:17,578 - INFO - Running job "tarefa_scan_automatico (trigger: interval[0:05:00], next run at: 2026-06-02 13:49:17 -03)" (scheduled at 2026-06-02 13:44:17.569673-03:00)
2026-06-02 13:44:17,579 - INFO - \U0001f552 Automação: Iniciando varredura agendada...
2026-06-02 13:44:36,946 - INFO - \u2705 Automação: Varredura concluída com sucesso.
2026-06-02 13:44:36,946 - INFO - Job "tarefa_scan_automatico (trigger: interval[0:05:00], next run at: 2026-06-02 13:49:17 -03)" executed successfully
2026-06-02 13:49:17,584 - INFO - Running job "tarefa_scan_automatico (trigger: interval[0:05:00], next run at: 2026-06-02 13:54:17 -03)" (scheduled at 2026-06-02 13:49:17.569673-03:00)
2026-06-02 13:49:17,585 - INFO - \U0001f552 Automação: Iniciando varredura agendada...
2026-06-02 13:49:36,938 - INFO - \u2705 Automação: Varredura concluída com sucesso.
2026-06-02 13:49:36,938 - INFO - Job "tarefa_scan_automatico (trigger: interval[0:05:00], next run at: 2026-06-02 13:54:17 -03)" executed successfully
2026-06-02 13:54:17,577 - INFO - Running job "tarefa_scan_automatico (trigger: interval[0:05:00], next run at: 2026-06-02 13:59:17 -03)" (scheduled at 2026-06-02 13:54:17.569673-03:00)
2026-06-02 13:54:17,584 - INFO - \U0001f552 Automação: Iniciando varredura agendada...
2026-06-02 13:54:36,990 - INFO - \u2705 Automação: Varredura concluída com sucesso.
2026-06-02 13:54:36,990 - INFO - Job "tarefa_scan_automatico (trigger: interval[0:05:00], next run at: 2026-06-02 13:59:17 -03)" executed successfully
2026-06-02 13:59:17,589 - INFO - Running job "tarefa_scan_automatico (trigger: interval[0:05:00], next run at: 2026-06-02 14:04:17 -03)" (scheduled at 2026-06-02 13:59:17.569673-03:00)
2026-06-02 13:59:17,590 - INFO - \U0001f552 Automação: Iniciando varredura agendada...
2026-06-02 13:59:37,005 - INFO - \u2705 Automação: Varredura concluída com sucesso.
2026-06-02 13:59:37,005 - INFO - Job "tarefa_scan_automatico (trigger: interval[0:05:00], next run at: 2026-06-02 14:04:17 -03)" executed successfully
2026-06-02 14:04:17,577 - INFO - Running job "tarefa_scan_automatico (trigger: interval[0:05:00], next run at: 2026-06-02 14:09:17 -03)" (scheduled at 2026-06-02 14:04:17.569673-03:00)
2026-06-02 14:04:17,577 - INFO - \U0001f552 Automação: Iniciando varredura agendada...
2026-06-02 14:04:37,047 - INFO - \u2705 Automação: Varredura concluída com sucesso.
2026-06-02 14:04:37,048 - INFO - Job "tarefa_scan_automatico (trigger: interval[0:05:00], next run at: 2026-06-02 14:09:17 -03)" executed successfully
2026-06-02 14:09:17,580 - INFO - Running job "tarefa_scan_automatico (trigger: interval[0:05:00], next run at: 2026-06-02 14:14:17 -03)" (scheduled at 2026-06-02 14:09:17.569673-03:00)
2026-06-02 14:09:17,581 - INFO - \U0001f552 Automação: Iniciando varredura agendada...
2026-06-02 14:09:36,973 - INFO - \u2705 Automação: Varredura concluída com sucesso.
2026-06-02 14:09:36,974 - INFO - Job "tarefa_scan_automatico (trigger: interval[0:05:00], next run at: 2026-06-02 14:14:17 -03)" executed successfully
2026-06-02 14:14:17,605 - INFO - Running job "tarefa_scan_automatico (trigger: interval[0:05:00], next run at: 2026-06-02 14:19:17 -03)" (scheduled at 2026-06-02 14:14:17.569673-03:00)
2026-06-02 14:14:17,618 - INFO - \U0001f552 Automação: Iniciando varredura agendada...
2026-06-02 14:14:37,195 - INFO - \u2705 Automação: Varredura concluída com sucesso.
2026-06-02 14:14:37,196 - INFO - Job "tarefa_scan_automatico (trigger: interval[0:05:00], next run at: 2026-06-02 14:19:17 -03)" executed successfully
2026-06-02 14:19:17,587 - INFO - Running job "tarefa_scan_automatico (trigger: interval[0:05:00], next run at: 2026-06-02 14:24:17 -03)" (scheduled at 2026-06-02 14:19:17.569673-03:00)
2026-06-02 14:19:17,591 - INFO - \U0001f552 Automação: Iniciando varredura agendada...
2026-06-02 14:19:37,263 - INFO - \u2705 Automação: Varredura concluída com sucesso.
2026-06-02 14:19:37,265 - INFO - Job "tarefa_scan_automatico (trigger: interval[0:05:00], next run at: 2026-06-02 14:24:17 -03)" executed successfully
2026-06-02 14:24:17,578 - INFO - Running job "tarefa_scan_automatico (trigger: interval[0:05:00], next run at: 2026-06-02 14:29:17 -03)" (scheduled at 2026-06-02 14:24:17.569673-03:00)
2026-06-02 14:24:17,579 - INFO - \U0001f552 Automação: Iniciando varredura agendada...
2026-06-02 14:24:37,041 - INFO - \u2705 Automação: Varredura concluída com sucesso.
2026-06-02 14:24:37,041 - INFO - Job "tarefa_scan_automatico (trigger: interval[0:05:00], next run at: 2026-06-02 14:29:17 -03)" executed successfully
2026-06-02 14:29:17,578 - INFO - Running job "tarefa_scan_automatico (trigger: interval[0:05:00], next run at: 2026-06-02 14:34:17 -03)" (scheduled at 2026-06-02 14:29:17.569673-03:00)
2026-06-02 14:29:17,584 - INFO - \U0001f552 Automação: Iniciando varredura agendada...
2026-06-02 14:29:39,468 - INFO - \u2705 Automação: Varredura concluída com sucesso.
2026-06-02 14:29:39,469 - INFO - Job "tarefa_scan_automatico (trigger: interval[0:05:00], next run at: 2026-06-02 14:34:17 -03)" executed successfully
2026-06-02 14:34:17,586 - INFO - Running job "tarefa_scan_automatico (trigger: interval[0:05:00], next run at: 2026-06-02 14:39:17 -03)" (scheduled at 2026-06-02 14:34:17.569673-03:00)
2026-06-02 14:34:17,588 - INFO - \U0001f552 Automação: Iniciando varredura agendada...
2026-06-02 14:34:37,194 - INFO - \u2705 Automação: Varredura concluída com sucesso.
2026-06-02 14:34:37,194 - INFO - Job "tarefa_scan_automatico (trigger: interval[0:05:00], next run at: 2026-06-02 14:39:17 -03)" executed successfully
2026-06-02 14:39:17,572 - INFO - Running job "tarefa_scan_automatico (trigger: interval[0:05:00], next run at: 2026-06-02 14:44:17 -03)" (scheduled at 2026-06-02 14:39:17.569673-03:00)
2026-06-02 14:39:17,573 - INFO - \U0001f552 Automação: Iniciando varredura agendada...
2026-06-02 14:39:37,111 - INFO - \u2705 Automação: Varredura concluída com sucesso.
2026-06-02 14:39:37,112 - INFO - Job "tarefa_scan_automatico (trigger: interval[0:05:00], next run at: 2026-06-02 14:44:17 -03)" executed successfully
2026-06-02 14:44:17,618 - INFO - Running job "tarefa_scan_automatico (trigger: interval[0:05:00], next run at: 2026-06-02 14:49:17 -03)" (scheduled at 2026-06-02 14:44:17.569673-03:00)
2026-06-02 14:44:17,639 - INFO - \U0001f552 Automação: Iniciando varredura agendada...
2026-06-02 14:44:51,173 - INFO - \u2705 Automação: Varredura concluída com sucesso.
2026-06-02 14:44:51,175 - INFO - Job "tarefa_scan_automatico (trigger: interval[0:05:00], next run at: 2026-06-02 14:49:17 -03)" executed successfully
2026-06-02 14:48:27,956 - INFO - Scheduler has been shut down
2026-06-02 14:48:27,964 - INFO - \U0001f6d1 Servidor e Agendador desligados.
2026-06-02 14:48:32,428 - INFO - Adding job tentatively -- it will be properly scheduled when the scheduler starts
2026-06-02 14:48:32,428 - INFO - Added job "tarefa_scan_automatico" to job store "default"
2026-06-02 14:48:32,429 - INFO - Scheduler started
2026-06-02 14:48:32,429 - INFO - \U0001f680 Servidor e Agendador (5min) iniciados.
2026-06-02 14:53:09,733 - INFO - Scheduler has been shut down
2026-06-02 14:53:09,734 - INFO - \U0001f6d1 Servidor e Agendador desligados.
